Analysis & Synthesis report for thesis_v1
Sun Apr 19 15:48:16 2026
Quartus Prime Version 20.1.1 Build 720 11/11/2020 SJ Lite Edition


---------------------
; Table of Contents ;
---------------------
  1. Legal Notice
  2. Analysis & Synthesis Summary
  3. Analysis & Synthesis Settings
  4. Parallel Compilation
  5. Analysis & Synthesis Source Files Read
  6. Analysis & Synthesis Resource Usage Summary
  7. Analysis & Synthesis Resource Utilization by Entity
  8. Analysis & Synthesis RAM Summary
  9. Analysis & Synthesis DSP Block Usage Summary
 10. State Machine - |wrapper|soc_top:u_soc_top|ipu_core:u_ipu_core|ipu_control_logic:u_ipu_control_logic|state_prev
 11. State Machine - |wrapper|soc_top:u_soc_top|ipu_core:u_ipu_core|ipu_control_logic:u_ipu_control_logic|state_c
 12. State Machine - |wrapper|soc_top:u_soc_top|single_cycle:u_single_cycle|cpu_state
 13. Registers Removed During Synthesis
 14. Removed Registers Triggering Further Register Optimizations
 15. General Register Statistics
 16. Inverted Register Statistics
 17. Registers Packed Into Inferred Megafunctions
 18. Multiplexer Restructuring Statistics (Restructuring Performed)
 19. Source assignments for soc_top:u_soc_top|img_tmp_bram:u_img_tmp_bram|altsyncram:mem_rtl_0|altsyncram_q3t1:auto_generated
 20. Source assignments for soc_top:u_soc_top|img_out_bram:u_img_out_bram|altsyncram:mem_rtl_0|altsyncram_5252:auto_generated
 21. Source assignments for soc_top:u_soc_top|img_in_bram:u_img_in_bram|altsyncram:mem_rtl_0|altsyncram_6h32:auto_generated
 22. Source assignments for soc_top:u_soc_top|ipu_core:u_ipu_core|haze_removal_top:u_haze_removal_top|haze_removal_core:u_core|adc_estimation:u_adc_estimation|adc_line_buffer_5x5:u_line_buf_mc|altsyncram:line_buf_0_rtl_0|altsyncram_1ur1:auto_generated
 23. Source assignments for soc_top:u_soc_top|ipu_core:u_ipu_core|haze_removal_top:u_haze_removal_top|haze_removal_core:u_core|adc_estimation:u_adc_estimation|adc_line_buffer_5x5:u_line_buf_mc|altsyncram:line_buf_1_rtl_0|altsyncram_2ur1:auto_generated
 24. Source assignments for soc_top:u_soc_top|ipu_core:u_ipu_core|haze_removal_top:u_haze_removal_top|haze_removal_core:u_core|adc_estimation:u_adc_estimation|adc_line_buffer_5x5:u_line_buf_mc|altsyncram:line_buf_2_rtl_0|altsyncram_3ur1:auto_generated
 25. Source assignments for soc_top:u_soc_top|ipu_core:u_ipu_core|haze_removal_top:u_haze_removal_top|haze_removal_core:u_core|adc_estimation:u_adc_estimation|adc_line_buffer_5x5:u_line_buf_mc|altsyncram:line_buf_3_rtl_0|altsyncram_4ur1:auto_generated
 26. Source assignments for soc_top:u_soc_top|ipu_core:u_ipu_core|haze_removal_top:u_haze_removal_top|haze_removal_core:u_core|adc_estimation:u_adc_estimation|adc_line_buffer_5x5:u_line_buf_gray|altsyncram:line_buf_0_rtl_0|altsyncram_1ur1:auto_generated
 27. Source assignments for soc_top:u_soc_top|ipu_core:u_ipu_core|haze_removal_top:u_haze_removal_top|haze_removal_core:u_core|adc_estimation:u_adc_estimation|adc_line_buffer_5x5:u_line_buf_gray|altsyncram:line_buf_1_rtl_0|altsyncram_2ur1:auto_generated
 28. Source assignments for soc_top:u_soc_top|ipu_core:u_ipu_core|haze_removal_top:u_haze_removal_top|haze_removal_core:u_core|adc_estimation:u_adc_estimation|adc_line_buffer_5x5:u_line_buf_gray|altsyncram:line_buf_2_rtl_0|altsyncram_3ur1:auto_generated
 29. Source assignments for soc_top:u_soc_top|ipu_core:u_ipu_core|haze_removal_top:u_haze_removal_top|haze_removal_core:u_core|adc_estimation:u_adc_estimation|adc_line_buffer_5x5:u_line_buf_gray|altsyncram:line_buf_3_rtl_0|altsyncram_4ur1:auto_generated
 30. Source assignments for soc_top:u_soc_top|ipu_core:u_ipu_core|haze_removal_top:u_haze_removal_top|haze_removal_core:u_core|atm_light_coarse_tx:u_atm_light_coarse_tx|bank_pingpong_stream:u_bank_tx|bank_bram:u_bank2|altsyncram:mem_rtl_0|altsyncram_s512:auto_generated
 31. Source assignments for soc_top:u_soc_top|ipu_core:u_ipu_core|haze_removal_top:u_haze_removal_top|haze_removal_core:u_core|atm_light_coarse_tx:u_atm_light_coarse_tx|bank_pingpong_stream:u_bank_tx|bank_bram:u_bank1|altsyncram:mem_rtl_0|altsyncram_s512:auto_generated
 32. Source assignments for soc_top:u_soc_top|ipu_core:u_ipu_core|haze_removal_top:u_haze_removal_top|haze_removal_core:u_core|bank_bram:u_tx_frame_map|altsyncram:mem_rtl_0|altsyncram_s512:auto_generated
 33. Source assignments for soc_top:u_soc_top|ipu_core:u_ipu_core|haze_removal_top:u_haze_removal_top|haze_removal_core:u_core|bank_bram:u_adc_frame_map|altsyncram:mem_rtl_0|altsyncram_s512:auto_generated
 34. Source assignments for soc_top:u_soc_top|single_cycle:u_single_cycle|lsu:lsu|memory:mem|altsyncram:mem_b0_rtl_0|altsyncram_tt22:auto_generated
 35. Source assignments for soc_top:u_soc_top|single_cycle:u_single_cycle|lsu:lsu|memory:mem|altsyncram:mem_b1_rtl_0|altsyncram_ut22:auto_generated
 36. Source assignments for soc_top:u_soc_top|single_cycle:u_single_cycle|lsu:lsu|memory:mem|altsyncram:mem_b2_rtl_0|altsyncram_vt22:auto_generated
 37. Source assignments for soc_top:u_soc_top|single_cycle:u_single_cycle|lsu:lsu|memory:mem|altsyncram:mem_b3_rtl_0|altsyncram_ej22:auto_generated
 38. Source assignments for soc_top:u_soc_top|single_cycle:u_single_cycle|instr_mem:instr_mem_inst|altsyncram:IMem_rtl_0|altsyncram_8if1:auto_generated
 39. Parameter Settings for User Entity Instance: soc_top:u_soc_top|single_cycle:u_single_cycle|instr_mem:instr_mem_inst
 40. Parameter Settings for User Entity Instance: soc_top:u_soc_top|single_cycle:u_single_cycle|lsu:lsu
 41. Parameter Settings for User Entity Instance: soc_top:u_soc_top|single_cycle:u_single_cycle|lsu:lsu|memory:mem
 42. Parameter Settings for User Entity Instance: soc_top:u_soc_top|ipu_core:u_ipu_core|ipu_control_logic:u_ipu_control_logic
 43. Parameter Settings for User Entity Instance: soc_top:u_soc_top|ipu_core:u_ipu_core|haze_removal_top:u_haze_removal_top
 44. Parameter Settings for User Entity Instance: soc_top:u_soc_top|ipu_core:u_ipu_core|haze_removal_top:u_haze_removal_top|haze_removal_core:u_core
 45. Parameter Settings for User Entity Instance: soc_top:u_soc_top|ipu_core:u_ipu_core|haze_removal_top:u_haze_removal_top|haze_removal_core:u_core|bank_bram:u_adc_frame_map
 46. Parameter Settings for User Entity Instance: soc_top:u_soc_top|ipu_core:u_ipu_core|haze_removal_top:u_haze_removal_top|haze_removal_core:u_core|bank_bram:u_tx_frame_map
 47. Parameter Settings for User Entity Instance: soc_top:u_soc_top|ipu_core:u_ipu_core|haze_removal_top:u_haze_removal_top|haze_removal_core:u_core|atm_light_coarse_tx:u_atm_light_coarse_tx
 48. Parameter Settings for User Entity Instance: soc_top:u_soc_top|ipu_core:u_ipu_core|haze_removal_top:u_haze_removal_top|haze_removal_core:u_core|atm_light_coarse_tx:u_atm_light_coarse_tx|dark_channel:u_dark_channel
 49. Parameter Settings for User Entity Instance: soc_top:u_soc_top|ipu_core:u_ipu_core|haze_removal_top:u_haze_removal_top|haze_removal_core:u_core|atm_light_coarse_tx:u_atm_light_coarse_tx|estimate_transmission:u_est_tx
 50. Parameter Settings for User Entity Instance: soc_top:u_soc_top|ipu_core:u_ipu_core|haze_removal_top:u_haze_removal_top|haze_removal_core:u_core|atm_light_coarse_tx:u_atm_light_coarse_tx|estimate_transmission:u_est_tx|omega_clamp_t:u_omega_clamp
 51. Parameter Settings for User Entity Instance: soc_top:u_soc_top|ipu_core:u_ipu_core|haze_removal_top:u_haze_removal_top|haze_removal_core:u_core|atm_light_coarse_tx:u_atm_light_coarse_tx|bank_pingpong_stream:u_bank_tx
 52. Parameter Settings for User Entity Instance: soc_top:u_soc_top|ipu_core:u_ipu_core|haze_removal_top:u_haze_removal_top|haze_removal_core:u_core|atm_light_coarse_tx:u_atm_light_coarse_tx|bank_pingpong_stream:u_bank_tx|frame_linear_counter:u_wr_counter
 53. Parameter Settings for User Entity Instance: soc_top:u_soc_top|ipu_core:u_ipu_core|haze_removal_top:u_haze_removal_top|haze_removal_core:u_core|atm_light_coarse_tx:u_atm_light_coarse_tx|bank_pingpong_stream:u_bank_tx|frame_linear_counter:u_rd_counter
 54. Parameter Settings for User Entity Instance: soc_top:u_soc_top|ipu_core:u_ipu_core|haze_removal_top:u_haze_removal_top|haze_removal_core:u_core|atm_light_coarse_tx:u_atm_light_coarse_tx|bank_pingpong_stream:u_bank_tx|bank_bram:u_bank1
 55. Parameter Settings for User Entity Instance: soc_top:u_soc_top|ipu_core:u_ipu_core|haze_removal_top:u_haze_removal_top|haze_removal_core:u_core|atm_light_coarse_tx:u_atm_light_coarse_tx|bank_pingpong_stream:u_bank_tx|bank_bram:u_bank2
 56. Parameter Settings for User Entity Instance: soc_top:u_soc_top|ipu_core:u_ipu_core|haze_removal_top:u_haze_removal_top|haze_removal_core:u_core|adc_estimation:u_adc_estimation
 57. Parameter Settings for User Entity Instance: soc_top:u_soc_top|ipu_core:u_ipu_core|haze_removal_top:u_haze_removal_top|haze_removal_core:u_core|adc_estimation:u_adc_estimation|adc_line_buffer_5x5:u_line_buf_gray
 58. Parameter Settings for User Entity Instance: soc_top:u_soc_top|ipu_core:u_ipu_core|haze_removal_top:u_haze_removal_top|haze_removal_core:u_core|adc_estimation:u_adc_estimation|adc_line_buffer_5x5:u_line_buf_mc
 59. Parameter Settings for User Entity Instance: soc_top:u_soc_top|ipu_core:u_ipu_core|haze_removal_top:u_haze_removal_top|haze_removal_core:u_core|adc_estimation:u_adc_estimation|adc_path_length:u_path_len
 60. Parameter Settings for User Entity Instance: soc_top:u_soc_top|ipu_core:u_ipu_core|haze_removal_top:u_haze_removal_top|haze_removal_core:u_core|t_compute_fuse:u_t_compute_fuse
 61. Parameter Settings for User Entity Instance: soc_top:u_soc_top|ipu_core:u_ipu_core|haze_removal_top:u_haze_removal_top|haze_removal_core:u_core|t_compute_fuse:u_t_compute_fuse|t_computing:u_t_computing
 62. Parameter Settings for User Entity Instance: soc_top:u_soc_top|ipu_core:u_ipu_core|haze_removal_top:u_haze_removal_top|haze_removal_core:u_core|t_compute_fuse:u_t_compute_fuse|fusing:u_fusing
 63. Parameter Settings for User Entity Instance: soc_top:u_soc_top|ipu_core:u_ipu_core|haze_removal_top:u_haze_removal_top|haze_removal_core:u_core|fusing:u_fusing_direct
 64. Parameter Settings for User Entity Instance: soc_top:u_soc_top|img_in_bram:u_img_in_bram
 65. Parameter Settings for User Entity Instance: soc_top:u_soc_top|img_out_bram:u_img_out_bram
 66. Parameter Settings for User Entity Instance: soc_top:u_soc_top|img_tmp_bram:u_img_tmp_bram
 67. Parameter Settings for User Entity Instance: vga_controller:u_vga_controller
 68. Parameter Settings for User Entity Instance: vga_controller:u_vga_controller|vga_pll:pll_u|altpll:altpll_component
 69. Parameter Settings for Inferred Entity Instance: soc_top:u_soc_top|img_tmp_bram:u_img_tmp_bram|altsyncram:mem_rtl_0
 70. Parameter Settings for Inferred Entity Instance: soc_top:u_soc_top|img_out_bram:u_img_out_bram|altsyncram:mem_rtl_0
 71. Parameter Settings for Inferred Entity Instance: soc_top:u_soc_top|img_in_bram:u_img_in_bram|altsyncram:mem_rtl_0
 72. Parameter Settings for Inferred Entity Instance: soc_top:u_soc_top|ipu_core:u_ipu_core|haze_removal_top:u_haze_removal_top|haze_removal_core:u_core|adc_estimation:u_adc_estimation|adc_line_buffer_5x5:u_line_buf_mc|altsyncram:line_buf_0_rtl_0
 73. Parameter Settings for Inferred Entity Instance: soc_top:u_soc_top|ipu_core:u_ipu_core|haze_removal_top:u_haze_removal_top|haze_removal_core:u_core|adc_estimation:u_adc_estimation|adc_line_buffer_5x5:u_line_buf_mc|altsyncram:line_buf_1_rtl_0
 74. Parameter Settings for Inferred Entity Instance: soc_top:u_soc_top|ipu_core:u_ipu_core|haze_removal_top:u_haze_removal_top|haze_removal_core:u_core|adc_estimation:u_adc_estimation|adc_line_buffer_5x5:u_line_buf_mc|altsyncram:line_buf_2_rtl_0
 75. Parameter Settings for Inferred Entity Instance: soc_top:u_soc_top|ipu_core:u_ipu_core|haze_removal_top:u_haze_removal_top|haze_removal_core:u_core|adc_estimation:u_adc_estimation|adc_line_buffer_5x5:u_line_buf_mc|altsyncram:line_buf_3_rtl_0
 76. Parameter Settings for Inferred Entity Instance: soc_top:u_soc_top|ipu_core:u_ipu_core|haze_removal_top:u_haze_removal_top|haze_removal_core:u_core|adc_estimation:u_adc_estimation|adc_line_buffer_5x5:u_line_buf_gray|altsyncram:line_buf_0_rtl_0
 77. Parameter Settings for Inferred Entity Instance: soc_top:u_soc_top|ipu_core:u_ipu_core|haze_removal_top:u_haze_removal_top|haze_removal_core:u_core|adc_estimation:u_adc_estimation|adc_line_buffer_5x5:u_line_buf_gray|altsyncram:line_buf_1_rtl_0
 78. Parameter Settings for Inferred Entity Instance: soc_top:u_soc_top|ipu_core:u_ipu_core|haze_removal_top:u_haze_removal_top|haze_removal_core:u_core|adc_estimation:u_adc_estimation|adc_line_buffer_5x5:u_line_buf_gray|altsyncram:line_buf_2_rtl_0
 79. Parameter Settings for Inferred Entity Instance: soc_top:u_soc_top|ipu_core:u_ipu_core|haze_removal_top:u_haze_removal_top|haze_removal_core:u_core|adc_estimation:u_adc_estimation|adc_line_buffer_5x5:u_line_buf_gray|altsyncram:line_buf_3_rtl_0
 80. Parameter Settings for Inferred Entity Instance: soc_top:u_soc_top|ipu_core:u_ipu_core|haze_removal_top:u_haze_removal_top|haze_removal_core:u_core|atm_light_coarse_tx:u_atm_light_coarse_tx|bank_pingpong_stream:u_bank_tx|bank_bram:u_bank2|altsyncram:mem_rtl_0
 81. Parameter Settings for Inferred Entity Instance: soc_top:u_soc_top|ipu_core:u_ipu_core|haze_removal_top:u_haze_removal_top|haze_removal_core:u_core|atm_light_coarse_tx:u_atm_light_coarse_tx|bank_pingpong_stream:u_bank_tx|bank_bram:u_bank1|altsyncram:mem_rtl_0
 82. Parameter Settings for Inferred Entity Instance: soc_top:u_soc_top|ipu_core:u_ipu_core|haze_removal_top:u_haze_removal_top|haze_removal_core:u_core|bank_bram:u_tx_frame_map|altsyncram:mem_rtl_0
 83. Parameter Settings for Inferred Entity Instance: soc_top:u_soc_top|ipu_core:u_ipu_core|haze_removal_top:u_haze_removal_top|haze_removal_core:u_core|bank_bram:u_adc_frame_map|altsyncram:mem_rtl_0
 84. Parameter Settings for Inferred Entity Instance: soc_top:u_soc_top|single_cycle:u_single_cycle|lsu:lsu|memory:mem|altsyncram:mem_b0_rtl_0
 85. Parameter Settings for Inferred Entity Instance: soc_top:u_soc_top|single_cycle:u_single_cycle|lsu:lsu|memory:mem|altsyncram:mem_b1_rtl_0
 86. Parameter Settings for Inferred Entity Instance: soc_top:u_soc_top|single_cycle:u_single_cycle|lsu:lsu|memory:mem|altsyncram:mem_b2_rtl_0
 87. Parameter Settings for Inferred Entity Instance: soc_top:u_soc_top|single_cycle:u_single_cycle|lsu:lsu|memory:mem|altsyncram:mem_b3_rtl_0
 88. Parameter Settings for Inferred Entity Instance: soc_top:u_soc_top|single_cycle:u_single_cycle|instr_mem:instr_mem_inst|altsyncram:IMem_rtl_0
 89. altpll Parameter Settings by Entity Instance
 90. altsyncram Parameter Settings by Entity Instance
 91. Port Connectivity Checks: "vga_controller:u_vga_controller|vga_pll:pll_u"
 92. Port Connectivity Checks: "soc_top:u_soc_top|ipu_core:u_ipu_core|haze_removal_top:u_haze_removal_top|haze_removal_core:u_core|t_compute_fuse:u_t_compute_fuse|t_computing:u_t_computing|recip_lut_q16:u_recip_A"
 93. Port Connectivity Checks: "soc_top:u_soc_top|ipu_core:u_ipu_core|haze_removal_top:u_haze_removal_top|haze_removal_core:u_core|t_compute_fuse:u_t_compute_fuse|t_computing:u_t_computing"
 94. Port Connectivity Checks: "soc_top:u_soc_top|ipu_core:u_ipu_core|haze_removal_top:u_haze_removal_top|haze_removal_core:u_core|t_compute_fuse:u_t_compute_fuse"
 95. Port Connectivity Checks: "soc_top:u_soc_top|ipu_core:u_ipu_core|haze_removal_top:u_haze_removal_top|haze_removal_core:u_core|adc_estimation:u_adc_estimation"
 96. Port Connectivity Checks: "soc_top:u_soc_top|ipu_core:u_ipu_core|haze_removal_top:u_haze_removal_top|haze_removal_core:u_core|atm_light_coarse_tx:u_atm_light_coarse_tx|bank_pingpong_stream:u_bank_tx|frame_linear_counter:u_wr_counter"
 97. Port Connectivity Checks: "soc_top:u_soc_top|ipu_core:u_ipu_core|haze_removal_top:u_haze_removal_top|haze_removal_core:u_core|atm_light_coarse_tx:u_atm_light_coarse_tx|bank_pingpong_stream:u_bank_tx"
 98. Port Connectivity Checks: "soc_top:u_soc_top|ipu_core:u_ipu_core|haze_removal_top:u_haze_removal_top|haze_removal_core:u_core|atm_light_coarse_tx:u_atm_light_coarse_tx|sky_recognition:u_sky_recog"
 99. Port Connectivity Checks: "soc_top:u_soc_top|ipu_core:u_ipu_core|haze_removal_top:u_haze_removal_top|haze_removal_core:u_core|atm_light_coarse_tx:u_atm_light_coarse_tx|dark_channel:u_dark_channel"
100. Port Connectivity Checks: "soc_top:u_soc_top|ipu_core:u_ipu_core|haze_removal_top:u_haze_removal_top|haze_removal_core:u_core|atm_light_coarse_tx:u_atm_light_coarse_tx|grayscale:u_grayscale"
101. Port Connectivity Checks: "soc_top:u_soc_top|ipu_core:u_ipu_core|haze_removal_top:u_haze_removal_top|haze_removal_core:u_core|atm_light_coarse_tx:u_atm_light_coarse_tx"
102. Port Connectivity Checks: "soc_top:u_soc_top|ipu_core:u_ipu_core|ipu_bram_reader:u_ipu_bram_reader"
103. Port Connectivity Checks: "soc_top:u_soc_top|ipu_apb_wrapper:u_ipu_apb_wrapper"
104. Port Connectivity Checks: "soc_top:u_soc_top|peri_apb_wrapper:u_peri_apb_wrapper"
105. Port Connectivity Checks: "soc_top:u_soc_top|single_cycle:u_single_cycle|brc:brc|cla_32bit:subtractor"
106. Port Connectivity Checks: "soc_top:u_soc_top"
107. Post-Synthesis Netlist Statistics for Top Partition
108. Elapsed Time Per Partition
109. Analysis & Synthesis Messages



----------------
; Legal Notice ;
----------------
Copyright (C) 2020  Intel Corporation. All rights reserved.
Your use of Intel Corporation's design tools, logic functions 
and other software and tools, and any partner logic 
functions, and any output files from any of the foregoing 
(including device programming or simulation files), and any 
associated documentation or information are expressly subject 
to the terms and conditions of the Intel Program License 
Subscription Agreement, the Intel Quartus Prime License Agreement,
the Intel FPGA IP License Agreement, or other applicable license
agreement, including, without limitation, that your use is for
the sole purpose of programming logic devices manufactured by
Intel and sold by Intel or its authorized distributors.  Please
refer to the applicable agreement for further details, at
https://fpgasoftware.intel.com/eula.



+-------------------------------------------------------------------------------+
; Analysis & Synthesis Summary                                                  ;
+---------------------------------+---------------------------------------------+
; Analysis & Synthesis Status     ; Successful - Sun Apr 19 15:48:16 2026       ;
; Quartus Prime Version           ; 20.1.1 Build 720 11/11/2020 SJ Lite Edition ;
; Revision Name                   ; thesis_v1                                   ;
; Top-level Entity Name           ; wrapper                                     ;
; Family                          ; Cyclone V                                   ;
; Logic utilization (in ALMs)     ; N/A                                         ;
; Total registers                 ; 10571                                       ;
; Total pins                      ; 180                                         ;
; Total virtual pins              ; 0                                           ;
; Total block memory bits         ; 2,300,416                                   ;
; Total DSP Blocks                ; 38                                          ;
; Total HSSI RX PCSs              ; 0                                           ;
; Total HSSI PMA RX Deserializers ; 0                                           ;
; Total HSSI TX PCSs              ; 0                                           ;
; Total HSSI PMA TX Serializers   ; 0                                           ;
; Total PLLs                      ; 1                                           ;
; Total DLLs                      ; 0                                           ;
+---------------------------------+---------------------------------------------+


+---------------------------------------------------------------------------------------------------------------------------+
; Analysis & Synthesis Settings                                                                                             ;
+---------------------------------------------------------------------------------+--------------------+--------------------+
; Option                                                                          ; Setting            ; Default Value      ;
+---------------------------------------------------------------------------------+--------------------+--------------------+
; Device                                                                          ; 5CSXFC6D6F31C6     ;                    ;
; Top-level entity name                                                           ; wrapper            ; thesis_v1          ;
; Family name                                                                     ; Cyclone V          ; Cyclone V          ;
; Maximum processors allowed for parallel compilation                             ; 4                  ;                    ;
; Optimization Technique                                                          ; Speed              ; Balanced           ;
; Perform WYSIWYG Primitive Resynthesis                                           ; On                 ; Off                ;
; Maximum Number of Registers Created from Uninferred RAMs                        ; 500000             ; -1 (Unlimited)     ;
; Use smart compilation                                                           ; Off                ; Off                ;
; Enable parallel Assembler and Timing Analyzer during compilation                ; On                 ; On                 ;
; Enable compact report table                                                     ; Off                ; Off                ;
; Restructure Multiplexers                                                        ; Auto               ; Auto               ;
; MLAB Add Timing Constraints For Mixed-Port Feed-Through Mode Setting Don't Care ; Off                ; Off                ;
; Create Debugging Nodes for IP Cores                                             ; Off                ; Off                ;
; Preserve fewer node names                                                       ; On                 ; On                 ;
; Intel FPGA IP Evaluation Mode                                                   ; Enable             ; Enable             ;
; Verilog Version                                                                 ; Verilog_2001       ; Verilog_2001       ;
; VHDL Version                                                                    ; VHDL_1993          ; VHDL_1993          ;
; State Machine Processing                                                        ; Auto               ; Auto               ;
; Safe State Machine                                                              ; Off                ; Off                ;
; Extract Verilog State Machines                                                  ; On                 ; On                 ;
; Extract VHDL State Machines                                                     ; On                 ; On                 ;
; Ignore Verilog initial constructs                                               ; Off                ; Off                ;
; Iteration limit for constant Verilog loops                                      ; 5000               ; 5000               ;
; Iteration limit for non-constant Verilog loops                                  ; 250                ; 250                ;
; Add Pass-Through Logic to Inferred RAMs                                         ; On                 ; On                 ;
; Infer RAMs from Raw Logic                                                       ; On                 ; On                 ;
; Parallel Synthesis                                                              ; On                 ; On                 ;
; DSP Block Balancing                                                             ; Auto               ; Auto               ;
; NOT Gate Push-Back                                                              ; On                 ; On                 ;
; Power-Up Don't Care                                                             ; On                 ; On                 ;
; Remove Redundant Logic Cells                                                    ; Off                ; Off                ;
; Remove Duplicate Registers                                                      ; On                 ; On                 ;
; Ignore CARRY Buffers                                                            ; Off                ; Off                ;
; Ignore CASCADE Buffers                                                          ; Off                ; Off                ;
; Ignore GLOBAL Buffers                                                           ; Off                ; Off                ;
; Ignore ROW GLOBAL Buffers                                                       ; Off                ; Off                ;
; Ignore LCELL Buffers                                                            ; Off                ; Off                ;
; Ignore SOFT Buffers                                                             ; On                 ; On                 ;
; Limit AHDL Integers to 32 Bits                                                  ; Off                ; Off                ;
; Carry Chain Length                                                              ; 70                 ; 70                 ;
; Auto Carry Chains                                                               ; On                 ; On                 ;
; Auto Open-Drain Pins                                                            ; On                 ; On                 ;
; Auto ROM Replacement                                                            ; On                 ; On                 ;
; Auto RAM Replacement                                                            ; On                 ; On                 ;
; Auto DSP Block Replacement                                                      ; On                 ; On                 ;
; Auto Shift Register Replacement                                                 ; Auto               ; Auto               ;
; Allow Shift Register Merging across Hierarchies                                 ; Auto               ; Auto               ;
; Auto Clock Enable Replacement                                                   ; On                 ; On                 ;
; Strict RAM Replacement                                                          ; Off                ; Off                ;
; Allow Synchronous Control Signals                                               ; On                 ; On                 ;
; Force Use of Synchronous Clear Signals                                          ; Off                ; Off                ;
; Auto Resource Sharing                                                           ; Off                ; Off                ;
; Allow Any RAM Size For Recognition                                              ; Off                ; Off                ;
; Allow Any ROM Size For Recognition                                              ; Off                ; Off                ;
; Allow Any Shift Register Size For Recognition                                   ; Off                ; Off                ;
; Use LogicLock Constraints during Resource Balancing                             ; On                 ; On                 ;
; Ignore translate_off and synthesis_off directives                               ; Off                ; Off                ;
; Timing-Driven Synthesis                                                         ; On                 ; On                 ;
; Report Parameter Settings                                                       ; On                 ; On                 ;
; Report Source Assignments                                                       ; On                 ; On                 ;
; Report Connectivity Checks                                                      ; On                 ; On                 ;
; Ignore Maximum Fan-Out Assignments                                              ; Off                ; Off                ;
; Synchronization Register Chain Length                                           ; 3                  ; 3                  ;
; Power Optimization During Synthesis                                             ; Normal compilation ; Normal compilation ;
; HDL message level                                                               ; Level2             ; Level2             ;
; Suppress Register Optimization Related Messages                                 ; Off                ; Off                ;
; Number of Removed Registers Reported in Synthesis Report                        ; 5000               ; 5000               ;
; Number of Swept Nodes Reported in Synthesis Report                              ; 5000               ; 5000               ;
; Number of Inverted Registers Reported in Synthesis Report                       ; 100                ; 100                ;
; Clock MUX Protection                                                            ; On                 ; On                 ;
; Auto Gated Clock Conversion                                                     ; Off                ; Off                ;
; Block Design Naming                                                             ; Auto               ; Auto               ;
; SDC constraint protection                                                       ; Off                ; Off                ;
; Synthesis Effort                                                                ; Auto               ; Auto               ;
; Shift Register Replacement - Allow Asynchronous Clear Signal                    ; On                 ; On                 ;
; Pre-Mapping Resynthesis Optimization                                            ; Off                ; Off                ;
; Analysis & Synthesis Message Level                                              ; Medium             ; Medium             ;
; Disable Register Merging Across Hierarchies                                     ; Auto               ; Auto               ;
; Resource Aware Inference For Block RAM                                          ; On                 ; On                 ;
; Automatic Parallel Synthesis                                                    ; On                 ; On                 ;
; Partial Reconfiguration Bitstream ID                                            ; Off                ; Off                ;
+---------------------------------------------------------------------------------+--------------------+--------------------+


+------------------------------------------+
; Parallel Compilation                     ;
+----------------------------+-------------+
; Processors                 ; Number      ;
+----------------------------+-------------+
; Number detected on machine ; 8           ;
; Maximum allowed            ; 4           ;
;                            ;             ;
; Average used               ; 1.00        ;
; Maximum used               ; 4           ;
;                            ;             ;
; Usage by Processor         ; % Time Used ;
;     Processor 1            ; 100.0%      ;
;     Processor 2            ;   0.1%      ;
;     Processor 3            ;   0.1%      ;
;     Processor 4            ;   0.1%      ;
+----------------------------+-------------+


+------------------------------------------------------------------------------------------------------------------------------------------------------------------------------------------------------------------------------------------------------------------------------------------------+
; Analysis & Synthesis Source Files Read                                                                                                                                                                                                                                                         ;
+--------------------------------------------------------+-----------------+-------------------------------------------------------+---------------------------------------------------------------------------------------------------------------------------------------------------+---------+
; File Name with User-Entered Path                       ; Used in Netlist ; File Type                                             ; File Name with Absolute Path                                                                                                                      ; Library ;
+--------------------------------------------------------+-----------------+-------------------------------------------------------+---------------------------------------------------------------------------------------------------------------------------------------------------+---------+
; ../../00_src/soc/soc_addr_map.vh                       ; yes             ; User Unspecified File                                 ; C:/Users/Ms Khanh/OneDrive - hcmut.edu.vn/Desktop/DATN/works_code_DA2/00_src/soc/soc_addr_map.vh                                                  ;         ;
; ../../00_src/soc/ipu_addr_map_soc.vh                   ; yes             ; User Unspecified File                                 ; C:/Users/Ms Khanh/OneDrive - hcmut.edu.vn/Desktop/DATN/works_code_DA2/00_src/soc/ipu_addr_map_soc.vh                                              ;         ;
; ../wrapper.sv                                          ; yes             ; User SystemVerilog HDL File                           ; C:/Users/Ms Khanh/OneDrive - hcmut.edu.vn/Desktop/DATN/works_code_DA2/06_FGPA_Imple/wrapper.sv                                                    ;         ;
; ../../00_src/soc/soc_top.sv                            ; yes             ; User SystemVerilog HDL File                           ; C:/Users/Ms Khanh/OneDrive - hcmut.edu.vn/Desktop/DATN/works_code_DA2/00_src/soc/soc_top.sv                                                       ;         ;
; ../../00_src/soc/peri_apb_wrapper.sv                   ; yes             ; User SystemVerilog HDL File                           ; C:/Users/Ms Khanh/OneDrive - hcmut.edu.vn/Desktop/DATN/works_code_DA2/00_src/soc/peri_apb_wrapper.sv                                              ;         ;
; ../../00_src/soc/ipu_apb_wrapper.sv                    ; yes             ; User SystemVerilog HDL File                           ; C:/Users/Ms Khanh/OneDrive - hcmut.edu.vn/Desktop/DATN/works_code_DA2/00_src/soc/ipu_apb_wrapper.sv                                               ;         ;
; ../../00_src/IPU/mem/ipu_bram_writer.v                 ; yes             ; User Verilog HDL File                                 ; C:/Users/Ms Khanh/OneDrive - hcmut.edu.vn/Desktop/DATN/works_code_DA2/00_src/IPU/mem/ipu_bram_writer.v                                            ;         ;
; ../../00_src/IPU/mem/ipu_bram_reader.v                 ; yes             ; User Verilog HDL File                                 ; C:/Users/Ms Khanh/OneDrive - hcmut.edu.vn/Desktop/DATN/works_code_DA2/00_src/IPU/mem/ipu_bram_reader.v                                            ;         ;
; ../../00_src/IPU/mem/img_out_bram.v                    ; yes             ; User Verilog HDL File                                 ; C:/Users/Ms Khanh/OneDrive - hcmut.edu.vn/Desktop/DATN/works_code_DA2/00_src/IPU/mem/img_out_bram.v                                               ;         ;
; ../../00_src/IPU/mem/img_tmp_bram.v                    ; yes             ; User Verilog HDL File                                 ; C:/Users/Ms Khanh/OneDrive - hcmut.edu.vn/Desktop/DATN/works_code_DA2/00_src/IPU/mem/img_tmp_bram.v                                               ;         ;
; ../../00_src/IPU/mem/img_in_bram.v                     ; yes             ; User Verilog HDL File                                 ; C:/Users/Ms Khanh/OneDrive - hcmut.edu.vn/Desktop/DATN/works_code_DA2/00_src/IPU/mem/img_in_bram.v                                                ;         ;
; ../../00_src/IPU/t_computing.sv                        ; yes             ; User SystemVerilog HDL File                           ; C:/Users/Ms Khanh/OneDrive - hcmut.edu.vn/Desktop/DATN/works_code_DA2/00_src/IPU/t_computing.sv                                                   ;         ;
; ../../00_src/IPU/recip_lut_q16.sv                      ; yes             ; User SystemVerilog HDL File                           ; C:/Users/Ms Khanh/OneDrive - hcmut.edu.vn/Desktop/DATN/works_code_DA2/00_src/IPU/recip_lut_q16.sv                                                 ;         ;
; ../../00_src/IPU/t_compute_fuse.sv                     ; yes             ; User SystemVerilog HDL File                           ; C:/Users/Ms Khanh/OneDrive - hcmut.edu.vn/Desktop/DATN/works_code_DA2/00_src/IPU/t_compute_fuse.sv                                                ;         ;
; ../../00_src/IPU/src_min.sv                            ; yes             ; User SystemVerilog HDL File                           ; C:/Users/Ms Khanh/OneDrive - hcmut.edu.vn/Desktop/DATN/works_code_DA2/00_src/IPU/src_min.sv                                                       ;         ;
; ../../00_src/IPU/sky_recognition.sv                    ; yes             ; User SystemVerilog HDL File                           ; C:/Users/Ms Khanh/OneDrive - hcmut.edu.vn/Desktop/DATN/works_code_DA2/00_src/IPU/sky_recognition.sv                                               ;         ;
; ../../00_src/IPU/omega_clamp_t.sv                      ; yes             ; User SystemVerilog HDL File                           ; C:/Users/Ms Khanh/OneDrive - hcmut.edu.vn/Desktop/DATN/works_code_DA2/00_src/IPU/omega_clamp_t.sv                                                 ;         ;
; ../../00_src/IPU/norm_channel_q16.sv                   ; yes             ; User SystemVerilog HDL File                           ; C:/Users/Ms Khanh/OneDrive - hcmut.edu.vn/Desktop/DATN/works_code_DA2/00_src/IPU/norm_channel_q16.sv                                              ;         ;
; ../../00_src/IPU/min3_u8.sv                            ; yes             ; User SystemVerilog HDL File                           ; C:/Users/Ms Khanh/OneDrive - hcmut.edu.vn/Desktop/DATN/works_code_DA2/00_src/IPU/min3_u8.sv                                                       ;         ;
; ../../00_src/IPU/ipu_core.sv                           ; yes             ; User SystemVerilog HDL File                           ; C:/Users/Ms Khanh/OneDrive - hcmut.edu.vn/Desktop/DATN/works_code_DA2/00_src/IPU/ipu_core.sv                                                      ;         ;
; ../../00_src/IPU/ipu_control_logic.sv                  ; yes             ; User SystemVerilog HDL File                           ; C:/Users/Ms Khanh/OneDrive - hcmut.edu.vn/Desktop/DATN/works_code_DA2/00_src/IPU/ipu_control_logic.sv                                             ;         ;
; ../../00_src/IPU/invA_lut_q16.sv                       ; yes             ; User SystemVerilog HDL File                           ; C:/Users/Ms Khanh/OneDrive - hcmut.edu.vn/Desktop/DATN/works_code_DA2/00_src/IPU/invA_lut_q16.sv                                                  ;         ;
; ../../00_src/IPU/haze_removal_top.sv                   ; yes             ; User SystemVerilog HDL File                           ; C:/Users/Ms Khanh/OneDrive - hcmut.edu.vn/Desktop/DATN/works_code_DA2/00_src/IPU/haze_removal_top.sv                                              ;         ;
; ../../00_src/IPU/haze_removal_core.sv                  ; yes             ; User SystemVerilog HDL File                           ; C:/Users/Ms Khanh/OneDrive - hcmut.edu.vn/Desktop/DATN/works_code_DA2/00_src/IPU/haze_removal_core.sv                                             ;         ;
; ../../00_src/IPU/grayscale.sv                          ; yes             ; User SystemVerilog HDL File                           ; C:/Users/Ms Khanh/OneDrive - hcmut.edu.vn/Desktop/DATN/works_code_DA2/00_src/IPU/grayscale.sv                                                     ;         ;
; ../../00_src/IPU/fusing.sv                             ; yes             ; User SystemVerilog HDL File                           ; C:/Users/Ms Khanh/OneDrive - hcmut.edu.vn/Desktop/DATN/works_code_DA2/00_src/IPU/fusing.sv                                                        ;         ;
; ../../00_src/IPU/frame_linear_counter.sv               ; yes             ; User SystemVerilog HDL File                           ; C:/Users/Ms Khanh/OneDrive - hcmut.edu.vn/Desktop/DATN/works_code_DA2/00_src/IPU/frame_linear_counter.sv                                          ;         ;
; ../../00_src/IPU/estimate_transmission.sv              ; yes             ; User SystemVerilog HDL File                           ; C:/Users/Ms Khanh/OneDrive - hcmut.edu.vn/Desktop/DATN/works_code_DA2/00_src/IPU/estimate_transmission.sv                                         ;         ;
; ../../00_src/IPU/dark_channel.sv                       ; yes             ; User SystemVerilog HDL File                           ; C:/Users/Ms Khanh/OneDrive - hcmut.edu.vn/Desktop/DATN/works_code_DA2/00_src/IPU/dark_channel.sv                                                  ;         ;
; ../../00_src/IPU/bank_pingpong_stream.sv               ; yes             ; User SystemVerilog HDL File                           ; C:/Users/Ms Khanh/OneDrive - hcmut.edu.vn/Desktop/DATN/works_code_DA2/00_src/IPU/bank_pingpong_stream.sv                                          ;         ;
; ../../00_src/IPU/bank_bram.sv                          ; yes             ; User SystemVerilog HDL File                           ; C:/Users/Ms Khanh/OneDrive - hcmut.edu.vn/Desktop/DATN/works_code_DA2/00_src/IPU/bank_bram.sv                                                     ;         ;
; ../../00_src/IPU/atmospheric_light.sv                  ; yes             ; User SystemVerilog HDL File                           ; C:/Users/Ms Khanh/OneDrive - hcmut.edu.vn/Desktop/DATN/works_code_DA2/00_src/IPU/atmospheric_light.sv                                             ;         ;
; ../../00_src/IPU/atm_light_coarse_tx.sv                ; yes             ; User SystemVerilog HDL File                           ; C:/Users/Ms Khanh/OneDrive - hcmut.edu.vn/Desktop/DATN/works_code_DA2/00_src/IPU/atm_light_coarse_tx.sv                                           ;         ;
; ../../00_src/IPU/adc_rlimit_compute.sv                 ; yes             ; User SystemVerilog HDL File                           ; C:/Users/Ms Khanh/OneDrive - hcmut.edu.vn/Desktop/DATN/works_code_DA2/00_src/IPU/adc_rlimit_compute.sv                                            ;         ;
; ../../00_src/IPU/adc_pixel_distance.sv                 ; yes             ; User SystemVerilog HDL File                           ; C:/Users/Ms Khanh/OneDrive - hcmut.edu.vn/Desktop/DATN/works_code_DA2/00_src/IPU/adc_pixel_distance.sv                                            ;         ;
; ../../00_src/IPU/adc_path_length.sv                    ; yes             ; User SystemVerilog HDL File                           ; C:/Users/Ms Khanh/OneDrive - hcmut.edu.vn/Desktop/DATN/works_code_DA2/00_src/IPU/adc_path_length.sv                                               ;         ;
; ../../00_src/IPU/adc_line_buffer_5x5.sv                ; yes             ; User SystemVerilog HDL File                           ; C:/Users/Ms Khanh/OneDrive - hcmut.edu.vn/Desktop/DATN/works_code_DA2/00_src/IPU/adc_line_buffer_5x5.sv                                           ;         ;
; ../../00_src/IPU/adc_estimation.sv                     ; yes             ; User SystemVerilog HDL File                           ; C:/Users/Ms Khanh/OneDrive - hcmut.edu.vn/Desktop/DATN/works_code_DA2/00_src/IPU/adc_estimation.sv                                                ;         ;
; ../../00_src/IPU/adc_ase_masked_min.sv                 ; yes             ; User SystemVerilog HDL File                           ; C:/Users/Ms Khanh/OneDrive - hcmut.edu.vn/Desktop/DATN/works_code_DA2/00_src/IPU/adc_ase_masked_min.sv                                            ;         ;
; ../../00_src/RISC_V/single_cycle.sv                    ; yes             ; User SystemVerilog HDL File                           ; C:/Users/Ms Khanh/OneDrive - hcmut.edu.vn/Desktop/DATN/works_code_DA2/00_src/RISC_V/single_cycle.sv                                               ;         ;
; ../../00_src/RISC_V/SevenSegment.sv                    ; yes             ; User SystemVerilog HDL File                           ; C:/Users/Ms Khanh/OneDrive - hcmut.edu.vn/Desktop/DATN/works_code_DA2/00_src/RISC_V/SevenSegment.sv                                               ;         ;
; ../../00_src/RISC_V/regfile.sv                         ; yes             ; User SystemVerilog HDL File                           ; C:/Users/Ms Khanh/OneDrive - hcmut.edu.vn/Desktop/DATN/works_code_DA2/00_src/RISC_V/regfile.sv                                                    ;         ;
; ../../00_src/RISC_V/peripherals.sv                     ; yes             ; User SystemVerilog HDL File                           ; C:/Users/Ms Khanh/OneDrive - hcmut.edu.vn/Desktop/DATN/works_code_DA2/00_src/RISC_V/peripherals.sv                                                ;         ;
; ../../00_src/RISC_V/PCplus4.sv                         ; yes             ; User SystemVerilog HDL File                           ; C:/Users/Ms Khanh/OneDrive - hcmut.edu.vn/Desktop/DATN/works_code_DA2/00_src/RISC_V/PCplus4.sv                                                    ;         ;
; ../../00_src/RISC_V/pc.sv                              ; yes             ; User SystemVerilog HDL File                           ; C:/Users/Ms Khanh/OneDrive - hcmut.edu.vn/Desktop/DATN/works_code_DA2/00_src/RISC_V/pc.sv                                                         ;         ;
; ../../00_src/RISC_V/mux3.sv                            ; yes             ; User SystemVerilog HDL File                           ; C:/Users/Ms Khanh/OneDrive - hcmut.edu.vn/Desktop/DATN/works_code_DA2/00_src/RISC_V/mux3.sv                                                       ;         ;
; ../../00_src/RISC_V/mux2.sv                            ; yes             ; User SystemVerilog HDL File                           ; C:/Users/Ms Khanh/OneDrive - hcmut.edu.vn/Desktop/DATN/works_code_DA2/00_src/RISC_V/mux2.sv                                                       ;         ;
; ../../00_src/RISC_V/memory.sv                          ; yes             ; User SystemVerilog HDL File                           ; C:/Users/Ms Khanh/OneDrive - hcmut.edu.vn/Desktop/DATN/works_code_DA2/00_src/RISC_V/memory.sv                                                     ;         ;
; ../../00_src/RISC_V/lsu_v1.sv                          ; yes             ; User SystemVerilog HDL File                           ; C:/Users/Ms Khanh/OneDrive - hcmut.edu.vn/Desktop/DATN/works_code_DA2/00_src/RISC_V/lsu_v1.sv                                                     ;         ;
; ../../00_src/RISC_V/instr_mem.sv                       ; yes             ; User SystemVerilog HDL File                           ; C:/Users/Ms Khanh/OneDrive - hcmut.edu.vn/Desktop/DATN/works_code_DA2/00_src/RISC_V/instr_mem.sv                                                  ;         ;
; ../../00_src/RISC_V/immgen.sv                          ; yes             ; User SystemVerilog HDL File                           ; C:/Users/Ms Khanh/OneDrive - hcmut.edu.vn/Desktop/DATN/works_code_DA2/00_src/RISC_V/immgen.sv                                                     ;         ;
; ../../00_src/RISC_V/control_logic.sv                   ; yes             ; User SystemVerilog HDL File                           ; C:/Users/Ms Khanh/OneDrive - hcmut.edu.vn/Desktop/DATN/works_code_DA2/00_src/RISC_V/control_logic.sv                                              ;         ;
; ../../00_src/RISC_V/cla_32bit.sv                       ; yes             ; User SystemVerilog HDL File                           ; C:/Users/Ms Khanh/OneDrive - hcmut.edu.vn/Desktop/DATN/works_code_DA2/00_src/RISC_V/cla_32bit.sv                                                  ;         ;
; ../../00_src/RISC_V/brc.sv                             ; yes             ; User SystemVerilog HDL File                           ; C:/Users/Ms Khanh/OneDrive - hcmut.edu.vn/Desktop/DATN/works_code_DA2/00_src/RISC_V/brc.sv                                                        ;         ;
; ../../00_src/RISC_V/alu.sv                             ; yes             ; User SystemVerilog HDL File                           ; C:/Users/Ms Khanh/OneDrive - hcmut.edu.vn/Desktop/DATN/works_code_DA2/00_src/RISC_V/alu.sv                                                        ;         ;
; ../../00_src/VGA/vga_controller.sv                     ; yes             ; User SystemVerilog HDL File                           ; C:/Users/Ms Khanh/OneDrive - hcmut.edu.vn/Desktop/DATN/works_code_DA2/00_src/VGA/vga_controller.sv                                                ;         ;
; ../../00_src/VGA/vga_horizontal_counter.sv             ; yes             ; User SystemVerilog HDL File                           ; C:/Users/Ms Khanh/OneDrive - hcmut.edu.vn/Desktop/DATN/works_code_DA2/00_src/VGA/vga_horizontal_counter.sv                                        ;         ;
; ../../00_src/VGA/vga_vertical_counter.sv               ; yes             ; User SystemVerilog HDL File                           ; C:/Users/Ms Khanh/OneDrive - hcmut.edu.vn/Desktop/DATN/works_code_DA2/00_src/VGA/vga_vertical_counter.sv                                          ;         ;
; ../../00_src/VGA/vga_pll.v                             ; yes             ; User Verilog HDL File                                 ; C:/Users/Ms Khanh/OneDrive - hcmut.edu.vn/Desktop/DATN/works_code_DA2/00_src/VGA/vga_pll.v                                                        ;         ;
; altpll.tdf                                             ; yes             ; Megafunction                                          ; c:/intelfpga_lite/20.1/quartus/libraries/megafunctions/altpll.tdf                                                                                 ;         ;
; aglobal201.inc                                         ; yes             ; Megafunction                                          ; c:/intelfpga_lite/20.1/quartus/libraries/megafunctions/aglobal201.inc                                                                             ;         ;
; stratix_pll.inc                                        ; yes             ; Megafunction                                          ; c:/intelfpga_lite/20.1/quartus/libraries/megafunctions/stratix_pll.inc                                                                            ;         ;
; stratixii_pll.inc                                      ; yes             ; Megafunction                                          ; c:/intelfpga_lite/20.1/quartus/libraries/megafunctions/stratixii_pll.inc                                                                          ;         ;
; cycloneii_pll.inc                                      ; yes             ; Megafunction                                          ; c:/intelfpga_lite/20.1/quartus/libraries/megafunctions/cycloneii_pll.inc                                                                          ;         ;
; db/vga_pll_altpll.v                                    ; yes             ; Auto-Generated Megafunction                           ; C:/Users/Ms Khanh/OneDrive - hcmut.edu.vn/Desktop/DATN/works_code_DA2/06_FGPA_Imple/thesis/db/vga_pll_altpll.v                                    ;         ;
; altsyncram.tdf                                         ; yes             ; Megafunction                                          ; c:/intelfpga_lite/20.1/quartus/libraries/megafunctions/altsyncram.tdf                                                                             ;         ;
; stratix_ram_block.inc                                  ; yes             ; Megafunction                                          ; c:/intelfpga_lite/20.1/quartus/libraries/megafunctions/stratix_ram_block.inc                                                                      ;         ;
; lpm_mux.inc                                            ; yes             ; Megafunction                                          ; c:/intelfpga_lite/20.1/quartus/libraries/megafunctions/lpm_mux.inc                                                                                ;         ;
; lpm_decode.inc                                         ; yes             ; Megafunction                                          ; c:/intelfpga_lite/20.1/quartus/libraries/megafunctions/lpm_decode.inc                                                                             ;         ;
; a_rdenreg.inc                                          ; yes             ; Megafunction                                          ; c:/intelfpga_lite/20.1/quartus/libraries/megafunctions/a_rdenreg.inc                                                                              ;         ;
; altrom.inc                                             ; yes             ; Megafunction                                          ; c:/intelfpga_lite/20.1/quartus/libraries/megafunctions/altrom.inc                                                                                 ;         ;
; altram.inc                                             ; yes             ; Megafunction                                          ; c:/intelfpga_lite/20.1/quartus/libraries/megafunctions/altram.inc                                                                                 ;         ;
; altdpram.inc                                           ; yes             ; Megafunction                                          ; c:/intelfpga_lite/20.1/quartus/libraries/megafunctions/altdpram.inc                                                                               ;         ;
; db/altsyncram_q3t1.tdf                                 ; yes             ; Auto-Generated Megafunction                           ; C:/Users/Ms Khanh/OneDrive - hcmut.edu.vn/Desktop/DATN/works_code_DA2/06_FGPA_Imple/thesis/db/altsyncram_q3t1.tdf                                 ;         ;
; db/thesis_v1.ram0_img_tmp_bram_bc9f8165.hdl.mif        ; yes             ; Auto-Generated Auto-Found Memory Initialization File  ; C:/Users/Ms Khanh/OneDrive - hcmut.edu.vn/Desktop/DATN/works_code_DA2/06_FGPA_Imple/thesis/db/thesis_v1.ram0_img_tmp_bram_bc9f8165.hdl.mif        ;         ;
; db/decode_5la.tdf                                      ; yes             ; Auto-Generated Megafunction                           ; C:/Users/Ms Khanh/OneDrive - hcmut.edu.vn/Desktop/DATN/works_code_DA2/06_FGPA_Imple/thesis/db/decode_5la.tdf                                      ;         ;
; db/mux_2hb.tdf                                         ; yes             ; Auto-Generated Megafunction                           ; C:/Users/Ms Khanh/OneDrive - hcmut.edu.vn/Desktop/DATN/works_code_DA2/06_FGPA_Imple/thesis/db/mux_2hb.tdf                                         ;         ;
; db/altsyncram_5252.tdf                                 ; yes             ; Auto-Generated Megafunction                           ; C:/Users/Ms Khanh/OneDrive - hcmut.edu.vn/Desktop/DATN/works_code_DA2/06_FGPA_Imple/thesis/db/altsyncram_5252.tdf                                 ;         ;
; db/thesis_v1.ram0_img_out_bram_7d49a78e.hdl.mif        ; yes             ; Auto-Generated Auto-Found Memory Initialization File  ; C:/Users/Ms Khanh/OneDrive - hcmut.edu.vn/Desktop/DATN/works_code_DA2/06_FGPA_Imple/thesis/db/thesis_v1.ram0_img_out_bram_7d49a78e.hdl.mif        ;         ;
; db/decode_u0a.tdf                                      ; yes             ; Auto-Generated Megafunction                           ; C:/Users/Ms Khanh/OneDrive - hcmut.edu.vn/Desktop/DATN/works_code_DA2/06_FGPA_Imple/thesis/db/decode_u0a.tdf                                      ;         ;
; db/altsyncram_6h32.tdf                                 ; yes             ; Auto-Generated Megafunction                           ; C:/Users/Ms Khanh/OneDrive - hcmut.edu.vn/Desktop/DATN/works_code_DA2/06_FGPA_Imple/thesis/db/altsyncram_6h32.tdf                                 ;         ;
; db/thesis_v1.ram0_img_in_bram_b0270046.hdl.mif         ; yes             ; Auto-Generated Auto-Found Memory Initialization File  ; C:/Users/Ms Khanh/OneDrive - hcmut.edu.vn/Desktop/DATN/works_code_DA2/06_FGPA_Imple/thesis/db/thesis_v1.ram0_img_in_bram_b0270046.hdl.mif         ;         ;
; db/altsyncram_1ur1.tdf                                 ; yes             ; Auto-Generated Megafunction                           ; C:/Users/Ms Khanh/OneDrive - hcmut.edu.vn/Desktop/DATN/works_code_DA2/06_FGPA_Imple/thesis/db/altsyncram_1ur1.tdf                                 ;         ;
; db/thesis_v1.ram0_adc_line_buffer_5x5_b18addee.hdl.mif ; yes             ; Auto-Generated Auto-Found Memory Initialization File  ; C:/Users/Ms Khanh/OneDrive - hcmut.edu.vn/Desktop/DATN/works_code_DA2/06_FGPA_Imple/thesis/db/thesis_v1.ram0_adc_line_buffer_5x5_b18addee.hdl.mif ;         ;
; db/altsyncram_2ur1.tdf                                 ; yes             ; Auto-Generated Megafunction                           ; C:/Users/Ms Khanh/OneDrive - hcmut.edu.vn/Desktop/DATN/works_code_DA2/06_FGPA_Imple/thesis/db/altsyncram_2ur1.tdf                                 ;         ;
; db/thesis_v1.ram1_adc_line_buffer_5x5_b18addee.hdl.mif ; yes             ; Auto-Generated Auto-Found Memory Initialization File  ; C:/Users/Ms Khanh/OneDrive - hcmut.edu.vn/Desktop/DATN/works_code_DA2/06_FGPA_Imple/thesis/db/thesis_v1.ram1_adc_line_buffer_5x5_b18addee.hdl.mif ;         ;
; db/altsyncram_3ur1.tdf                                 ; yes             ; Auto-Generated Megafunction                           ; C:/Users/Ms Khanh/OneDrive - hcmut.edu.vn/Desktop/DATN/works_code_DA2/06_FGPA_Imple/thesis/db/altsyncram_3ur1.tdf                                 ;         ;
; db/thesis_v1.ram2_adc_line_buffer_5x5_b18addee.hdl.mif ; yes             ; Auto-Generated Auto-Found Memory Initialization File  ; C:/Users/Ms Khanh/OneDrive - hcmut.edu.vn/Desktop/DATN/works_code_DA2/06_FGPA_Imple/thesis/db/thesis_v1.ram2_adc_line_buffer_5x5_b18addee.hdl.mif ;         ;
; db/altsyncram_4ur1.tdf                                 ; yes             ; Auto-Generated Megafunction                           ; C:/Users/Ms Khanh/OneDrive - hcmut.edu.vn/Desktop/DATN/works_code_DA2/06_FGPA_Imple/thesis/db/altsyncram_4ur1.tdf                                 ;         ;
; db/thesis_v1.ram3_adc_line_buffer_5x5_b18addee.hdl.mif ; yes             ; Auto-Generated Auto-Found Memory Initialization File  ; C:/Users/Ms Khanh/OneDrive - hcmut.edu.vn/Desktop/DATN/works_code_DA2/06_FGPA_Imple/thesis/db/thesis_v1.ram3_adc_line_buffer_5x5_b18addee.hdl.mif ;         ;
; db/altsyncram_s512.tdf                                 ; yes             ; Auto-Generated Megafunction                           ; C:/Users/Ms Khanh/OneDrive - hcmut.edu.vn/Desktop/DATN/works_code_DA2/06_FGPA_Imple/thesis/db/altsyncram_s512.tdf                                 ;         ;
; db/thesis_v1.ram0_bank_bram_42e900fc.hdl.mif           ; yes             ; Auto-Generated Auto-Found Memory Initialization File  ; C:/Users/Ms Khanh/OneDrive - hcmut.edu.vn/Desktop/DATN/works_code_DA2/06_FGPA_Imple/thesis/db/thesis_v1.ram0_bank_bram_42e900fc.hdl.mif           ;         ;
; db/mux_lfb.tdf                                         ; yes             ; Auto-Generated Megafunction                           ; C:/Users/Ms Khanh/OneDrive - hcmut.edu.vn/Desktop/DATN/works_code_DA2/06_FGPA_Imple/thesis/db/mux_lfb.tdf                                         ;         ;
; db/altsyncram_tt22.tdf                                 ; yes             ; Auto-Generated Megafunction                           ; C:/Users/Ms Khanh/OneDrive - hcmut.edu.vn/Desktop/DATN/works_code_DA2/06_FGPA_Imple/thesis/db/altsyncram_tt22.tdf                                 ;         ;
; db/thesis_v1.ram0_memory_739a0be.hdl.mif               ; yes             ; Auto-Generated Auto-Found Memory Initialization File  ; C:/Users/Ms Khanh/OneDrive - hcmut.edu.vn/Desktop/DATN/works_code_DA2/06_FGPA_Imple/thesis/db/thesis_v1.ram0_memory_739a0be.hdl.mif               ;         ;
; db/altsyncram_ut22.tdf                                 ; yes             ; Auto-Generated Megafunction                           ; C:/Users/Ms Khanh/OneDrive - hcmut.edu.vn/Desktop/DATN/works_code_DA2/06_FGPA_Imple/thesis/db/altsyncram_ut22.tdf                                 ;         ;
; db/thesis_v1.ram1_memory_739a0be.hdl.mif               ; yes             ; Auto-Generated Auto-Found Memory Initialization File  ; C:/Users/Ms Khanh/OneDrive - hcmut.edu.vn/Desktop/DATN/works_code_DA2/06_FGPA_Imple/thesis/db/thesis_v1.ram1_memory_739a0be.hdl.mif               ;         ;
; db/altsyncram_vt22.tdf                                 ; yes             ; Auto-Generated Megafunction                           ; C:/Users/Ms Khanh/OneDrive - hcmut.edu.vn/Desktop/DATN/works_code_DA2/06_FGPA_Imple/thesis/db/altsyncram_vt22.tdf                                 ;         ;
; db/thesis_v1.ram2_memory_739a0be.hdl.mif               ; yes             ; Auto-Generated Auto-Found Memory Initialization File  ; C:/Users/Ms Khanh/OneDrive - hcmut.edu.vn/Desktop/DATN/works_code_DA2/06_FGPA_Imple/thesis/db/thesis_v1.ram2_memory_739a0be.hdl.mif               ;         ;
; db/altsyncram_ej22.tdf                                 ; yes             ; Auto-Generated Megafunction                           ; C:/Users/Ms Khanh/OneDrive - hcmut.edu.vn/Desktop/DATN/works_code_DA2/06_FGPA_Imple/thesis/db/altsyncram_ej22.tdf                                 ;         ;
; db/thesis_v1.ram3_memory_739a0be.hdl.mif               ; yes             ; Auto-Generated Auto-Found Memory Initialization File  ; C:/Users/Ms Khanh/OneDrive - hcmut.edu.vn/Desktop/DATN/works_code_DA2/06_FGPA_Imple/thesis/db/thesis_v1.ram3_memory_739a0be.hdl.mif               ;         ;
; db/altsyncram_8if1.tdf                                 ; yes             ; Auto-Generated Megafunction                           ; C:/Users/Ms Khanh/OneDrive - hcmut.edu.vn/Desktop/DATN/works_code_DA2/06_FGPA_Imple/thesis/db/altsyncram_8if1.tdf                                 ;         ;
; db/thesis_v1.ram0_instr_mem_8ff0214b.hdl.mif           ; yes             ; Auto-Generated Auto-Found Memory Initialization File  ; C:/Users/Ms Khanh/OneDrive - hcmut.edu.vn/Desktop/DATN/works_code_DA2/06_FGPA_Imple/thesis/db/thesis_v1.ram0_instr_mem_8ff0214b.hdl.mif           ;         ;
+--------------------------------------------------------+-----------------+-------------------------------------------------------+---------------------------------------------------------------------------------------------------------------------------------------------------+---------+


+--------------------------------------------------------------+
; Analysis & Synthesis Resource Usage Summary                  ;
+---------------------------------------------+----------------+
; Resource                                    ; Usage          ;
+---------------------------------------------+----------------+
; Estimate of Logic utilization (ALMs needed) ; 8855           ;
;                                             ;                ;
; Combinational ALUT usage for logic          ; 8433           ;
;     -- 7 input functions                    ; 1627           ;
;     -- 6 input functions                    ; 2362           ;
;     -- 5 input functions                    ; 1037           ;
;     -- 4 input functions                    ; 708            ;
;     -- <=3 input functions                  ; 2699           ;
;                                             ;                ;
; Dedicated logic registers                   ; 10571          ;
;                                             ;                ;
; I/O pins                                    ; 180            ;
; Total MLAB memory bits                      ; 0              ;
; Total block memory bits                     ; 2300416        ;
;                                             ;                ;
; Total DSP Blocks                            ; 38             ;
;                                             ;                ;
; Total PLLs                                  ; 1              ;
;     -- PLLs                                 ; 1              ;
;                                             ;                ;
; Maximum fan-out node                        ; CLOCK_50~input ;
; Maximum fan-out                             ; 10935          ;
; Total fan-out                               ; 86746          ;
; Average fan-out                             ; 4.38           ;
+---------------------------------------------+----------------+


+----------------------------------------------------------------------------------------------------------------------------------------------------------------------------------------------------------------------------------------------------------------------------------------------------------------------------------------------------------------------------------------------------------------------------------------------------------------------------------------------+
; Analysis & Synthesis Resource Utilization by Entity                                                                                                                                                                                                                                                                                                                                                                                                                                          ;
+-------------------------------------------------------------+---------------------+---------------------------+-------------------+------------+------+--------------+-------------------------------------------------------------------------------------------------------------------------------------------------------------------------------------------------------------------------------------------------------------------------------+------------------------+--------------+
; Compilation Hierarchy Node                                  ; Combinational ALUTs ; Dedicated Logic Registers ; Block Memory Bits ; DSP Blocks ; Pins ; Virtual Pins ; Full Hierarchy Name                                                                                                                                                                                                                                                           ; Entity Name            ; Library Name ;
+-------------------------------------------------------------+---------------------+---------------------------+-------------------+------------+------+--------------+-------------------------------------------------------------------------------------------------------------------------------------------------------------------------------------------------------------------------------------------------------------------------------+------------------------+--------------+
; |wrapper                                                    ; 8433 (10)           ; 10571 (2)                 ; 2300416           ; 38         ; 180  ; 0            ; |wrapper                                                                                                                                                                                                                                                                      ; wrapper                ; work         ;
;    |soc_top:u_soc_top|                                      ; 8369 (0)            ; 10548 (39)                ; 2300416           ; 38         ; 0    ; 0            ; |wrapper|soc_top:u_soc_top                                                                                                                                                                                                                                                    ; soc_top                ; work         ;
;       |img_in_bram:u_img_in_bram|                           ; 41 (0)              ; 2 (0)                     ; 524288            ; 0          ; 0    ; 0            ; |wrapper|soc_top:u_soc_top|img_in_bram:u_img_in_bram                                                                                                                                                                                                                          ; img_in_bram            ; work         ;
;          |altsyncram:mem_rtl_0|                             ; 41 (0)              ; 2 (0)                     ; 524288            ; 0          ; 0    ; 0            ; |wrapper|soc_top:u_soc_top|img_in_bram:u_img_in_bram|altsyncram:mem_rtl_0                                                                                                                                                                                                     ; altsyncram             ; work         ;
;             |altsyncram_6h32:auto_generated|                ; 41 (0)              ; 2 (2)                     ; 524288            ; 0          ; 0    ; 0            ; |wrapper|soc_top:u_soc_top|img_in_bram:u_img_in_bram|altsyncram:mem_rtl_0|altsyncram_6h32:auto_generated                                                                                                                                                                      ; altsyncram_6h32        ; work         ;
;                |decode_5la:decode2|                         ; 2 (2)               ; 0 (0)                     ; 0                 ; 0          ; 0    ; 0            ; |wrapper|soc_top:u_soc_top|img_in_bram:u_img_in_bram|altsyncram:mem_rtl_0|altsyncram_6h32:auto_generated|decode_5la:decode2                                                                                                                                                   ; decode_5la             ; work         ;
;                |mux_2hb:mux4|                               ; 15 (15)             ; 0 (0)                     ; 0                 ; 0          ; 0    ; 0            ; |wrapper|soc_top:u_soc_top|img_in_bram:u_img_in_bram|altsyncram:mem_rtl_0|altsyncram_6h32:auto_generated|mux_2hb:mux4                                                                                                                                                         ; mux_2hb                ; work         ;
;                |mux_2hb:mux5|                               ; 24 (24)             ; 0 (0)                     ; 0                 ; 0          ; 0    ; 0            ; |wrapper|soc_top:u_soc_top|img_in_bram:u_img_in_bram|altsyncram:mem_rtl_0|altsyncram_6h32:auto_generated|mux_2hb:mux5                                                                                                                                                         ; mux_2hb                ; work         ;
;       |img_out_bram:u_img_out_bram|                         ; 37 (0)              ; 2 (0)                     ; 524288            ; 0          ; 0    ; 0            ; |wrapper|soc_top:u_soc_top|img_out_bram:u_img_out_bram                                                                                                                                                                                                                        ; img_out_bram           ; work         ;
;          |altsyncram:mem_rtl_0|                             ; 37 (0)              ; 2 (0)                     ; 524288            ; 0          ; 0    ; 0            ; |wrapper|soc_top:u_soc_top|img_out_bram:u_img_out_bram|altsyncram:mem_rtl_0                                                                                                                                                                                                   ; altsyncram             ; work         ;
;             |altsyncram_5252:auto_generated|                ; 37 (0)              ; 2 (2)                     ; 524288            ; 0          ; 0    ; 0            ; |wrapper|soc_top:u_soc_top|img_out_bram:u_img_out_bram|altsyncram:mem_rtl_0|altsyncram_5252:auto_generated                                                                                                                                                                    ; altsyncram_5252        ; work         ;
;                |decode_5la:decode2|                         ; 4 (4)               ; 0 (0)                     ; 0                 ; 0          ; 0    ; 0            ; |wrapper|soc_top:u_soc_top|img_out_bram:u_img_out_bram|altsyncram:mem_rtl_0|altsyncram_5252:auto_generated|decode_5la:decode2                                                                                                                                                 ; decode_5la             ; work         ;
;                |decode_5la:decode3|                         ; 2 (2)               ; 0 (0)                     ; 0                 ; 0          ; 0    ; 0            ; |wrapper|soc_top:u_soc_top|img_out_bram:u_img_out_bram|altsyncram:mem_rtl_0|altsyncram_5252:auto_generated|decode_5la:decode3                                                                                                                                                 ; decode_5la             ; work         ;
;                |decode_5la:rden_decode_a|                   ; 2 (2)               ; 0 (0)                     ; 0                 ; 0          ; 0    ; 0            ; |wrapper|soc_top:u_soc_top|img_out_bram:u_img_out_bram|altsyncram:mem_rtl_0|altsyncram_5252:auto_generated|decode_5la:rden_decode_a                                                                                                                                           ; decode_5la             ; work         ;
;                |mux_2hb:mux4|                               ; 29 (29)             ; 0 (0)                     ; 0                 ; 0          ; 0    ; 0            ; |wrapper|soc_top:u_soc_top|img_out_bram:u_img_out_bram|altsyncram:mem_rtl_0|altsyncram_5252:auto_generated|mux_2hb:mux4                                                                                                                                                       ; mux_2hb                ; work         ;
;       |img_tmp_bram:u_img_tmp_bram|                         ; 19 (1)              ; 1 (0)                     ; 524288            ; 0          ; 0    ; 0            ; |wrapper|soc_top:u_soc_top|img_tmp_bram:u_img_tmp_bram                                                                                                                                                                                                                        ; img_tmp_bram           ; work         ;
;          |altsyncram:mem_rtl_0|                             ; 18 (0)              ; 1 (0)                     ; 524288            ; 0          ; 0    ; 0            ; |wrapper|soc_top:u_soc_top|img_tmp_bram:u_img_tmp_bram|altsyncram:mem_rtl_0                                                                                                                                                                                                   ; altsyncram             ; work         ;
;             |altsyncram_q3t1:auto_generated|                ; 18 (0)              ; 1 (1)                     ; 524288            ; 0          ; 0    ; 0            ; |wrapper|soc_top:u_soc_top|img_tmp_bram:u_img_tmp_bram|altsyncram:mem_rtl_0|altsyncram_q3t1:auto_generated                                                                                                                                                                    ; altsyncram_q3t1        ; work         ;
;                |decode_5la:decode2|                         ; 2 (2)               ; 0 (0)                     ; 0                 ; 0          ; 0    ; 0            ; |wrapper|soc_top:u_soc_top|img_tmp_bram:u_img_tmp_bram|altsyncram:mem_rtl_0|altsyncram_q3t1:auto_generated|decode_5la:decode2                                                                                                                                                 ; decode_5la             ; work         ;
;                |decode_5la:rden_decode_b|                   ; 2 (2)               ; 0 (0)                     ; 0                 ; 0          ; 0    ; 0            ; |wrapper|soc_top:u_soc_top|img_tmp_bram:u_img_tmp_bram|altsyncram:mem_rtl_0|altsyncram_q3t1:auto_generated|decode_5la:rden_decode_b                                                                                                                                           ; decode_5la             ; work         ;
;                |mux_2hb:mux3|                               ; 14 (14)             ; 0 (0)                     ; 0                 ; 0          ; 0    ; 0            ; |wrapper|soc_top:u_soc_top|img_tmp_bram:u_img_tmp_bram|altsyncram:mem_rtl_0|altsyncram_q3t1:auto_generated|mux_2hb:mux3                                                                                                                                                       ; mux_2hb                ; work         ;
;       |ipu_apb_wrapper:u_ipu_apb_wrapper|                   ; 1 (1)               ; 0 (0)                     ; 0                 ; 0          ; 0    ; 0            ; |wrapper|soc_top:u_soc_top|ipu_apb_wrapper:u_ipu_apb_wrapper                                                                                                                                                                                                                  ; ipu_apb_wrapper        ; work         ;
;       |ipu_core:u_ipu_core|                                 ; 6252 (83)           ; 9325 (391)                ; 532480            ; 38         ; 0    ; 0            ; |wrapper|soc_top:u_soc_top|ipu_core:u_ipu_core                                                                                                                                                                                                                                ; ipu_core               ; work         ;
;          |haze_removal_top:u_haze_removal_top|              ; 5891 (0)            ; 8655 (0)                  ; 532480            ; 38         ; 0    ; 0            ; |wrapper|soc_top:u_soc_top|ipu_core:u_ipu_core|haze_removal_top:u_haze_removal_top                                                                                                                                                                                            ; haze_removal_top       ; work         ;
;             |haze_removal_core:u_core|                      ; 5891 (1116)         ; 8655 (267)                ; 532480            ; 38         ; 0    ; 0            ; |wrapper|soc_top:u_soc_top|ipu_core:u_ipu_core|haze_removal_top:u_haze_removal_top|haze_removal_core:u_core                                                                                                                                                                   ; haze_removal_core      ; work         ;
;                |adc_estimation:u_adc_estimation|            ; 4084 (2)            ; 8155 (801)                ; 8192              ; 25         ; 0    ; 0            ; |wrapper|soc_top:u_soc_top|ipu_core:u_ipu_core|haze_removal_top:u_haze_removal_top|haze_removal_core:u_core|adc_estimation:u_adc_estimation                                                                                                                                   ; adc_estimation         ; work         ;
;                   |adc_ase_masked_min:u_masked_min|         ; 704 (704)           ; 9 (9)                     ; 0                 ; 0          ; 0    ; 0            ; |wrapper|soc_top:u_soc_top|ipu_core:u_ipu_core|haze_removal_top:u_haze_removal_top|haze_removal_core:u_core|adc_estimation:u_adc_estimation|adc_ase_masked_min:u_masked_min                                                                                                   ; adc_ase_masked_min     ; work         ;
;                   |adc_line_buffer_5x5:u_line_buf_gray|     ; 1139 (1139)         ; 3267 (3267)               ; 4096              ; 0          ; 0    ; 0            ; |wrapper|soc_top:u_soc_top|ipu_core:u_ipu_core|haze_removal_top:u_haze_removal_top|haze_removal_core:u_core|adc_estimation:u_adc_estimation|adc_line_buffer_5x5:u_line_buf_gray                                                                                               ; adc_line_buffer_5x5    ; work         ;
;                      |altsyncram:line_buf_0_rtl_0|          ; 0 (0)               ; 0 (0)                     ; 1024              ; 0          ; 0    ; 0            ; |wrapper|soc_top:u_soc_top|ipu_core:u_ipu_core|haze_removal_top:u_haze_removal_top|haze_removal_core:u_core|adc_estimation:u_adc_estimation|adc_line_buffer_5x5:u_line_buf_gray|altsyncram:line_buf_0_rtl_0                                                                   ; altsyncram             ; work         ;
;                         |altsyncram_1ur1:auto_generated|    ; 0 (0)               ; 0 (0)                     ; 1024              ; 0          ; 0    ; 0            ; |wrapper|soc_top:u_soc_top|ipu_core:u_ipu_core|haze_removal_top:u_haze_removal_top|haze_removal_core:u_core|adc_estimation:u_adc_estimation|adc_line_buffer_5x5:u_line_buf_gray|altsyncram:line_buf_0_rtl_0|altsyncram_1ur1:auto_generated                                    ; altsyncram_1ur1        ; work         ;
;                      |altsyncram:line_buf_1_rtl_0|          ; 0 (0)               ; 0 (0)                     ; 1024              ; 0          ; 0    ; 0            ; |wrapper|soc_top:u_soc_top|ipu_core:u_ipu_core|haze_removal_top:u_haze_removal_top|haze_removal_core:u_core|adc_estimation:u_adc_estimation|adc_line_buffer_5x5:u_line_buf_gray|altsyncram:line_buf_1_rtl_0                                                                   ; altsyncram             ; work         ;
;                         |altsyncram_2ur1:auto_generated|    ; 0 (0)               ; 0 (0)                     ; 1024              ; 0          ; 0    ; 0            ; |wrapper|soc_top:u_soc_top|ipu_core:u_ipu_core|haze_removal_top:u_haze_removal_top|haze_removal_core:u_core|adc_estimation:u_adc_estimation|adc_line_buffer_5x5:u_line_buf_gray|altsyncram:line_buf_1_rtl_0|altsyncram_2ur1:auto_generated                                    ; altsyncram_2ur1        ; work         ;
;                      |altsyncram:line_buf_2_rtl_0|          ; 0 (0)               ; 0 (0)                     ; 1024              ; 0          ; 0    ; 0            ; |wrapper|soc_top:u_soc_top|ipu_core:u_ipu_core|haze_removal_top:u_haze_removal_top|haze_removal_core:u_core|adc_estimation:u_adc_estimation|adc_line_buffer_5x5:u_line_buf_gray|altsyncram:line_buf_2_rtl_0                                                                   ; altsyncram             ; work         ;
;                         |altsyncram_3ur1:auto_generated|    ; 0 (0)               ; 0 (0)                     ; 1024              ; 0          ; 0    ; 0            ; |wrapper|soc_top:u_soc_top|ipu_core:u_ipu_core|haze_removal_top:u_haze_removal_top|haze_removal_core:u_core|adc_estimation:u_adc_estimation|adc_line_buffer_5x5:u_line_buf_gray|altsyncram:line_buf_2_rtl_0|altsyncram_3ur1:auto_generated                                    ; altsyncram_3ur1        ; work         ;
;                      |altsyncram:line_buf_3_rtl_0|          ; 0 (0)               ; 0 (0)                     ; 1024              ; 0          ; 0    ; 0            ; |wrapper|soc_top:u_soc_top|ipu_core:u_ipu_core|haze_removal_top:u_haze_removal_top|haze_removal_core:u_core|adc_estimation:u_adc_estimation|adc_line_buffer_5x5:u_line_buf_gray|altsyncram:line_buf_3_rtl_0                                                                   ; altsyncram             ; work         ;
;                         |altsyncram_4ur1:auto_generated|    ; 0 (0)               ; 0 (0)                     ; 1024              ; 0          ; 0    ; 0            ; |wrapper|soc_top:u_soc_top|ipu_core:u_ipu_core|haze_removal_top:u_haze_removal_top|haze_removal_core:u_core|adc_estimation:u_adc_estimation|adc_line_buffer_5x5:u_line_buf_gray|altsyncram:line_buf_3_rtl_0|altsyncram_4ur1:auto_generated                                    ; altsyncram_4ur1        ; work         ;
;                   |adc_line_buffer_5x5:u_line_buf_mc|       ; 1140 (1140)         ; 3267 (3267)               ; 4096              ; 0          ; 0    ; 0            ; |wrapper|soc_top:u_soc_top|ipu_core:u_ipu_core|haze_removal_top:u_haze_removal_top|haze_removal_core:u_core|adc_estimation:u_adc_estimation|adc_line_buffer_5x5:u_line_buf_mc                                                                                                 ; adc_line_buffer_5x5    ; work         ;
;                      |altsyncram:line_buf_0_rtl_0|          ; 0 (0)               ; 0 (0)                     ; 1024              ; 0          ; 0    ; 0            ; |wrapper|soc_top:u_soc_top|ipu_core:u_ipu_core|haze_removal_top:u_haze_removal_top|haze_removal_core:u_core|adc_estimation:u_adc_estimation|adc_line_buffer_5x5:u_line_buf_mc|altsyncram:line_buf_0_rtl_0                                                                     ; altsyncram             ; work         ;
;                         |altsyncram_1ur1:auto_generated|    ; 0 (0)               ; 0 (0)                     ; 1024              ; 0          ; 0    ; 0            ; |wrapper|soc_top:u_soc_top|ipu_core:u_ipu_core|haze_removal_top:u_haze_removal_top|haze_removal_core:u_core|adc_estimation:u_adc_estimation|adc_line_buffer_5x5:u_line_buf_mc|altsyncram:line_buf_0_rtl_0|altsyncram_1ur1:auto_generated                                      ; altsyncram_1ur1        ; work         ;
;                      |altsyncram:line_buf_1_rtl_0|          ; 0 (0)               ; 0 (0)                     ; 1024              ; 0          ; 0    ; 0            ; |wrapper|soc_top:u_soc_top|ipu_core:u_ipu_core|haze_removal_top:u_haze_removal_top|haze_removal_core:u_core|adc_estimation:u_adc_estimation|adc_line_buffer_5x5:u_line_buf_mc|altsyncram:line_buf_1_rtl_0                                                                     ; altsyncram             ; work         ;
;                         |altsyncram_2ur1:auto_generated|    ; 0 (0)               ; 0 (0)                     ; 1024              ; 0          ; 0    ; 0            ; |wrapper|soc_top:u_soc_top|ipu_core:u_ipu_core|haze_removal_top:u_haze_removal_top|haze_removal_core:u_core|adc_estimation:u_adc_estimation|adc_line_buffer_5x5:u_line_buf_mc|altsyncram:line_buf_1_rtl_0|altsyncram_2ur1:auto_generated                                      ; altsyncram_2ur1        ; work         ;
;                      |altsyncram:line_buf_2_rtl_0|          ; 0 (0)               ; 0 (0)                     ; 1024              ; 0          ; 0    ; 0            ; |wrapper|soc_top:u_soc_top|ipu_core:u_ipu_core|haze_removal_top:u_haze_removal_top|haze_removal_core:u_core|adc_estimation:u_adc_estimation|adc_line_buffer_5x5:u_line_buf_mc|altsyncram:line_buf_2_rtl_0                                                                     ; altsyncram             ; work         ;
;                         |altsyncram_3ur1:auto_generated|    ; 0 (0)               ; 0 (0)                     ; 1024              ; 0          ; 0    ; 0            ; |wrapper|soc_top:u_soc_top|ipu_core:u_ipu_core|haze_removal_top:u_haze_removal_top|haze_removal_core:u_core|adc_estimation:u_adc_estimation|adc_line_buffer_5x5:u_line_buf_mc|altsyncram:line_buf_2_rtl_0|altsyncram_3ur1:auto_generated                                      ; altsyncram_3ur1        ; work         ;
;                      |altsyncram:line_buf_3_rtl_0|          ; 0 (0)               ; 0 (0)                     ; 1024              ; 0          ; 0    ; 0            ; |wrapper|soc_top:u_soc_top|ipu_core:u_ipu_core|haze_removal_top:u_haze_removal_top|haze_removal_core:u_core|adc_estimation:u_adc_estimation|adc_line_buffer_5x5:u_line_buf_mc|altsyncram:line_buf_3_rtl_0                                                                     ; altsyncram             ; work         ;
;                         |altsyncram_4ur1:auto_generated|    ; 0 (0)               ; 0 (0)                     ; 1024              ; 0          ; 0    ; 0            ; |wrapper|soc_top:u_soc_top|ipu_core:u_ipu_core|haze_removal_top:u_haze_removal_top|haze_removal_core:u_core|adc_estimation:u_adc_estimation|adc_line_buffer_5x5:u_line_buf_mc|altsyncram:line_buf_3_rtl_0|altsyncram_4ur1:auto_generated                                      ; altsyncram_4ur1        ; work         ;
;                   |adc_path_length:u_path_len|              ; 192 (192)           ; 193 (193)                 ; 0                 ; 24         ; 0    ; 0            ; |wrapper|soc_top:u_soc_top|ipu_core:u_ipu_core|haze_removal_top:u_haze_removal_top|haze_removal_core:u_core|adc_estimation:u_adc_estimation|adc_path_length:u_path_len                                                                                                        ; adc_path_length        ; work         ;
;                   |adc_pixel_distance:u_pixel_dist|         ; 777 (777)           ; 209 (209)                 ; 0                 ; 0          ; 0    ; 0            ; |wrapper|soc_top:u_soc_top|ipu_core:u_ipu_core|haze_removal_top:u_haze_removal_top|haze_removal_core:u_core|adc_estimation:u_adc_estimation|adc_pixel_distance:u_pixel_dist                                                                                                   ; adc_pixel_distance     ; work         ;
;                   |adc_rlimit_compute:u_rlimit|             ; 130 (130)           ; 409 (409)                 ; 0                 ; 1          ; 0    ; 0            ; |wrapper|soc_top:u_soc_top|ipu_core:u_ipu_core|haze_removal_top:u_haze_removal_top|haze_removal_core:u_core|adc_estimation:u_adc_estimation|adc_rlimit_compute:u_rlimit                                                                                                       ; adc_rlimit_compute     ; work         ;
;                |atm_light_coarse_tx:u_atm_light_coarse_tx|  ; 553 (0)             ; 213 (51)                  ; 262144            ; 3          ; 0    ; 0            ; |wrapper|soc_top:u_soc_top|ipu_core:u_ipu_core|haze_removal_top:u_haze_removal_top|haze_removal_core:u_core|atm_light_coarse_tx:u_atm_light_coarse_tx                                                                                                                         ; atm_light_coarse_tx    ; work         ;
;                   |atmospheric_light:u_atm_light|           ; 26 (26)             ; 66 (66)                   ; 0                 ; 0          ; 0    ; 0            ; |wrapper|soc_top:u_soc_top|ipu_core:u_ipu_core|haze_removal_top:u_haze_removal_top|haze_removal_core:u_core|atm_light_coarse_tx:u_atm_light_coarse_tx|atmospheric_light:u_atm_light                                                                                           ; atmospheric_light      ; work         ;
;                   |bank_pingpong_stream:u_bank_tx|          ; 89 (11)             ; 59 (1)                    ; 262144            ; 0          ; 0    ; 0            ; |wrapper|soc_top:u_soc_top|ipu_core:u_ipu_core|haze_removal_top:u_haze_removal_top|haze_removal_core:u_core|atm_light_coarse_tx:u_atm_light_coarse_tx|bank_pingpong_stream:u_bank_tx                                                                                          ; bank_pingpong_stream   ; work         ;
;                      |bank_bram:u_bank1|                    ; 2 (0)               ; 1 (0)                     ; 131072            ; 0          ; 0    ; 0            ; |wrapper|soc_top:u_soc_top|ipu_core:u_ipu_core|haze_removal_top:u_haze_removal_top|haze_removal_core:u_core|atm_light_coarse_tx:u_atm_light_coarse_tx|bank_pingpong_stream:u_bank_tx|bank_bram:u_bank1                                                                        ; bank_bram              ; work         ;
;                         |altsyncram:mem_rtl_0|              ; 2 (0)               ; 1 (0)                     ; 131072            ; 0          ; 0    ; 0            ; |wrapper|soc_top:u_soc_top|ipu_core:u_ipu_core|haze_removal_top:u_haze_removal_top|haze_removal_core:u_core|atm_light_coarse_tx:u_atm_light_coarse_tx|bank_pingpong_stream:u_bank_tx|bank_bram:u_bank1|altsyncram:mem_rtl_0                                                   ; altsyncram             ; work         ;
;                            |altsyncram_s512:auto_generated| ; 2 (0)               ; 1 (1)                     ; 131072            ; 0          ; 0    ; 0            ; |wrapper|soc_top:u_soc_top|ipu_core:u_ipu_core|haze_removal_top:u_haze_removal_top|haze_removal_core:u_core|atm_light_coarse_tx:u_atm_light_coarse_tx|bank_pingpong_stream:u_bank_tx|bank_bram:u_bank1|altsyncram:mem_rtl_0|altsyncram_s512:auto_generated                    ; altsyncram_s512        ; work         ;
;                               |decode_5la:decode2|          ; 2 (2)               ; 0 (0)                     ; 0                 ; 0          ; 0    ; 0            ; |wrapper|soc_top:u_soc_top|ipu_core:u_ipu_core|haze_removal_top:u_haze_removal_top|haze_removal_core:u_core|atm_light_coarse_tx:u_atm_light_coarse_tx|bank_pingpong_stream:u_bank_tx|bank_bram:u_bank1|altsyncram:mem_rtl_0|altsyncram_s512:auto_generated|decode_5la:decode2 ; decode_5la             ; work         ;
;                      |bank_bram:u_bank2|                    ; 2 (0)               ; 1 (0)                     ; 131072            ; 0          ; 0    ; 0            ; |wrapper|soc_top:u_soc_top|ipu_core:u_ipu_core|haze_removal_top:u_haze_removal_top|haze_removal_core:u_core|atm_light_coarse_tx:u_atm_light_coarse_tx|bank_pingpong_stream:u_bank_tx|bank_bram:u_bank2                                                                        ; bank_bram              ; work         ;
;                         |altsyncram:mem_rtl_0|              ; 2 (0)               ; 1 (0)                     ; 131072            ; 0          ; 0    ; 0            ; |wrapper|soc_top:u_soc_top|ipu_core:u_ipu_core|haze_removal_top:u_haze_removal_top|haze_removal_core:u_core|atm_light_coarse_tx:u_atm_light_coarse_tx|bank_pingpong_stream:u_bank_tx|bank_bram:u_bank2|altsyncram:mem_rtl_0                                                   ; altsyncram             ; work         ;
;                            |altsyncram_s512:auto_generated| ; 2 (0)               ; 1 (1)                     ; 131072            ; 0          ; 0    ; 0            ; |wrapper|soc_top:u_soc_top|ipu_core:u_ipu_core|haze_removal_top:u_haze_removal_top|haze_removal_core:u_core|atm_light_coarse_tx:u_atm_light_coarse_tx|bank_pingpong_stream:u_bank_tx|bank_bram:u_bank2|altsyncram:mem_rtl_0|altsyncram_s512:auto_generated                    ; altsyncram_s512        ; work         ;
;                               |decode_5la:decode2|          ; 2 (2)               ; 0 (0)                     ; 0                 ; 0          ; 0    ; 0            ; |wrapper|soc_top:u_soc_top|ipu_core:u_ipu_core|haze_removal_top:u_haze_removal_top|haze_removal_core:u_core|atm_light_coarse_tx:u_atm_light_coarse_tx|bank_pingpong_stream:u_bank_tx|bank_bram:u_bank2|altsyncram:mem_rtl_0|altsyncram_s512:auto_generated|decode_5la:decode2 ; decode_5la             ; work         ;
;                      |frame_linear_counter:u_rd_counter|    ; 37 (37)             ; 28 (28)                   ; 0                 ; 0          ; 0    ; 0            ; |wrapper|soc_top:u_soc_top|ipu_core:u_ipu_core|haze_removal_top:u_haze_removal_top|haze_removal_core:u_core|atm_light_coarse_tx:u_atm_light_coarse_tx|bank_pingpong_stream:u_bank_tx|frame_linear_counter:u_rd_counter                                                        ; frame_linear_counter   ; work         ;
;                      |frame_linear_counter:u_wr_counter|    ; 37 (37)             ; 28 (28)                   ; 0                 ; 0          ; 0    ; 0            ; |wrapper|soc_top:u_soc_top|ipu_core:u_ipu_core|haze_removal_top:u_haze_removal_top|haze_removal_core:u_core|atm_light_coarse_tx:u_atm_light_coarse_tx|bank_pingpong_stream:u_bank_tx|frame_linear_counter:u_wr_counter                                                        ; frame_linear_counter   ; work         ;
;                   |dark_channel:u_dark_channel|             ; 22 (0)              ; 8 (0)                     ; 0                 ; 0          ; 0    ; 0            ; |wrapper|soc_top:u_soc_top|ipu_core:u_ipu_core|haze_removal_top:u_haze_removal_top|haze_removal_core:u_core|atm_light_coarse_tx:u_atm_light_coarse_tx|dark_channel:u_dark_channel                                                                                             ; dark_channel           ; work         ;
;                      |src_min:u_src_min|                    ; 22 (22)             ; 8 (8)                     ; 0                 ; 0          ; 0    ; 0            ; |wrapper|soc_top:u_soc_top|ipu_core:u_ipu_core|haze_removal_top:u_haze_removal_top|haze_removal_core:u_core|atm_light_coarse_tx:u_atm_light_coarse_tx|dark_channel:u_dark_channel|src_min:u_src_min                                                                           ; src_min                ; work         ;
;                   |estimate_transmission:u_est_tx|          ; 363 (9)             ; 19 (19)                   ; 0                 ; 3          ; 0    ; 0            ; |wrapper|soc_top:u_soc_top|ipu_core:u_ipu_core|haze_removal_top:u_haze_removal_top|haze_removal_core:u_core|atm_light_coarse_tx:u_atm_light_coarse_tx|estimate_transmission:u_est_tx                                                                                          ; estimate_transmission  ; work         ;
;                      |invA_lut_q16:u_inv_b|                 ; 98 (98)             ; 0 (0)                     ; 0                 ; 0          ; 0    ; 0            ; |wrapper|soc_top:u_soc_top|ipu_core:u_ipu_core|haze_removal_top:u_haze_removal_top|haze_removal_core:u_core|atm_light_coarse_tx:u_atm_light_coarse_tx|estimate_transmission:u_est_tx|invA_lut_q16:u_inv_b                                                                     ; invA_lut_q16           ; work         ;
;                      |invA_lut_q16:u_inv_g|                 ; 98 (98)             ; 0 (0)                     ; 0                 ; 0          ; 0    ; 0            ; |wrapper|soc_top:u_soc_top|ipu_core:u_ipu_core|haze_removal_top:u_haze_removal_top|haze_removal_core:u_core|atm_light_coarse_tx:u_atm_light_coarse_tx|estimate_transmission:u_est_tx|invA_lut_q16:u_inv_g                                                                     ; invA_lut_q16           ; work         ;
;                      |invA_lut_q16:u_inv_r|                 ; 98 (98)             ; 0 (0)                     ; 0                 ; 0          ; 0    ; 0            ; |wrapper|soc_top:u_soc_top|ipu_core:u_ipu_core|haze_removal_top:u_haze_removal_top|haze_removal_core:u_core|atm_light_coarse_tx:u_atm_light_coarse_tx|estimate_transmission:u_est_tx|invA_lut_q16:u_inv_r                                                                     ; invA_lut_q16           ; work         ;
;                      |min3_u8:u_min_c|                      ; 23 (23)             ; 0 (0)                     ; 0                 ; 0          ; 0    ; 0            ; |wrapper|soc_top:u_soc_top|ipu_core:u_ipu_core|haze_removal_top:u_haze_removal_top|haze_removal_core:u_core|atm_light_coarse_tx:u_atm_light_coarse_tx|estimate_transmission:u_est_tx|min3_u8:u_min_c                                                                          ; min3_u8                ; work         ;
;                      |norm_channel_q16:u_norm_b|            ; 8 (8)               ; 0 (0)                     ; 0                 ; 1          ; 0    ; 0            ; |wrapper|soc_top:u_soc_top|ipu_core:u_ipu_core|haze_removal_top:u_haze_removal_top|haze_removal_core:u_core|atm_light_coarse_tx:u_atm_light_coarse_tx|estimate_transmission:u_est_tx|norm_channel_q16:u_norm_b                                                                ; norm_channel_q16       ; work         ;
;                      |norm_channel_q16:u_norm_g|            ; 10 (10)             ; 0 (0)                     ; 0                 ; 1          ; 0    ; 0            ; |wrapper|soc_top:u_soc_top|ipu_core:u_ipu_core|haze_removal_top:u_haze_removal_top|haze_removal_core:u_core|atm_light_coarse_tx:u_atm_light_coarse_tx|estimate_transmission:u_est_tx|norm_channel_q16:u_norm_g                                                                ; norm_channel_q16       ; work         ;
;                      |norm_channel_q16:u_norm_r|            ; 3 (3)               ; 0 (0)                     ; 0                 ; 1          ; 0    ; 0            ; |wrapper|soc_top:u_soc_top|ipu_core:u_ipu_core|haze_removal_top:u_haze_removal_top|haze_removal_core:u_core|atm_light_coarse_tx:u_atm_light_coarse_tx|estimate_transmission:u_est_tx|norm_channel_q16:u_norm_r                                                                ; norm_channel_q16       ; work         ;
;                      |omega_clamp_t:u_omega_clamp|          ; 16 (16)             ; 0 (0)                     ; 0                 ; 0          ; 0    ; 0            ; |wrapper|soc_top:u_soc_top|ipu_core:u_ipu_core|haze_removal_top:u_haze_removal_top|haze_removal_core:u_core|atm_light_coarse_tx:u_atm_light_coarse_tx|estimate_transmission:u_est_tx|omega_clamp_t:u_omega_clamp                                                              ; omega_clamp_t          ; work         ;
;                   |grayscale:u_grayscale|                   ; 51 (51)             ; 8 (8)                     ; 0                 ; 0          ; 0    ; 0            ; |wrapper|soc_top:u_soc_top|ipu_core:u_ipu_core|haze_removal_top:u_haze_removal_top|haze_removal_core:u_core|atm_light_coarse_tx:u_atm_light_coarse_tx|grayscale:u_grayscale                                                                                                   ; grayscale              ; work         ;
;                   |sky_recognition:u_sky_recog|             ; 2 (2)               ; 2 (2)                     ; 0                 ; 0          ; 0    ; 0            ; |wrapper|soc_top:u_soc_top|ipu_core:u_ipu_core|haze_removal_top:u_haze_removal_top|haze_removal_core:u_core|atm_light_coarse_tx:u_atm_light_coarse_tx|sky_recognition:u_sky_recog                                                                                             ; sky_recognition        ; work         ;
;                |bank_bram:u_adc_frame_map|                  ; 10 (0)              ; 1 (0)                     ; 131072            ; 0          ; 0    ; 0            ; |wrapper|soc_top:u_soc_top|ipu_core:u_ipu_core|haze_removal_top:u_haze_removal_top|haze_removal_core:u_core|bank_bram:u_adc_frame_map                                                                                                                                         ; bank_bram              ; work         ;
;                   |altsyncram:mem_rtl_0|                    ; 10 (0)              ; 1 (0)                     ; 131072            ; 0          ; 0    ; 0            ; |wrapper|soc_top:u_soc_top|ipu_core:u_ipu_core|haze_removal_top:u_haze_removal_top|haze_removal_core:u_core|bank_bram:u_adc_frame_map|altsyncram:mem_rtl_0                                                                                                                    ; altsyncram             ; work         ;
;                      |altsyncram_s512:auto_generated|       ; 10 (0)              ; 1 (1)                     ; 131072            ; 0          ; 0    ; 0            ; |wrapper|soc_top:u_soc_top|ipu_core:u_ipu_core|haze_removal_top:u_haze_removal_top|haze_removal_core:u_core|bank_bram:u_adc_frame_map|altsyncram:mem_rtl_0|altsyncram_s512:auto_generated                                                                                     ; altsyncram_s512        ; work         ;
;                         |decode_5la:decode2|                ; 2 (2)               ; 0 (0)                     ; 0                 ; 0          ; 0    ; 0            ; |wrapper|soc_top:u_soc_top|ipu_core:u_ipu_core|haze_removal_top:u_haze_removal_top|haze_removal_core:u_core|bank_bram:u_adc_frame_map|altsyncram:mem_rtl_0|altsyncram_s512:auto_generated|decode_5la:decode2                                                                  ; decode_5la             ; work         ;
;                         |mux_lfb:mux3|                      ; 8 (8)               ; 0 (0)                     ; 0                 ; 0          ; 0    ; 0            ; |wrapper|soc_top:u_soc_top|ipu_core:u_ipu_core|haze_removal_top:u_haze_removal_top|haze_removal_core:u_core|bank_bram:u_adc_frame_map|altsyncram:mem_rtl_0|altsyncram_s512:auto_generated|mux_lfb:mux3                                                                        ; mux_lfb                ; work         ;
;                |bank_bram:u_tx_frame_map|                   ; 2 (0)               ; 1 (0)                     ; 131072            ; 0          ; 0    ; 0            ; |wrapper|soc_top:u_soc_top|ipu_core:u_ipu_core|haze_removal_top:u_haze_removal_top|haze_removal_core:u_core|bank_bram:u_tx_frame_map                                                                                                                                          ; bank_bram              ; work         ;
;                   |altsyncram:mem_rtl_0|                    ; 2 (0)               ; 1 (0)                     ; 131072            ; 0          ; 0    ; 0            ; |wrapper|soc_top:u_soc_top|ipu_core:u_ipu_core|haze_removal_top:u_haze_removal_top|haze_removal_core:u_core|bank_bram:u_tx_frame_map|altsyncram:mem_rtl_0                                                                                                                     ; altsyncram             ; work         ;
;                      |altsyncram_s512:auto_generated|       ; 2 (0)               ; 1 (1)                     ; 131072            ; 0          ; 0    ; 0            ; |wrapper|soc_top:u_soc_top|ipu_core:u_ipu_core|haze_removal_top:u_haze_removal_top|haze_removal_core:u_core|bank_bram:u_tx_frame_map|altsyncram:mem_rtl_0|altsyncram_s512:auto_generated                                                                                      ; altsyncram_s512        ; work         ;
;                         |decode_5la:decode2|                ; 2 (2)               ; 0 (0)                     ; 0                 ; 0          ; 0    ; 0            ; |wrapper|soc_top:u_soc_top|ipu_core:u_ipu_core|haze_removal_top:u_haze_removal_top|haze_removal_core:u_core|bank_bram:u_tx_frame_map|altsyncram:mem_rtl_0|altsyncram_s512:auto_generated|decode_5la:decode2                                                                   ; decode_5la             ; work         ;
;                |fusing:u_fusing_direct|                     ; 6 (6)               ; 18 (18)                   ; 0                 ; 0          ; 0    ; 0            ; |wrapper|soc_top:u_soc_top|ipu_core:u_ipu_core|haze_removal_top:u_haze_removal_top|haze_removal_core:u_core|fusing:u_fusing_direct                                                                                                                                            ; fusing                 ; work         ;
;                |recip_lut_q16:u_recip_Amax|                 ; 58 (58)             ; 0 (0)                     ; 0                 ; 0          ; 0    ; 0            ; |wrapper|soc_top:u_soc_top|ipu_core:u_ipu_core|haze_removal_top:u_haze_removal_top|haze_removal_core:u_core|recip_lut_q16:u_recip_Amax                                                                                                                                        ; recip_lut_q16          ; work         ;
;                |recip_lut_q16:u_recip_range|                ; 62 (62)             ; 0 (0)                     ; 0                 ; 0          ; 0    ; 0            ; |wrapper|soc_top:u_soc_top|ipu_core:u_ipu_core|haze_removal_top:u_haze_removal_top|haze_removal_core:u_core|recip_lut_q16:u_recip_range                                                                                                                                       ; recip_lut_q16          ; work         ;
;          |ipu_bram_reader:u_ipu_bram_reader|                ; 157 (157)           ; 150 (150)                 ; 0                 ; 0          ; 0    ; 0            ; |wrapper|soc_top:u_soc_top|ipu_core:u_ipu_core|ipu_bram_reader:u_ipu_bram_reader                                                                                                                                                                                              ; ipu_bram_reader        ; work         ;
;          |ipu_bram_writer:u_ipu_bram_writer|                ; 102 (102)           ; 116 (116)                 ; 0                 ; 0          ; 0    ; 0            ; |wrapper|soc_top:u_soc_top|ipu_core:u_ipu_core|ipu_bram_writer:u_ipu_bram_writer                                                                                                                                                                                              ; ipu_bram_writer        ; work         ;
;          |ipu_control_logic:u_ipu_control_logic|            ; 19 (19)             ; 13 (13)                   ; 0                 ; 0          ; 0    ; 0            ; |wrapper|soc_top:u_soc_top|ipu_core:u_ipu_core|ipu_control_logic:u_ipu_control_logic                                                                                                                                                                                          ; ipu_control_logic      ; work         ;
;       |peri_apb_wrapper:u_peri_apb_wrapper|                 ; 69 (0)              ; 152 (0)                   ; 0                 ; 0          ; 0    ; 0            ; |wrapper|soc_top:u_soc_top|peri_apb_wrapper:u_peri_apb_wrapper                                                                                                                                                                                                                ; peri_apb_wrapper       ; work         ;
;          |peripherals:u_peripherals|                        ; 69 (13)             ; 152 (152)                 ; 0                 ; 0          ; 0    ; 0            ; |wrapper|soc_top:u_soc_top|peri_apb_wrapper:u_peri_apb_wrapper|peripherals:u_peripherals                                                                                                                                                                                      ; peripherals            ; work         ;
;             |SevenSegment:ssc|                              ; 56 (56)             ; 0 (0)                     ; 0                 ; 0          ; 0    ; 0            ; |wrapper|soc_top:u_soc_top|peri_apb_wrapper:u_peri_apb_wrapper|peripherals:u_peripherals|SevenSegment:ssc                                                                                                                                                                     ; SevenSegment           ; work         ;
;       |single_cycle:u_single_cycle|                         ; 1950 (4)            ; 1027 (3)                  ; 195072            ; 0          ; 0    ; 0            ; |wrapper|soc_top:u_soc_top|single_cycle:u_single_cycle                                                                                                                                                                                                                        ; single_cycle           ; work         ;
;          |PCplus4:PCplus4|                                  ; 30 (30)             ; 0 (0)                     ; 0                 ; 0          ; 0    ; 0            ; |wrapper|soc_top:u_soc_top|single_cycle:u_single_cycle|PCplus4:PCplus4                                                                                                                                                                                                        ; PCplus4                ; work         ;
;          |alu:alu|                                          ; 411 (378)           ; 0 (0)                     ; 0                 ; 0          ; 0    ; 0            ; |wrapper|soc_top:u_soc_top|single_cycle:u_single_cycle|alu:alu                                                                                                                                                                                                                ; alu                    ; work         ;
;             |cla_32bit:adder|                               ; 33 (33)             ; 0 (0)                     ; 0                 ; 0          ; 0    ; 0            ; |wrapper|soc_top:u_soc_top|single_cycle:u_single_cycle|alu:alu|cla_32bit:adder                                                                                                                                                                                                ; cla_32bit              ; work         ;
;          |brc:brc|                                          ; 48 (15)             ; 0 (0)                     ; 0                 ; 0          ; 0    ; 0            ; |wrapper|soc_top:u_soc_top|single_cycle:u_single_cycle|brc:brc                                                                                                                                                                                                                ; brc                    ; work         ;
;             |cla_32bit:subtractor|                          ; 33 (33)             ; 0 (0)                     ; 0                 ; 0          ; 0    ; 0            ; |wrapper|soc_top:u_soc_top|single_cycle:u_single_cycle|brc:brc|cla_32bit:subtractor                                                                                                                                                                                           ; cla_32bit              ; work         ;
;          |control_logic:control_logic|                      ; 36 (36)             ; 0 (0)                     ; 0                 ; 0          ; 0    ; 0            ; |wrapper|soc_top:u_soc_top|single_cycle:u_single_cycle|control_logic:control_logic                                                                                                                                                                                            ; control_logic          ; work         ;
;          |instr_mem:instr_mem_inst|                         ; 0 (0)               ; 0 (0)                     ; 64000             ; 0          ; 0    ; 0            ; |wrapper|soc_top:u_soc_top|single_cycle:u_single_cycle|instr_mem:instr_mem_inst                                                                                                                                                                                               ; instr_mem              ; work         ;
;             |altsyncram:IMem_rtl_0|                         ; 0 (0)               ; 0 (0)                     ; 64000             ; 0          ; 0    ; 0            ; |wrapper|soc_top:u_soc_top|single_cycle:u_single_cycle|instr_mem:instr_mem_inst|altsyncram:IMem_rtl_0                                                                                                                                                                         ; altsyncram             ; work         ;
;                |altsyncram_8if1:auto_generated|             ; 0 (0)               ; 0 (0)                     ; 64000             ; 0          ; 0    ; 0            ; |wrapper|soc_top:u_soc_top|single_cycle:u_single_cycle|instr_mem:instr_mem_inst|altsyncram:IMem_rtl_0|altsyncram_8if1:auto_generated                                                                                                                                          ; altsyncram_8if1        ; work         ;
;          |lsu:lsu|                                          ; 149 (110)           ; 0 (0)                     ; 131072            ; 0          ; 0    ; 0            ; |wrapper|soc_top:u_soc_top|single_cycle:u_single_cycle|lsu:lsu                                                                                                                                                                                                                ; lsu                    ; work         ;
;             |memory:mem|                                    ; 39 (39)             ; 0 (0)                     ; 131072            ; 0          ; 0    ; 0            ; |wrapper|soc_top:u_soc_top|single_cycle:u_single_cycle|lsu:lsu|memory:mem                                                                                                                                                                                                     ; memory                 ; work         ;
;                |altsyncram:mem_b0_rtl_0|                    ; 0 (0)               ; 0 (0)                     ; 32768             ; 0          ; 0    ; 0            ; |wrapper|soc_top:u_soc_top|single_cycle:u_single_cycle|lsu:lsu|memory:mem|altsyncram:mem_b0_rtl_0                                                                                                                                                                             ; altsyncram             ; work         ;
;                   |altsyncram_tt22:auto_generated|          ; 0 (0)               ; 0 (0)                     ; 32768             ; 0          ; 0    ; 0            ; |wrapper|soc_top:u_soc_top|single_cycle:u_single_cycle|lsu:lsu|memory:mem|altsyncram:mem_b0_rtl_0|altsyncram_tt22:auto_generated                                                                                                                                              ; altsyncram_tt22        ; work         ;
;                |altsyncram:mem_b1_rtl_0|                    ; 0 (0)               ; 0 (0)                     ; 32768             ; 0          ; 0    ; 0            ; |wrapper|soc_top:u_soc_top|single_cycle:u_single_cycle|lsu:lsu|memory:mem|altsyncram:mem_b1_rtl_0                                                                                                                                                                             ; altsyncram             ; work         ;
;                   |altsyncram_ut22:auto_generated|          ; 0 (0)               ; 0 (0)                     ; 32768             ; 0          ; 0    ; 0            ; |wrapper|soc_top:u_soc_top|single_cycle:u_single_cycle|lsu:lsu|memory:mem|altsyncram:mem_b1_rtl_0|altsyncram_ut22:auto_generated                                                                                                                                              ; altsyncram_ut22        ; work         ;
;                |altsyncram:mem_b2_rtl_0|                    ; 0 (0)               ; 0 (0)                     ; 32768             ; 0          ; 0    ; 0            ; |wrapper|soc_top:u_soc_top|single_cycle:u_single_cycle|lsu:lsu|memory:mem|altsyncram:mem_b2_rtl_0                                                                                                                                                                             ; altsyncram             ; work         ;
;                   |altsyncram_vt22:auto_generated|          ; 0 (0)               ; 0 (0)                     ; 32768             ; 0          ; 0    ; 0            ; |wrapper|soc_top:u_soc_top|single_cycle:u_single_cycle|lsu:lsu|memory:mem|altsyncram:mem_b2_rtl_0|altsyncram_vt22:auto_generated                                                                                                                                              ; altsyncram_vt22        ; work         ;
;                |altsyncram:mem_b3_rtl_0|                    ; 0 (0)               ; 0 (0)                     ; 32768             ; 0          ; 0    ; 0            ; |wrapper|soc_top:u_soc_top|single_cycle:u_single_cycle|lsu:lsu|memory:mem|altsyncram:mem_b3_rtl_0                                                                                                                                                                             ; altsyncram             ; work         ;
;                   |altsyncram_ej22:auto_generated|          ; 0 (0)               ; 0 (0)                     ; 32768             ; 0          ; 0    ; 0            ; |wrapper|soc_top:u_soc_top|single_cycle:u_single_cycle|lsu:lsu|memory:mem|altsyncram:mem_b3_rtl_0|altsyncram_ej22:auto_generated                                                                                                                                              ; altsyncram_ej22        ; work         ;
;          |mux2:mux_opa|                                     ; 32 (32)             ; 0 (0)                     ; 0                 ; 0          ; 0    ; 0            ; |wrapper|soc_top:u_soc_top|single_cycle:u_single_cycle|mux2:mux_opa                                                                                                                                                                                                           ; mux2                   ; work         ;
;          |mux2:mux_opb|                                     ; 54 (54)             ; 0 (0)                     ; 0                 ; 0          ; 0    ; 0            ; |wrapper|soc_top:u_soc_top|single_cycle:u_single_cycle|mux2:mux_opb                                                                                                                                                                                                           ; mux2                   ; work         ;
;          |mux3:wb|                                          ; 432 (432)           ; 0 (0)                     ; 0                 ; 0          ; 0    ; 0            ; |wrapper|soc_top:u_soc_top|single_cycle:u_single_cycle|mux3:wb                                                                                                                                                                                                                ; mux3                   ; work         ;
;          |pc:pc|                                            ; 1 (1)               ; 32 (32)                   ; 0                 ; 0          ; 0    ; 0            ; |wrapper|soc_top:u_soc_top|single_cycle:u_single_cycle|pc:pc                                                                                                                                                                                                                  ; pc                     ; work         ;
;          |regfile:regfile|                                  ; 753 (753)           ; 992 (992)                 ; 0                 ; 0          ; 0    ; 0            ; |wrapper|soc_top:u_soc_top|single_cycle:u_single_cycle|regfile:regfile                                                                                                                                                                                                        ; regfile                ; work         ;
;    |vga_controller:u_vga_controller|                        ; 54 (29)             ; 21 (0)                    ; 0                 ; 0          ; 0    ; 0            ; |wrapper|vga_controller:u_vga_controller                                                                                                                                                                                                                                      ; vga_controller         ; work         ;
;       |vga_horizontal_counter:vga_horizontal_counter_u|     ; 13 (13)             ; 11 (11)                   ; 0                 ; 0          ; 0    ; 0            ; |wrapper|vga_controller:u_vga_controller|vga_horizontal_counter:vga_horizontal_counter_u                                                                                                                                                                                      ; vga_horizontal_counter ; work         ;
;       |vga_pll:pll_u|                                       ; 0 (0)               ; 0 (0)                     ; 0                 ; 0          ; 0    ; 0            ; |wrapper|vga_controller:u_vga_controller|vga_pll:pll_u                                                                                                                                                                                                                        ; vga_pll                ; work         ;
;          |altpll:altpll_component|                          ; 0 (0)               ; 0 (0)                     ; 0                 ; 0          ; 0    ; 0            ; |wrapper|vga_controller:u_vga_controller|vga_pll:pll_u|altpll:altpll_component                                                                                                                                                                                                ; altpll                 ; work         ;
;             |vga_pll_altpll:auto_generated|                 ; 0 (0)               ; 0 (0)                     ; 0                 ; 0          ; 0    ; 0            ; |wrapper|vga_controller:u_vga_controller|vga_pll:pll_u|altpll:altpll_component|vga_pll_altpll:auto_generated                                                                                                                                                                  ; vga_pll_altpll         ; work         ;
;       |vga_vertical_counter:vga_vertical_counter_u|         ; 12 (12)             ; 10 (10)                   ; 0                 ; 0          ; 0    ; 0            ; |wrapper|vga_controller:u_vga_controller|vga_vertical_counter:vga_vertical_counter_u                                                                                                                                                                                          ; vga_vertical_counter   ; work         ;
+-------------------------------------------------------------+---------------------+---------------------------+-------------------+------------+------+--------------+-------------------------------------------------------------------------------------------------------------------------------------------------------------------------------------------------------------------------------------------------------------------------------+------------------------+--------------+
Note: For table entries with two numbers listed, the numbers in parentheses indicate the number of resources of the given type used by the specific entity alone. The numbers listed outside of parentheses indicate the total resources of the given type used by the specific entity and all of its sub-entities in the hierarchy.


+----------------------------------------------------------------------------------------------------------------------------------------------------------------------------------------------------------------------------------------------------------------------------------------------------------------------------------------------------------------------------------------------------------------------------+
; Analysis & Synthesis RAM Summary                                                                                                                                                                                                                                                                                                                                                                                           ;
+--------------------------------------------------------------------------------------------------------------------------------------------------------------------------------------------------------------------------------------------------------------+------------+------------------+--------------+--------------+--------------+--------------+--------+--------------------------------------------------------+
; Name                                                                                                                                                                                                                                                         ; Type       ; Mode             ; Port A Depth ; Port A Width ; Port B Depth ; Port B Width ; Size   ; MIF                                                    ;
+--------------------------------------------------------------------------------------------------------------------------------------------------------------------------------------------------------------------------------------------------------------+------------+------------------+--------------+--------------+--------------+--------------+--------+--------------------------------------------------------+
; soc_top:u_soc_top|img_in_bram:u_img_in_bram|altsyncram:mem_rtl_0|altsyncram_6h32:auto_generated|ALTSYNCRAM                                                                                                                                                   ; M10K block ; True Dual Port   ; 16384        ; 32           ; 16384        ; 32           ; 524288 ; db/thesis_v1.ram0_img_in_bram_b0270046.hdl.mif         ;
; soc_top:u_soc_top|img_out_bram:u_img_out_bram|altsyncram:mem_rtl_0|altsyncram_5252:auto_generated|ALTSYNCRAM                                                                                                                                                 ; M10K block ; True Dual Port   ; 16384        ; 32           ; 16384        ; 32           ; 524288 ; db/thesis_v1.ram0_img_out_bram_7d49a78e.hdl.mif        ;
; soc_top:u_soc_top|img_tmp_bram:u_img_tmp_bram|altsyncram:mem_rtl_0|altsyncram_q3t1:auto_generated|ALTSYNCRAM                                                                                                                                                 ; M10K block ; Simple Dual Port ; 16384        ; 32           ; 16384        ; 32           ; 524288 ; db/thesis_v1.ram0_img_tmp_bram_bc9f8165.hdl.mif        ;
; soc_top:u_soc_top|ipu_core:u_ipu_core|haze_removal_top:u_haze_removal_top|haze_removal_core:u_core|adc_estimation:u_adc_estimation|adc_line_buffer_5x5:u_line_buf_gray|altsyncram:line_buf_0_rtl_0|altsyncram_1ur1:auto_generated|ALTSYNCRAM                 ; M10K block ; Simple Dual Port ; 128          ; 8            ; 128          ; 8            ; 1024   ; db/thesis_v1.ram0_adc_line_buffer_5x5_b18addee.hdl.mif ;
; soc_top:u_soc_top|ipu_core:u_ipu_core|haze_removal_top:u_haze_removal_top|haze_removal_core:u_core|adc_estimation:u_adc_estimation|adc_line_buffer_5x5:u_line_buf_gray|altsyncram:line_buf_1_rtl_0|altsyncram_2ur1:auto_generated|ALTSYNCRAM                 ; M10K block ; Simple Dual Port ; 128          ; 8            ; 128          ; 8            ; 1024   ; db/thesis_v1.ram1_adc_line_buffer_5x5_b18addee.hdl.mif ;
; soc_top:u_soc_top|ipu_core:u_ipu_core|haze_removal_top:u_haze_removal_top|haze_removal_core:u_core|adc_estimation:u_adc_estimation|adc_line_buffer_5x5:u_line_buf_gray|altsyncram:line_buf_2_rtl_0|altsyncram_3ur1:auto_generated|ALTSYNCRAM                 ; M10K block ; Simple Dual Port ; 128          ; 8            ; 128          ; 8            ; 1024   ; db/thesis_v1.ram2_adc_line_buffer_5x5_b18addee.hdl.mif ;
; soc_top:u_soc_top|ipu_core:u_ipu_core|haze_removal_top:u_haze_removal_top|haze_removal_core:u_core|adc_estimation:u_adc_estimation|adc_line_buffer_5x5:u_line_buf_gray|altsyncram:line_buf_3_rtl_0|altsyncram_4ur1:auto_generated|ALTSYNCRAM                 ; M10K block ; Simple Dual Port ; 128          ; 8            ; 128          ; 8            ; 1024   ; db/thesis_v1.ram3_adc_line_buffer_5x5_b18addee.hdl.mif ;
; soc_top:u_soc_top|ipu_core:u_ipu_core|haze_removal_top:u_haze_removal_top|haze_removal_core:u_core|adc_estimation:u_adc_estimation|adc_line_buffer_5x5:u_line_buf_mc|altsyncram:line_buf_0_rtl_0|altsyncram_1ur1:auto_generated|ALTSYNCRAM                   ; M10K block ; Simple Dual Port ; 128          ; 8            ; 128          ; 8            ; 1024   ; db/thesis_v1.ram0_adc_line_buffer_5x5_b18addee.hdl.mif ;
; soc_top:u_soc_top|ipu_core:u_ipu_core|haze_removal_top:u_haze_removal_top|haze_removal_core:u_core|adc_estimation:u_adc_estimation|adc_line_buffer_5x5:u_line_buf_mc|altsyncram:line_buf_1_rtl_0|altsyncram_2ur1:auto_generated|ALTSYNCRAM                   ; M10K block ; Simple Dual Port ; 128          ; 8            ; 128          ; 8            ; 1024   ; db/thesis_v1.ram1_adc_line_buffer_5x5_b18addee.hdl.mif ;
; soc_top:u_soc_top|ipu_core:u_ipu_core|haze_removal_top:u_haze_removal_top|haze_removal_core:u_core|adc_estimation:u_adc_estimation|adc_line_buffer_5x5:u_line_buf_mc|altsyncram:line_buf_2_rtl_0|altsyncram_3ur1:auto_generated|ALTSYNCRAM                   ; M10K block ; Simple Dual Port ; 128          ; 8            ; 128          ; 8            ; 1024   ; db/thesis_v1.ram2_adc_line_buffer_5x5_b18addee.hdl.mif ;
; soc_top:u_soc_top|ipu_core:u_ipu_core|haze_removal_top:u_haze_removal_top|haze_removal_core:u_core|adc_estimation:u_adc_estimation|adc_line_buffer_5x5:u_line_buf_mc|altsyncram:line_buf_3_rtl_0|altsyncram_4ur1:auto_generated|ALTSYNCRAM                   ; M10K block ; Simple Dual Port ; 128          ; 8            ; 128          ; 8            ; 1024   ; db/thesis_v1.ram3_adc_line_buffer_5x5_b18addee.hdl.mif ;
; soc_top:u_soc_top|ipu_core:u_ipu_core|haze_removal_top:u_haze_removal_top|haze_removal_core:u_core|atm_light_coarse_tx:u_atm_light_coarse_tx|bank_pingpong_stream:u_bank_tx|bank_bram:u_bank1|altsyncram:mem_rtl_0|altsyncram_s512:auto_generated|ALTSYNCRAM ; M10K block ; Simple Dual Port ; 16384        ; 8            ; 16384        ; 8            ; 131072 ; db/thesis_v1.ram0_bank_bram_42e900fc.hdl.mif           ;
; soc_top:u_soc_top|ipu_core:u_ipu_core|haze_removal_top:u_haze_removal_top|haze_removal_core:u_core|atm_light_coarse_tx:u_atm_light_coarse_tx|bank_pingpong_stream:u_bank_tx|bank_bram:u_bank2|altsyncram:mem_rtl_0|altsyncram_s512:auto_generated|ALTSYNCRAM ; M10K block ; Simple Dual Port ; 16384        ; 8            ; 16384        ; 8            ; 131072 ; db/thesis_v1.ram0_bank_bram_42e900fc.hdl.mif           ;
; soc_top:u_soc_top|ipu_core:u_ipu_core|haze_removal_top:u_haze_removal_top|haze_removal_core:u_core|bank_bram:u_adc_frame_map|altsyncram:mem_rtl_0|altsyncram_s512:auto_generated|ALTSYNCRAM                                                                  ; M10K block ; Simple Dual Port ; 16384        ; 8            ; 16384        ; 8            ; 131072 ; db/thesis_v1.ram0_bank_bram_42e900fc.hdl.mif           ;
; soc_top:u_soc_top|ipu_core:u_ipu_core|haze_removal_top:u_haze_removal_top|haze_removal_core:u_core|bank_bram:u_tx_frame_map|altsyncram:mem_rtl_0|altsyncram_s512:auto_generated|ALTSYNCRAM                                                                   ; M10K block ; Simple Dual Port ; 16384        ; 8            ; 16384        ; 8            ; 131072 ; db/thesis_v1.ram0_bank_bram_42e900fc.hdl.mif           ;
; soc_top:u_soc_top|single_cycle:u_single_cycle|instr_mem:instr_mem_inst|altsyncram:IMem_rtl_0|altsyncram_8if1:auto_generated|ALTSYNCRAM                                                                                                                       ; M10K block ; ROM              ; 2000         ; 32           ; --           ; --           ; 64000  ; db/thesis_v1.ram0_instr_mem_8ff0214b.hdl.mif           ;
; soc_top:u_soc_top|single_cycle:u_single_cycle|lsu:lsu|memory:mem|altsyncram:mem_b0_rtl_0|altsyncram_tt22:auto_generated|ALTSYNCRAM                                                                                                                           ; M10K block ; True Dual Port   ; 4096         ; 8            ; 4096         ; 8            ; 32768  ; db/thesis_v1.ram0_memory_739a0be.hdl.mif               ;
; soc_top:u_soc_top|single_cycle:u_single_cycle|lsu:lsu|memory:mem|altsyncram:mem_b1_rtl_0|altsyncram_ut22:auto_generated|ALTSYNCRAM                                                                                                                           ; M10K block ; True Dual Port   ; 4096         ; 8            ; 4096         ; 8            ; 32768  ; db/thesis_v1.ram1_memory_739a0be.hdl.mif               ;
; soc_top:u_soc_top|single_cycle:u_single_cycle|lsu:lsu|memory:mem|altsyncram:mem_b2_rtl_0|altsyncram_vt22:auto_generated|ALTSYNCRAM                                                                                                                           ; M10K block ; True Dual Port   ; 4096         ; 8            ; 4096         ; 8            ; 32768  ; db/thesis_v1.ram2_memory_739a0be.hdl.mif               ;
; soc_top:u_soc_top|single_cycle:u_single_cycle|lsu:lsu|memory:mem|altsyncram:mem_b3_rtl_0|altsyncram_ej22:auto_generated|ALTSYNCRAM                                                                                                                           ; M10K block ; True Dual Port   ; 4096         ; 8            ; 4096         ; 8            ; 32768  ; db/thesis_v1.ram3_memory_739a0be.hdl.mif               ;
+--------------------------------------------------------------------------------------------------------------------------------------------------------------------------------------------------------------------------------------------------------------+------------+------------------+--------------+--------------+--------------+--------------+--------+--------------------------------------------------------+


+-----------------------------------------------+
; Analysis & Synthesis DSP Block Usage Summary  ;
+---------------------------------+-------------+
; Statistic                       ; Number Used ;
+---------------------------------+-------------+
; Independent 9x9                 ; 24          ;
; Two Independent 18x18           ; 6           ;
; Independent 18x18 plus 36       ; 2           ;
; Sum of two 18x18                ; 3           ;
; Independent 27x27               ; 3           ;
; Total number of DSP blocks      ; 38          ;
;                                 ;             ;
; Fixed Point Unsigned Multiplier ; 41          ;
+---------------------------------+-------------+


Encoding Type:  One-Hot
+------------------------------------------------------------------------------------------------------------------------------------------------------------------------------------------+
; State Machine - |wrapper|soc_top:u_soc_top|ipu_core:u_ipu_core|ipu_control_logic:u_ipu_control_logic|state_prev                                                                          ;
+-----------------------+-------------------+-----------------------+------------------+--------------------+------------------+-------------------+-------------------+-------------------+
; Name                  ; state_prev.S_DONE ; state_prev.S_RECOVERY ; state_prev.S_ADC ; state_prev.S_TRANS ; state_prev.S_SKY ; state_prev.S_DARK ; state_prev.S_LOAD ; state_prev.S_IDLE ;
+-----------------------+-------------------+-----------------------+------------------+--------------------+------------------+-------------------+-------------------+-------------------+
; state_prev.S_IDLE     ; 0                 ; 0                     ; 0                ; 0                  ; 0                ; 0                 ; 0                 ; 0                 ;
; state_prev.S_LOAD     ; 0                 ; 0                     ; 0                ; 0                  ; 0                ; 0                 ; 1                 ; 1                 ;
; state_prev.S_DARK     ; 0                 ; 0                     ; 0                ; 0                  ; 0                ; 1                 ; 0                 ; 1                 ;
; state_prev.S_SKY      ; 0                 ; 0                     ; 0                ; 0                  ; 1                ; 0                 ; 0                 ; 1                 ;
; state_prev.S_TRANS    ; 0                 ; 0                     ; 0                ; 1                  ; 0                ; 0                 ; 0                 ; 1                 ;
; state_prev.S_ADC      ; 0                 ; 0                     ; 1                ; 0                  ; 0                ; 0                 ; 0                 ; 1                 ;
; state_prev.S_RECOVERY ; 0                 ; 1                     ; 0                ; 0                  ; 0                ; 0                 ; 0                 ; 1                 ;
; state_prev.S_DONE     ; 1                 ; 0                     ; 0                ; 0                  ; 0                ; 0                 ; 0                 ; 1                 ;
+-----------------------+-------------------+-----------------------+------------------+--------------------+------------------+-------------------+-------------------+-------------------+


Encoding Type:  One-Hot
+---------------------------------------------------------------------------------------------------------------------------------------------------------------+
; State Machine - |wrapper|soc_top:u_soc_top|ipu_core:u_ipu_core|ipu_control_logic:u_ipu_control_logic|state_c                                                  ;
+--------------------+----------------+--------------------+---------------+-----------------+---------------+----------------+----------------+----------------+
; Name               ; state_c.S_DONE ; state_c.S_RECOVERY ; state_c.S_ADC ; state_c.S_TRANS ; state_c.S_SKY ; state_c.S_DARK ; state_c.S_LOAD ; state_c.S_IDLE ;
+--------------------+----------------+--------------------+---------------+-----------------+---------------+----------------+----------------+----------------+
; state_c.S_IDLE     ; 0              ; 0                  ; 0             ; 0               ; 0             ; 0              ; 0              ; 0              ;
; state_c.S_LOAD     ; 0              ; 0                  ; 0             ; 0               ; 0             ; 0              ; 1              ; 1              ;
; state_c.S_DARK     ; 0              ; 0                  ; 0             ; 0               ; 0             ; 1              ; 0              ; 1              ;
; state_c.S_SKY      ; 0              ; 0                  ; 0             ; 0               ; 1             ; 0              ; 0              ; 1              ;
; state_c.S_TRANS    ; 0              ; 0                  ; 0             ; 1               ; 0             ; 0              ; 0              ; 1              ;
; state_c.S_ADC      ; 0              ; 0                  ; 1             ; 0               ; 0             ; 0              ; 0              ; 1              ;
; state_c.S_RECOVERY ; 0              ; 1                  ; 0             ; 0               ; 0             ; 0              ; 0              ; 1              ;
; state_c.S_DONE     ; 1              ; 0                  ; 0             ; 0               ; 0             ; 0              ; 0              ; 1              ;
+--------------------+----------------+--------------------+---------------+-----------------+---------------+----------------+----------------+----------------+


Encoding Type:  One-Hot
+----------------------------------------------------------------------------------+
; State Machine - |wrapper|soc_top:u_soc_top|single_cycle:u_single_cycle|cpu_state ;
+------------------+-----------------+------------------+--------------------------+
; Name             ; cpu_state.FETCH ; cpu_state.MEM_WB ; cpu_state.EXEC           ;
+------------------+-----------------+------------------+--------------------------+
; cpu_state.FETCH  ; 0               ; 0                ; 0                        ;
; cpu_state.EXEC   ; 1               ; 0                ; 1                        ;
; cpu_state.MEM_WB ; 1               ; 1                ; 0                        ;
+------------------+-----------------+------------------+--------------------------+


+---------------------------------------------------------------------------------------------------------------------------------------------------------------------------------------------------------------------------------------------------------------------------------------------------------------------------------------------------------------------------------------------------------------------+
; Registers Removed During Synthesis                                                                                                                                                                                                                                                                                                                                                                                  ;
+------------------------------------------------------------------------------------------------------------------------------------------------------------------------------------------------------+--------------------------------------------------------------------------------------------------------------------------------------------------------------------------------------------------------------+
; Register name                                                                                                                                                                                        ; Reason for Removal                                                                                                                                                                                           ;
+------------------------------------------------------------------------------------------------------------------------------------------------------------------------------------------------------+--------------------------------------------------------------------------------------------------------------------------------------------------------------------------------------------------------------+
; soc_top:u_soc_top|img_out_b_en_r                                                                                                                                                                     ; Stuck at VCC due to stuck port data_in                                                                                                                                                                       ;
; soc_top:u_soc_top|ipu_core:u_ipu_core|r_ipu_status[3..31]                                                                                                                                            ; Stuck at GND due to stuck port data_in                                                                                                                                                                       ;
; soc_top:u_soc_top|ipu_core:u_ipu_core|r_ipu_debug[3..31]                                                                                                                                             ; Stuck at GND due to stuck port data_in                                                                                                                                                                       ;
; soc_top:u_soc_top|ipu_core:u_ipu_core|r_ipu_id[31]                                                                                                                                                   ; Stuck at GND due to stuck port data_in                                                                                                                                                                       ;
; soc_top:u_soc_top|ipu_core:u_ipu_core|r_ipu_id[30]                                                                                                                                                   ; Stuck at VCC due to stuck port data_in                                                                                                                                                                       ;
; soc_top:u_soc_top|ipu_core:u_ipu_core|r_ipu_id[28,29]                                                                                                                                                ; Stuck at GND due to stuck port data_in                                                                                                                                                                       ;
; soc_top:u_soc_top|ipu_core:u_ipu_core|r_ipu_id[27]                                                                                                                                                   ; Stuck at VCC due to stuck port data_in                                                                                                                                                                       ;
; soc_top:u_soc_top|ipu_core:u_ipu_core|r_ipu_id[25,26]                                                                                                                                                ; Stuck at GND due to stuck port data_in                                                                                                                                                                       ;
; soc_top:u_soc_top|ipu_core:u_ipu_core|r_ipu_id[24]                                                                                                                                                   ; Stuck at VCC due to stuck port data_in                                                                                                                                                                       ;
; soc_top:u_soc_top|ipu_core:u_ipu_core|r_ipu_id[23]                                                                                                                                                   ; Stuck at GND due to stuck port data_in                                                                                                                                                                       ;
; soc_top:u_soc_top|ipu_core:u_ipu_core|r_ipu_id[22]                                                                                                                                                   ; Stuck at VCC due to stuck port data_in                                                                                                                                                                       ;
; soc_top:u_soc_top|ipu_core:u_ipu_core|r_ipu_id[21]                                                                                                                                                   ; Stuck at GND due to stuck port data_in                                                                                                                                                                       ;
; soc_top:u_soc_top|ipu_core:u_ipu_core|r_ipu_id[20]                                                                                                                                                   ; Stuck at VCC due to stuck port data_in                                                                                                                                                                       ;
; soc_top:u_soc_top|ipu_core:u_ipu_core|r_ipu_id[15..19]                                                                                                                                               ; Stuck at GND due to stuck port data_in                                                                                                                                                                       ;
; soc_top:u_soc_top|ipu_core:u_ipu_core|r_ipu_id[14]                                                                                                                                                   ; Stuck at VCC due to stuck port data_in                                                                                                                                                                       ;
; soc_top:u_soc_top|ipu_core:u_ipu_core|r_ipu_id[13]                                                                                                                                                   ; Stuck at GND due to stuck port data_in                                                                                                                                                                       ;
; soc_top:u_soc_top|ipu_core:u_ipu_core|r_ipu_id[12]                                                                                                                                                   ; Stuck at VCC due to stuck port data_in                                                                                                                                                                       ;
; soc_top:u_soc_top|ipu_core:u_ipu_core|r_ipu_id[11]                                                                                                                                                   ; Stuck at GND due to stuck port data_in                                                                                                                                                                       ;
; soc_top:u_soc_top|ipu_core:u_ipu_core|r_ipu_id[10]                                                                                                                                                   ; Stuck at VCC due to stuck port data_in                                                                                                                                                                       ;
; soc_top:u_soc_top|ipu_core:u_ipu_core|r_ipu_id[9]                                                                                                                                                    ; Stuck at GND due to stuck port data_in                                                                                                                                                                       ;
; soc_top:u_soc_top|ipu_core:u_ipu_core|r_ipu_id[8]                                                                                                                                                    ; Stuck at VCC due to stuck port data_in                                                                                                                                                                       ;
; soc_top:u_soc_top|ipu_core:u_ipu_core|r_ipu_id[6,7]                                                                                                                                                  ; Stuck at GND due to stuck port data_in                                                                                                                                                                       ;
; soc_top:u_soc_top|ipu_core:u_ipu_core|r_ipu_id[4,5]                                                                                                                                                  ; Stuck at VCC due to stuck port data_in                                                                                                                                                                       ;
; soc_top:u_soc_top|ipu_core:u_ipu_core|r_ipu_id[1..3]                                                                                                                                                 ; Stuck at GND due to stuck port data_in                                                                                                                                                                       ;
; soc_top:u_soc_top|ipu_core:u_ipu_core|r_ipu_id[0]                                                                                                                                                    ; Stuck at VCC due to stuck port data_in                                                                                                                                                                       ;
; soc_top:u_soc_top|ipu_core:u_ipu_core|ipu_bram_writer:u_ipu_bram_writer|row_word_stride[14,15]                                                                                                       ; Stuck at GND due to stuck port data_in                                                                                                                                                                       ;
; soc_top:u_soc_top|ipu_core:u_ipu_core|haze_removal_top:u_haze_removal_top|haze_removal_core:u_core|adc_estimation:u_adc_estimation|adc_path_length:u_path_len|dl00[8,9]                              ; Stuck at GND due to stuck port data_in                                                                                                                                                                       ;
; soc_top:u_soc_top|ipu_core:u_ipu_core|haze_removal_top:u_haze_removal_top|haze_removal_core:u_core|adc_estimation:u_adc_estimation|adc_path_length:u_path_len|dl01[8,9]                              ; Stuck at GND due to stuck port data_in                                                                                                                                                                       ;
; soc_top:u_soc_top|ipu_core:u_ipu_core|haze_removal_top:u_haze_removal_top|haze_removal_core:u_core|adc_estimation:u_adc_estimation|adc_path_length:u_path_len|dl02[8,9]                              ; Stuck at GND due to stuck port data_in                                                                                                                                                                       ;
; soc_top:u_soc_top|ipu_core:u_ipu_core|haze_removal_top:u_haze_removal_top|haze_removal_core:u_core|adc_estimation:u_adc_estimation|adc_path_length:u_path_len|dl03[8,9]                              ; Stuck at GND due to stuck port data_in                                                                                                                                                                       ;
; soc_top:u_soc_top|ipu_core:u_ipu_core|haze_removal_top:u_haze_removal_top|haze_removal_core:u_core|adc_estimation:u_adc_estimation|adc_path_length:u_path_len|dl04[8,9]                              ; Stuck at GND due to stuck port data_in                                                                                                                                                                       ;
; soc_top:u_soc_top|ipu_core:u_ipu_core|haze_removal_top:u_haze_removal_top|haze_removal_core:u_core|adc_estimation:u_adc_estimation|adc_path_length:u_path_len|dl10[8,9]                              ; Stuck at GND due to stuck port data_in                                                                                                                                                                       ;
; soc_top:u_soc_top|ipu_core:u_ipu_core|haze_removal_top:u_haze_removal_top|haze_removal_core:u_core|adc_estimation:u_adc_estimation|adc_path_length:u_path_len|dl11[8,9]                              ; Stuck at GND due to stuck port data_in                                                                                                                                                                       ;
; soc_top:u_soc_top|ipu_core:u_ipu_core|haze_removal_top:u_haze_removal_top|haze_removal_core:u_core|adc_estimation:u_adc_estimation|adc_path_length:u_path_len|dl12[8,9]                              ; Stuck at GND due to stuck port data_in                                                                                                                                                                       ;
; soc_top:u_soc_top|ipu_core:u_ipu_core|haze_removal_top:u_haze_removal_top|haze_removal_core:u_core|adc_estimation:u_adc_estimation|adc_path_length:u_path_len|dl13[8,9]                              ; Stuck at GND due to stuck port data_in                                                                                                                                                                       ;
; soc_top:u_soc_top|ipu_core:u_ipu_core|haze_removal_top:u_haze_removal_top|haze_removal_core:u_core|adc_estimation:u_adc_estimation|adc_path_length:u_path_len|dl14[8,9]                              ; Stuck at GND due to stuck port data_in                                                                                                                                                                       ;
; soc_top:u_soc_top|ipu_core:u_ipu_core|haze_removal_top:u_haze_removal_top|haze_removal_core:u_core|adc_estimation:u_adc_estimation|adc_path_length:u_path_len|dl20[8,9]                              ; Stuck at GND due to stuck port data_in                                                                                                                                                                       ;
; soc_top:u_soc_top|ipu_core:u_ipu_core|haze_removal_top:u_haze_removal_top|haze_removal_core:u_core|adc_estimation:u_adc_estimation|adc_path_length:u_path_len|dl21[8,9]                              ; Stuck at GND due to stuck port data_in                                                                                                                                                                       ;
; soc_top:u_soc_top|ipu_core:u_ipu_core|haze_removal_top:u_haze_removal_top|haze_removal_core:u_core|adc_estimation:u_adc_estimation|adc_path_length:u_path_len|dl22[0..9]                             ; Stuck at GND due to stuck port data_in                                                                                                                                                                       ;
; soc_top:u_soc_top|ipu_core:u_ipu_core|haze_removal_top:u_haze_removal_top|haze_removal_core:u_core|adc_estimation:u_adc_estimation|adc_path_length:u_path_len|dl23[8,9]                              ; Stuck at GND due to stuck port data_in                                                                                                                                                                       ;
; soc_top:u_soc_top|ipu_core:u_ipu_core|haze_removal_top:u_haze_removal_top|haze_removal_core:u_core|adc_estimation:u_adc_estimation|adc_path_length:u_path_len|dl24[8,9]                              ; Stuck at GND due to stuck port data_in                                                                                                                                                                       ;
; soc_top:u_soc_top|ipu_core:u_ipu_core|haze_removal_top:u_haze_removal_top|haze_removal_core:u_core|adc_estimation:u_adc_estimation|adc_path_length:u_path_len|dl30[8,9]                              ; Stuck at GND due to stuck port data_in                                                                                                                                                                       ;
; soc_top:u_soc_top|ipu_core:u_ipu_core|haze_removal_top:u_haze_removal_top|haze_removal_core:u_core|adc_estimation:u_adc_estimation|adc_path_length:u_path_len|dl31[8,9]                              ; Stuck at GND due to stuck port data_in                                                                                                                                                                       ;
; soc_top:u_soc_top|ipu_core:u_ipu_core|haze_removal_top:u_haze_removal_top|haze_removal_core:u_core|adc_estimation:u_adc_estimation|adc_path_length:u_path_len|dl32[8,9]                              ; Stuck at GND due to stuck port data_in                                                                                                                                                                       ;
; soc_top:u_soc_top|ipu_core:u_ipu_core|haze_removal_top:u_haze_removal_top|haze_removal_core:u_core|adc_estimation:u_adc_estimation|adc_path_length:u_path_len|dl33[8,9]                              ; Stuck at GND due to stuck port data_in                                                                                                                                                                       ;
; soc_top:u_soc_top|ipu_core:u_ipu_core|haze_removal_top:u_haze_removal_top|haze_removal_core:u_core|adc_estimation:u_adc_estimation|adc_path_length:u_path_len|dl34[8,9]                              ; Stuck at GND due to stuck port data_in                                                                                                                                                                       ;
; soc_top:u_soc_top|ipu_core:u_ipu_core|haze_removal_top:u_haze_removal_top|haze_removal_core:u_core|adc_estimation:u_adc_estimation|adc_path_length:u_path_len|dl40[8,9]                              ; Stuck at GND due to stuck port data_in                                                                                                                                                                       ;
; soc_top:u_soc_top|ipu_core:u_ipu_core|haze_removal_top:u_haze_removal_top|haze_removal_core:u_core|adc_estimation:u_adc_estimation|adc_path_length:u_path_len|dl41[8,9]                              ; Stuck at GND due to stuck port data_in                                                                                                                                                                       ;
; soc_top:u_soc_top|ipu_core:u_ipu_core|haze_removal_top:u_haze_removal_top|haze_removal_core:u_core|adc_estimation:u_adc_estimation|adc_path_length:u_path_len|dl42[8,9]                              ; Stuck at GND due to stuck port data_in                                                                                                                                                                       ;
; soc_top:u_soc_top|ipu_core:u_ipu_core|haze_removal_top:u_haze_removal_top|haze_removal_core:u_core|adc_estimation:u_adc_estimation|adc_path_length:u_path_len|dl43[8,9]                              ; Stuck at GND due to stuck port data_in                                                                                                                                                                       ;
; soc_top:u_soc_top|ipu_core:u_ipu_core|haze_removal_top:u_haze_removal_top|haze_removal_core:u_core|adc_estimation:u_adc_estimation|adc_path_length:u_path_len|dl44[8,9]                              ; Stuck at GND due to stuck port data_in                                                                                                                                                                       ;
; soc_top:u_soc_top|ipu_core:u_ipu_core|haze_removal_top:u_haze_removal_top|haze_removal_core:u_core|adc_estimation:u_adc_estimation|adc_pixel_distance:u_pixel_dist|dp11[8]                           ; Stuck at GND due to stuck port data_in                                                                                                                                                                       ;
; soc_top:u_soc_top|ipu_core:u_ipu_core|haze_removal_top:u_haze_removal_top|haze_removal_core:u_core|adc_estimation:u_adc_estimation|adc_pixel_distance:u_pixel_dist|dp12[8]                           ; Stuck at GND due to stuck port data_in                                                                                                                                                                       ;
; soc_top:u_soc_top|ipu_core:u_ipu_core|haze_removal_top:u_haze_removal_top|haze_removal_core:u_core|adc_estimation:u_adc_estimation|adc_pixel_distance:u_pixel_dist|dp13[8]                           ; Stuck at GND due to stuck port data_in                                                                                                                                                                       ;
; soc_top:u_soc_top|ipu_core:u_ipu_core|haze_removal_top:u_haze_removal_top|haze_removal_core:u_core|adc_estimation:u_adc_estimation|adc_pixel_distance:u_pixel_dist|dp21[8]                           ; Stuck at GND due to stuck port data_in                                                                                                                                                                       ;
; soc_top:u_soc_top|ipu_core:u_ipu_core|haze_removal_top:u_haze_removal_top|haze_removal_core:u_core|adc_estimation:u_adc_estimation|adc_pixel_distance:u_pixel_dist|dp23[8]                           ; Stuck at GND due to stuck port data_in                                                                                                                                                                       ;
; soc_top:u_soc_top|ipu_core:u_ipu_core|haze_removal_top:u_haze_removal_top|haze_removal_core:u_core|adc_estimation:u_adc_estimation|adc_pixel_distance:u_pixel_dist|dp31[8]                           ; Stuck at GND due to stuck port data_in                                                                                                                                                                       ;
; soc_top:u_soc_top|ipu_core:u_ipu_core|haze_removal_top:u_haze_removal_top|haze_removal_core:u_core|adc_estimation:u_adc_estimation|adc_pixel_distance:u_pixel_dist|dp32[8]                           ; Stuck at GND due to stuck port data_in                                                                                                                                                                       ;
; soc_top:u_soc_top|ipu_core:u_ipu_core|haze_removal_top:u_haze_removal_top|haze_removal_core:u_core|adc_estimation:u_adc_estimation|adc_pixel_distance:u_pixel_dist|dp33[8]                           ; Stuck at GND due to stuck port data_in                                                                                                                                                                       ;
; soc_top:u_soc_top|ipu_core:u_ipu_core|ipu_bram_reader:u_ipu_bram_reader|row_word_stride[14,15]                                                                                                       ; Stuck at GND due to stuck port data_in                                                                                                                                                                       ;
; soc_top:u_soc_top|ipu_core:u_ipu_core|haze_removal_top:u_haze_removal_top|haze_removal_core:u_core|adc_estimation:u_adc_estimation|adc_rlimit_compute:u_rlimit|dl_s1_00[8,9]                         ; Stuck at GND due to stuck port data_in                                                                                                                                                                       ;
; soc_top:u_soc_top|ipu_core:u_ipu_core|haze_removal_top:u_haze_removal_top|haze_removal_core:u_core|adc_estimation:u_adc_estimation|adc_rlimit_compute:u_rlimit|dl_s1_01[8,9]                         ; Stuck at GND due to stuck port data_in                                                                                                                                                                       ;
; soc_top:u_soc_top|ipu_core:u_ipu_core|haze_removal_top:u_haze_removal_top|haze_removal_core:u_core|adc_estimation:u_adc_estimation|adc_rlimit_compute:u_rlimit|dl_s1_02[8,9]                         ; Stuck at GND due to stuck port data_in                                                                                                                                                                       ;
; soc_top:u_soc_top|ipu_core:u_ipu_core|haze_removal_top:u_haze_removal_top|haze_removal_core:u_core|adc_estimation:u_adc_estimation|adc_rlimit_compute:u_rlimit|dl_s1_03[8,9]                         ; Stuck at GND due to stuck port data_in                                                                                                                                                                       ;
; soc_top:u_soc_top|ipu_core:u_ipu_core|haze_removal_top:u_haze_removal_top|haze_removal_core:u_core|adc_estimation:u_adc_estimation|adc_rlimit_compute:u_rlimit|dl_s1_04[8,9]                         ; Stuck at GND due to stuck port data_in                                                                                                                                                                       ;
; soc_top:u_soc_top|ipu_core:u_ipu_core|haze_removal_top:u_haze_removal_top|haze_removal_core:u_core|adc_estimation:u_adc_estimation|adc_rlimit_compute:u_rlimit|dl_s1_10[8,9]                         ; Stuck at GND due to stuck port data_in                                                                                                                                                                       ;
; soc_top:u_soc_top|ipu_core:u_ipu_core|haze_removal_top:u_haze_removal_top|haze_removal_core:u_core|adc_estimation:u_adc_estimation|adc_rlimit_compute:u_rlimit|dl_s1_11[8,9]                         ; Stuck at GND due to stuck port data_in                                                                                                                                                                       ;
; soc_top:u_soc_top|ipu_core:u_ipu_core|haze_removal_top:u_haze_removal_top|haze_removal_core:u_core|adc_estimation:u_adc_estimation|adc_rlimit_compute:u_rlimit|dl_s1_12[8,9]                         ; Stuck at GND due to stuck port data_in                                                                                                                                                                       ;
; soc_top:u_soc_top|ipu_core:u_ipu_core|haze_removal_top:u_haze_removal_top|haze_removal_core:u_core|adc_estimation:u_adc_estimation|adc_rlimit_compute:u_rlimit|dl_s1_13[8,9]                         ; Stuck at GND due to stuck port data_in                                                                                                                                                                       ;
; soc_top:u_soc_top|ipu_core:u_ipu_core|haze_removal_top:u_haze_removal_top|haze_removal_core:u_core|adc_estimation:u_adc_estimation|adc_rlimit_compute:u_rlimit|dl_s1_14[8,9]                         ; Stuck at GND due to stuck port data_in                                                                                                                                                                       ;
; soc_top:u_soc_top|ipu_core:u_ipu_core|haze_removal_top:u_haze_removal_top|haze_removal_core:u_core|adc_estimation:u_adc_estimation|adc_rlimit_compute:u_rlimit|dl_s1_20[8,9]                         ; Stuck at GND due to stuck port data_in                                                                                                                                                                       ;
; soc_top:u_soc_top|ipu_core:u_ipu_core|haze_removal_top:u_haze_removal_top|haze_removal_core:u_core|adc_estimation:u_adc_estimation|adc_rlimit_compute:u_rlimit|dl_s1_21[8,9]                         ; Stuck at GND due to stuck port data_in                                                                                                                                                                       ;
; soc_top:u_soc_top|ipu_core:u_ipu_core|haze_removal_top:u_haze_removal_top|haze_removal_core:u_core|adc_estimation:u_adc_estimation|adc_rlimit_compute:u_rlimit|dl_s1_23[8,9]                         ; Stuck at GND due to stuck port data_in                                                                                                                                                                       ;
; soc_top:u_soc_top|ipu_core:u_ipu_core|haze_removal_top:u_haze_removal_top|haze_removal_core:u_core|adc_estimation:u_adc_estimation|adc_rlimit_compute:u_rlimit|dl_s1_24[8,9]                         ; Stuck at GND due to stuck port data_in                                                                                                                                                                       ;
; soc_top:u_soc_top|ipu_core:u_ipu_core|haze_removal_top:u_haze_removal_top|haze_removal_core:u_core|adc_estimation:u_adc_estimation|adc_rlimit_compute:u_rlimit|dl_s1_30[8,9]                         ; Stuck at GND due to stuck port data_in                                                                                                                                                                       ;
; soc_top:u_soc_top|ipu_core:u_ipu_core|haze_removal_top:u_haze_removal_top|haze_removal_core:u_core|adc_estimation:u_adc_estimation|adc_rlimit_compute:u_rlimit|dl_s1_31[8,9]                         ; Stuck at GND due to stuck port data_in                                                                                                                                                                       ;
; soc_top:u_soc_top|ipu_core:u_ipu_core|haze_removal_top:u_haze_removal_top|haze_removal_core:u_core|adc_estimation:u_adc_estimation|adc_rlimit_compute:u_rlimit|dl_s1_32[8,9]                         ; Stuck at GND due to stuck port data_in                                                                                                                                                                       ;
; soc_top:u_soc_top|ipu_core:u_ipu_core|haze_removal_top:u_haze_removal_top|haze_removal_core:u_core|adc_estimation:u_adc_estimation|adc_rlimit_compute:u_rlimit|dl_s1_33[8,9]                         ; Stuck at GND due to stuck port data_in                                                                                                                                                                       ;
; soc_top:u_soc_top|ipu_core:u_ipu_core|haze_removal_top:u_haze_removal_top|haze_removal_core:u_core|adc_estimation:u_adc_estimation|adc_rlimit_compute:u_rlimit|dl_s1_34[8,9]                         ; Stuck at GND due to stuck port data_in                                                                                                                                                                       ;
; soc_top:u_soc_top|ipu_core:u_ipu_core|haze_removal_top:u_haze_removal_top|haze_removal_core:u_core|adc_estimation:u_adc_estimation|adc_rlimit_compute:u_rlimit|dl_s1_40[8,9]                         ; Stuck at GND due to stuck port data_in                                                                                                                                                                       ;
; soc_top:u_soc_top|ipu_core:u_ipu_core|haze_removal_top:u_haze_removal_top|haze_removal_core:u_core|adc_estimation:u_adc_estimation|adc_rlimit_compute:u_rlimit|dl_s1_41[8,9]                         ; Stuck at GND due to stuck port data_in                                                                                                                                                                       ;
; soc_top:u_soc_top|ipu_core:u_ipu_core|haze_removal_top:u_haze_removal_top|haze_removal_core:u_core|adc_estimation:u_adc_estimation|adc_rlimit_compute:u_rlimit|dl_s1_42[8,9]                         ; Stuck at GND due to stuck port data_in                                                                                                                                                                       ;
; soc_top:u_soc_top|ipu_core:u_ipu_core|haze_removal_top:u_haze_removal_top|haze_removal_core:u_core|adc_estimation:u_adc_estimation|adc_rlimit_compute:u_rlimit|dl_s1_43[8,9]                         ; Stuck at GND due to stuck port data_in                                                                                                                                                                       ;
; soc_top:u_soc_top|ipu_core:u_ipu_core|haze_removal_top:u_haze_removal_top|haze_removal_core:u_core|adc_estimation:u_adc_estimation|adc_rlimit_compute:u_rlimit|dl_s1_44[8,9]                         ; Stuck at GND due to stuck port data_in                                                                                                                                                                       ;
; soc_top:u_soc_top|ipu_core:u_ipu_core|haze_removal_top:u_haze_removal_top|haze_removal_core:u_core|adc_estimation:u_adc_estimation|adc_rlimit_compute:u_rlimit|dl_d00[8,9]                           ; Stuck at GND due to stuck port data_in                                                                                                                                                                       ;
; soc_top:u_soc_top|ipu_core:u_ipu_core|haze_removal_top:u_haze_removal_top|haze_removal_core:u_core|adc_estimation:u_adc_estimation|adc_rlimit_compute:u_rlimit|dl_d01[8,9]                           ; Stuck at GND due to stuck port data_in                                                                                                                                                                       ;
; soc_top:u_soc_top|ipu_core:u_ipu_core|haze_removal_top:u_haze_removal_top|haze_removal_core:u_core|adc_estimation:u_adc_estimation|adc_rlimit_compute:u_rlimit|dl_d02[8,9]                           ; Stuck at GND due to stuck port data_in                                                                                                                                                                       ;
; soc_top:u_soc_top|ipu_core:u_ipu_core|haze_removal_top:u_haze_removal_top|haze_removal_core:u_core|adc_estimation:u_adc_estimation|adc_rlimit_compute:u_rlimit|dl_d03[8,9]                           ; Stuck at GND due to stuck port data_in                                                                                                                                                                       ;
; soc_top:u_soc_top|ipu_core:u_ipu_core|haze_removal_top:u_haze_removal_top|haze_removal_core:u_core|adc_estimation:u_adc_estimation|adc_rlimit_compute:u_rlimit|dl_d04[8,9]                           ; Stuck at GND due to stuck port data_in                                                                                                                                                                       ;
; soc_top:u_soc_top|ipu_core:u_ipu_core|haze_removal_top:u_haze_removal_top|haze_removal_core:u_core|adc_estimation:u_adc_estimation|adc_rlimit_compute:u_rlimit|dl_d10[8,9]                           ; Stuck at GND due to stuck port data_in                                                                                                                                                                       ;
; soc_top:u_soc_top|ipu_core:u_ipu_core|haze_removal_top:u_haze_removal_top|haze_removal_core:u_core|adc_estimation:u_adc_estimation|adc_rlimit_compute:u_rlimit|dl_d11[8,9]                           ; Stuck at GND due to stuck port data_in                                                                                                                                                                       ;
; soc_top:u_soc_top|ipu_core:u_ipu_core|haze_removal_top:u_haze_removal_top|haze_removal_core:u_core|adc_estimation:u_adc_estimation|adc_rlimit_compute:u_rlimit|dl_d12[8,9]                           ; Stuck at GND due to stuck port data_in                                                                                                                                                                       ;
; soc_top:u_soc_top|ipu_core:u_ipu_core|haze_removal_top:u_haze_removal_top|haze_removal_core:u_core|adc_estimation:u_adc_estimation|adc_rlimit_compute:u_rlimit|dl_d13[8,9]                           ; Stuck at GND due to stuck port data_in                                                                                                                                                                       ;
; soc_top:u_soc_top|ipu_core:u_ipu_core|haze_removal_top:u_haze_removal_top|haze_removal_core:u_core|adc_estimation:u_adc_estimation|adc_rlimit_compute:u_rlimit|dl_d14[8,9]                           ; Stuck at GND due to stuck port data_in                                                                                                                                                                       ;
; soc_top:u_soc_top|ipu_core:u_ipu_core|haze_removal_top:u_haze_removal_top|haze_removal_core:u_core|adc_estimation:u_adc_estimation|adc_rlimit_compute:u_rlimit|dl_d20[8,9]                           ; Stuck at GND due to stuck port data_in                                                                                                                                                                       ;
; soc_top:u_soc_top|ipu_core:u_ipu_core|haze_removal_top:u_haze_removal_top|haze_removal_core:u_core|adc_estimation:u_adc_estimation|adc_rlimit_compute:u_rlimit|dl_d21[8,9]                           ; Stuck at GND due to stuck port data_in                                                                                                                                                                       ;
; soc_top:u_soc_top|ipu_core:u_ipu_core|haze_removal_top:u_haze_removal_top|haze_removal_core:u_core|adc_estimation:u_adc_estimation|adc_rlimit_compute:u_rlimit|dl_d23[8,9]                           ; Stuck at GND due to stuck port data_in                                                                                                                                                                       ;
; soc_top:u_soc_top|ipu_core:u_ipu_core|haze_removal_top:u_haze_removal_top|haze_removal_core:u_core|adc_estimation:u_adc_estimation|adc_rlimit_compute:u_rlimit|dl_d24[8,9]                           ; Stuck at GND due to stuck port data_in                                                                                                                                                                       ;
; soc_top:u_soc_top|ipu_core:u_ipu_core|haze_removal_top:u_haze_removal_top|haze_removal_core:u_core|adc_estimation:u_adc_estimation|adc_rlimit_compute:u_rlimit|dl_d30[8,9]                           ; Stuck at GND due to stuck port data_in                                                                                                                                                                       ;
; soc_top:u_soc_top|ipu_core:u_ipu_core|haze_removal_top:u_haze_removal_top|haze_removal_core:u_core|adc_estimation:u_adc_estimation|adc_rlimit_compute:u_rlimit|dl_d31[8,9]                           ; Stuck at GND due to stuck port data_in                                                                                                                                                                       ;
; soc_top:u_soc_top|ipu_core:u_ipu_core|haze_removal_top:u_haze_removal_top|haze_removal_core:u_core|adc_estimation:u_adc_estimation|adc_rlimit_compute:u_rlimit|dl_d32[8,9]                           ; Stuck at GND due to stuck port data_in                                                                                                                                                                       ;
; soc_top:u_soc_top|ipu_core:u_ipu_core|haze_removal_top:u_haze_removal_top|haze_removal_core:u_core|adc_estimation:u_adc_estimation|adc_rlimit_compute:u_rlimit|dl_d33[8,9]                           ; Stuck at GND due to stuck port data_in                                                                                                                                                                       ;
; soc_top:u_soc_top|ipu_core:u_ipu_core|haze_removal_top:u_haze_removal_top|haze_removal_core:u_core|adc_estimation:u_adc_estimation|adc_rlimit_compute:u_rlimit|dl_d34[8,9]                           ; Stuck at GND due to stuck port data_in                                                                                                                                                                       ;
; soc_top:u_soc_top|ipu_core:u_ipu_core|haze_removal_top:u_haze_removal_top|haze_removal_core:u_core|adc_estimation:u_adc_estimation|adc_rlimit_compute:u_rlimit|dl_d40[8,9]                           ; Stuck at GND due to stuck port data_in                                                                                                                                                                       ;
; soc_top:u_soc_top|ipu_core:u_ipu_core|haze_removal_top:u_haze_removal_top|haze_removal_core:u_core|adc_estimation:u_adc_estimation|adc_rlimit_compute:u_rlimit|dl_d41[8,9]                           ; Stuck at GND due to stuck port data_in                                                                                                                                                                       ;
; soc_top:u_soc_top|ipu_core:u_ipu_core|haze_removal_top:u_haze_removal_top|haze_removal_core:u_core|adc_estimation:u_adc_estimation|adc_rlimit_compute:u_rlimit|dl_d42[8,9]                           ; Stuck at GND due to stuck port data_in                                                                                                                                                                       ;
; soc_top:u_soc_top|ipu_core:u_ipu_core|haze_removal_top:u_haze_removal_top|haze_removal_core:u_core|adc_estimation:u_adc_estimation|adc_rlimit_compute:u_rlimit|dl_d43[8,9]                           ; Stuck at GND due to stuck port data_in                                                                                                                                                                       ;
; soc_top:u_soc_top|ipu_core:u_ipu_core|haze_removal_top:u_haze_removal_top|haze_removal_core:u_core|adc_estimation:u_adc_estimation|adc_rlimit_compute:u_rlimit|dl_d44[8,9]                           ; Stuck at GND due to stuck port data_in                                                                                                                                                                       ;
; soc_top:u_soc_top|ipu_core:u_ipu_core|ipu_bram_writer:u_ipu_bram_writer|bram_wdata[24..31]                                                                                                           ; Stuck at GND due to stuck port data_in                                                                                                                                                                       ;
; soc_top:u_soc_top|img_out_b_wdata_r[24..31]                                                                                                                                                          ; Stuck at GND due to stuck port data_in                                                                                                                                                                       ;
; soc_top:u_soc_top|ipu_core:u_ipu_core|haze_removal_top:u_haze_removal_top|haze_removal_core:u_core|adc_estimation:u_adc_estimation|adc_rlimit_compute:u_rlimit|sum_total_r[13,14]                    ; Stuck at GND due to stuck port data_in                                                                                                                                                                       ;
; soc_top:u_soc_top|ipu_core:u_ipu_core|haze_removal_top:u_haze_removal_top|haze_removal_core:u_core|recovery_href_d1                                                                                  ; Merged with soc_top:u_soc_top|ipu_core:u_ipu_core|haze_removal_top:u_haze_removal_top|haze_removal_core:u_core|fuse_direct_valid_d1                                                                          ;
; soc_top:u_soc_top|ipu_core:u_ipu_core|haze_removal_top:u_haze_removal_top|haze_removal_core:u_core|recovery_clken_d1                                                                                 ; Merged with soc_top:u_soc_top|ipu_core:u_ipu_core|haze_removal_top:u_haze_removal_top|haze_removal_core:u_core|fuse_direct_valid_d1                                                                          ;
; soc_top:u_soc_top|ipu_core:u_ipu_core|haze_removal_top:u_haze_removal_top|haze_removal_core:u_core|recovery_href_d2                                                                                  ; Merged with soc_top:u_soc_top|ipu_core:u_ipu_core|haze_removal_top:u_haze_removal_top|haze_removal_core:u_core|fuse_direct_valid_d2                                                                          ;
; soc_top:u_soc_top|ipu_core:u_ipu_core|haze_removal_top:u_haze_removal_top|haze_removal_core:u_core|recovery_clken_d2                                                                                 ; Merged with soc_top:u_soc_top|ipu_core:u_ipu_core|haze_removal_top:u_haze_removal_top|haze_removal_core:u_core|fuse_direct_valid_d2                                                                          ;
; soc_top:u_soc_top|ipu_core:u_ipu_core|haze_removal_top:u_haze_removal_top|haze_removal_core:u_core|recovery_clken_d3                                                                                 ; Merged with soc_top:u_soc_top|ipu_core:u_ipu_core|haze_removal_top:u_haze_removal_top|haze_removal_core:u_core|recovery_href_d3                                                                              ;
; soc_top:u_soc_top|ipu_core:u_ipu_core|haze_removal_top:u_haze_removal_top|haze_removal_core:u_core|recovery_clken_d4                                                                                 ; Merged with soc_top:u_soc_top|ipu_core:u_ipu_core|haze_removal_top:u_haze_removal_top|haze_removal_core:u_core|recovery_href_d4                                                                              ;
; soc_top:u_soc_top|ipu_core:u_ipu_core|haze_removal_top:u_haze_removal_top|haze_removal_core:u_core|recovery_clken_d5                                                                                 ; Merged with soc_top:u_soc_top|ipu_core:u_ipu_core|haze_removal_top:u_haze_removal_top|haze_removal_core:u_core|recovery_href_d5                                                                              ;
; soc_top:u_soc_top|ipu_core:u_ipu_core|haze_removal_top:u_haze_removal_top|haze_removal_core:u_core|atm_light_coarse_tx:u_atm_light_coarse_tx|atmospheric_light:u_atm_light|max_intensity_reg[10..14] ; Merged with soc_top:u_soc_top|ipu_core:u_ipu_core|haze_removal_top:u_haze_removal_top|haze_removal_core:u_core|atm_light_coarse_tx:u_atm_light_coarse_tx|atmospheric_light:u_atm_light|max_intensity_reg[15] ;
; soc_top:u_soc_top|ipu_core:u_ipu_core|ipu_bram_reader:u_ipu_bram_reader|pre_frame_end                                                                                                                ; Merged with soc_top:u_soc_top|ipu_core:u_ipu_core|ipu_bram_reader:u_ipu_bram_reader|frame_done                                                                                                               ;
; soc_top:u_soc_top|ipu_core:u_ipu_core|haze_removal_top:u_haze_removal_top|haze_removal_core:u_core|fusing:u_fusing_direct|o_out_b[1..7]                                                              ; Merged with soc_top:u_soc_top|ipu_core:u_ipu_core|haze_removal_top:u_haze_removal_top|haze_removal_core:u_core|fusing:u_fusing_direct|o_out_b[0]                                                             ;
; soc_top:u_soc_top|ipu_core:u_ipu_core|haze_removal_top:u_haze_removal_top|haze_removal_core:u_core|fusing:u_fusing_direct|o_out_r[1..7]                                                              ; Merged with soc_top:u_soc_top|ipu_core:u_ipu_core|haze_removal_top:u_haze_removal_top|haze_removal_core:u_core|fusing:u_fusing_direct|o_out_r[0]                                                             ;
; soc_top:u_soc_top|ipu_core:u_ipu_core|haze_removal_top:u_haze_removal_top|haze_removal_core:u_core|fusing:u_fusing_direct|o_out_g[1..7]                                                              ; Merged with soc_top:u_soc_top|ipu_core:u_ipu_core|haze_removal_top:u_haze_removal_top|haze_removal_core:u_core|fusing:u_fusing_direct|o_out_g[0]                                                             ;
; soc_top:u_soc_top|ipu_core:u_ipu_core|r_ipu_irq_status[1..31]                                                                                                                                        ; Stuck at GND due to stuck port data_in                                                                                                                                                                       ;
; soc_top:u_soc_top|ipu_core:u_ipu_core|haze_removal_top:u_haze_removal_top|haze_removal_core:u_core|atm_light_coarse_tx:u_atm_light_coarse_tx|atmospheric_light:u_atm_light|max_intensity_reg[15]     ; Stuck at GND due to stuck port data_in                                                                                                                                                                       ;
; soc_top:u_soc_top|ipu_core:u_ipu_core|haze_removal_top:u_haze_removal_top|haze_removal_core:u_core|fusing:u_fusing_direct|o_out_b[0]                                                                 ; Stuck at GND due to stuck port data_in                                                                                                                                                                       ;
; soc_top:u_soc_top|ipu_core:u_ipu_core|haze_removal_top:u_haze_removal_top|haze_removal_core:u_core|fusing:u_fusing_direct|o_out_r[0]                                                                 ; Stuck at GND due to stuck port data_in                                                                                                                                                                       ;
; soc_top:u_soc_top|ipu_core:u_ipu_core|haze_removal_top:u_haze_removal_top|haze_removal_core:u_core|fusing:u_fusing_direct|o_out_g[0]                                                                 ; Stuck at GND due to stuck port data_in                                                                                                                                                                       ;
; soc_top:u_soc_top|ipu_core:u_ipu_core|haze_removal_top:u_haze_removal_top|haze_removal_core:u_core|fusing:u_fusing_direct|s1_value_tem_b[0..16]                                                      ; Lost fanout                                                                                                                                                                                                  ;
; soc_top:u_soc_top|ipu_core:u_ipu_core|haze_removal_top:u_haze_removal_top|haze_removal_core:u_core|fuse_direct_src_d2[23]                                                                            ; Lost fanout                                                                                                                                                                                                  ;
; soc_top:u_soc_top|ipu_core:u_ipu_core|haze_removal_top:u_haze_removal_top|haze_removal_core:u_core|fuse_direct_src_d1[23]                                                                            ; Lost fanout                                                                                                                                                                                                  ;
; soc_top:u_soc_top|ipu_core:u_ipu_core|haze_removal_top:u_haze_removal_top|haze_removal_core:u_core|fuse_direct_src_d2[22]                                                                            ; Lost fanout                                                                                                                                                                                                  ;
; soc_top:u_soc_top|ipu_core:u_ipu_core|haze_removal_top:u_haze_removal_top|haze_removal_core:u_core|fuse_direct_src_d1[22]                                                                            ; Lost fanout                                                                                                                                                                                                  ;
; soc_top:u_soc_top|ipu_core:u_ipu_core|haze_removal_top:u_haze_removal_top|haze_removal_core:u_core|fuse_direct_src_d2[21]                                                                            ; Lost fanout                                                                                                                                                                                                  ;
; soc_top:u_soc_top|ipu_core:u_ipu_core|haze_removal_top:u_haze_removal_top|haze_removal_core:u_core|fuse_direct_src_d1[21]                                                                            ; Lost fanout                                                                                                                                                                                                  ;
; soc_top:u_soc_top|ipu_core:u_ipu_core|haze_removal_top:u_haze_removal_top|haze_removal_core:u_core|fuse_direct_src_d2[20]                                                                            ; Lost fanout                                                                                                                                                                                                  ;
; soc_top:u_soc_top|ipu_core:u_ipu_core|haze_removal_top:u_haze_removal_top|haze_removal_core:u_core|fuse_direct_src_d1[20]                                                                            ; Lost fanout                                                                                                                                                                                                  ;
; soc_top:u_soc_top|ipu_core:u_ipu_core|haze_removal_top:u_haze_removal_top|haze_removal_core:u_core|fuse_direct_src_d2[19]                                                                            ; Lost fanout                                                                                                                                                                                                  ;
; soc_top:u_soc_top|ipu_core:u_ipu_core|haze_removal_top:u_haze_removal_top|haze_removal_core:u_core|fuse_direct_src_d1[19]                                                                            ; Lost fanout                                                                                                                                                                                                  ;
; soc_top:u_soc_top|ipu_core:u_ipu_core|haze_removal_top:u_haze_removal_top|haze_removal_core:u_core|fuse_direct_src_d2[18]                                                                            ; Lost fanout                                                                                                                                                                                                  ;
; soc_top:u_soc_top|ipu_core:u_ipu_core|haze_removal_top:u_haze_removal_top|haze_removal_core:u_core|fuse_direct_src_d1[18]                                                                            ; Lost fanout                                                                                                                                                                                                  ;
; soc_top:u_soc_top|ipu_core:u_ipu_core|haze_removal_top:u_haze_removal_top|haze_removal_core:u_core|fuse_direct_src_d2[17]                                                                            ; Lost fanout                                                                                                                                                                                                  ;
; soc_top:u_soc_top|ipu_core:u_ipu_core|haze_removal_top:u_haze_removal_top|haze_removal_core:u_core|fuse_direct_src_d1[17]                                                                            ; Lost fanout                                                                                                                                                                                                  ;
; soc_top:u_soc_top|ipu_core:u_ipu_core|haze_removal_top:u_haze_removal_top|haze_removal_core:u_core|fuse_direct_src_d2[16]                                                                            ; Lost fanout                                                                                                                                                                                                  ;
; soc_top:u_soc_top|ipu_core:u_ipu_core|haze_removal_top:u_haze_removal_top|haze_removal_core:u_core|fuse_direct_src_d1[16]                                                                            ; Lost fanout                                                                                                                                                                                                  ;
; soc_top:u_soc_top|ipu_core:u_ipu_core|haze_removal_top:u_haze_removal_top|haze_removal_core:u_core|fusing:u_fusing_direct|s1_value_tem_r[0..16]                                                      ; Lost fanout                                                                                                                                                                                                  ;
; soc_top:u_soc_top|ipu_core:u_ipu_core|haze_removal_top:u_haze_removal_top|haze_removal_core:u_core|fuse_direct_src_d2[7]                                                                             ; Lost fanout                                                                                                                                                                                                  ;
; soc_top:u_soc_top|ipu_core:u_ipu_core|haze_removal_top:u_haze_removal_top|haze_removal_core:u_core|fuse_direct_src_d1[7]                                                                             ; Lost fanout                                                                                                                                                                                                  ;
; soc_top:u_soc_top|ipu_core:u_ipu_core|haze_removal_top:u_haze_removal_top|haze_removal_core:u_core|fuse_direct_src_d2[6]                                                                             ; Lost fanout                                                                                                                                                                                                  ;
; soc_top:u_soc_top|ipu_core:u_ipu_core|haze_removal_top:u_haze_removal_top|haze_removal_core:u_core|fuse_direct_src_d1[6]                                                                             ; Lost fanout                                                                                                                                                                                                  ;
; soc_top:u_soc_top|ipu_core:u_ipu_core|haze_removal_top:u_haze_removal_top|haze_removal_core:u_core|fuse_direct_src_d2[5]                                                                             ; Lost fanout                                                                                                                                                                                                  ;
; soc_top:u_soc_top|ipu_core:u_ipu_core|haze_removal_top:u_haze_removal_top|haze_removal_core:u_core|fuse_direct_src_d1[5]                                                                             ; Lost fanout                                                                                                                                                                                                  ;
; soc_top:u_soc_top|ipu_core:u_ipu_core|haze_removal_top:u_haze_removal_top|haze_removal_core:u_core|fuse_direct_src_d2[4]                                                                             ; Lost fanout                                                                                                                                                                                                  ;
; soc_top:u_soc_top|ipu_core:u_ipu_core|haze_removal_top:u_haze_removal_top|haze_removal_core:u_core|fuse_direct_src_d1[4]                                                                             ; Lost fanout                                                                                                                                                                                                  ;
; soc_top:u_soc_top|ipu_core:u_ipu_core|haze_removal_top:u_haze_removal_top|haze_removal_core:u_core|fuse_direct_src_d2[3]                                                                             ; Lost fanout                                                                                                                                                                                                  ;
; soc_top:u_soc_top|ipu_core:u_ipu_core|haze_removal_top:u_haze_removal_top|haze_removal_core:u_core|fuse_direct_src_d1[3]                                                                             ; Lost fanout                                                                                                                                                                                                  ;
; soc_top:u_soc_top|ipu_core:u_ipu_core|haze_removal_top:u_haze_removal_top|haze_removal_core:u_core|fuse_direct_src_d2[2]                                                                             ; Lost fanout                                                                                                                                                                                                  ;
; soc_top:u_soc_top|ipu_core:u_ipu_core|haze_removal_top:u_haze_removal_top|haze_removal_core:u_core|fuse_direct_src_d1[2]                                                                             ; Lost fanout                                                                                                                                                                                                  ;
; soc_top:u_soc_top|ipu_core:u_ipu_core|haze_removal_top:u_haze_removal_top|haze_removal_core:u_core|fuse_direct_src_d2[1]                                                                             ; Lost fanout                                                                                                                                                                                                  ;
; soc_top:u_soc_top|ipu_core:u_ipu_core|haze_removal_top:u_haze_removal_top|haze_removal_core:u_core|fuse_direct_src_d1[1]                                                                             ; Lost fanout                                                                                                                                                                                                  ;
; soc_top:u_soc_top|ipu_core:u_ipu_core|haze_removal_top:u_haze_removal_top|haze_removal_core:u_core|fuse_direct_src_d2[0]                                                                             ; Lost fanout                                                                                                                                                                                                  ;
; soc_top:u_soc_top|ipu_core:u_ipu_core|haze_removal_top:u_haze_removal_top|haze_removal_core:u_core|fuse_direct_src_d1[0]                                                                             ; Lost fanout                                                                                                                                                                                                  ;
; soc_top:u_soc_top|ipu_core:u_ipu_core|haze_removal_top:u_haze_removal_top|haze_removal_core:u_core|fusing:u_fusing_direct|s1_recip_tx[0..15]                                                         ; Lost fanout                                                                                                                                                                                                  ;
; soc_top:u_soc_top|ipu_core:u_ipu_core|haze_removal_top:u_haze_removal_top|haze_removal_core:u_core|fusing:u_fusing_direct|s1_value_tem_g[0..16]                                                      ; Lost fanout                                                                                                                                                                                                  ;
; soc_top:u_soc_top|ipu_core:u_ipu_core|haze_removal_top:u_haze_removal_top|haze_removal_core:u_core|fuse_direct_src_d2[15]                                                                            ; Lost fanout                                                                                                                                                                                                  ;
; soc_top:u_soc_top|ipu_core:u_ipu_core|haze_removal_top:u_haze_removal_top|haze_removal_core:u_core|fuse_direct_src_d1[15]                                                                            ; Lost fanout                                                                                                                                                                                                  ;
; soc_top:u_soc_top|ipu_core:u_ipu_core|haze_removal_top:u_haze_removal_top|haze_removal_core:u_core|fuse_direct_src_d2[14]                                                                            ; Lost fanout                                                                                                                                                                                                  ;
; soc_top:u_soc_top|ipu_core:u_ipu_core|haze_removal_top:u_haze_removal_top|haze_removal_core:u_core|fuse_direct_src_d1[14]                                                                            ; Lost fanout                                                                                                                                                                                                  ;
; soc_top:u_soc_top|ipu_core:u_ipu_core|haze_removal_top:u_haze_removal_top|haze_removal_core:u_core|fuse_direct_src_d2[13]                                                                            ; Lost fanout                                                                                                                                                                                                  ;
; soc_top:u_soc_top|ipu_core:u_ipu_core|haze_removal_top:u_haze_removal_top|haze_removal_core:u_core|fuse_direct_src_d1[13]                                                                            ; Lost fanout                                                                                                                                                                                                  ;
; soc_top:u_soc_top|ipu_core:u_ipu_core|haze_removal_top:u_haze_removal_top|haze_removal_core:u_core|fuse_direct_src_d2[12]                                                                            ; Lost fanout                                                                                                                                                                                                  ;
; soc_top:u_soc_top|ipu_core:u_ipu_core|haze_removal_top:u_haze_removal_top|haze_removal_core:u_core|fuse_direct_src_d1[12]                                                                            ; Lost fanout                                                                                                                                                                                                  ;
; soc_top:u_soc_top|ipu_core:u_ipu_core|haze_removal_top:u_haze_removal_top|haze_removal_core:u_core|fuse_direct_src_d2[11]                                                                            ; Lost fanout                                                                                                                                                                                                  ;
; soc_top:u_soc_top|ipu_core:u_ipu_core|haze_removal_top:u_haze_removal_top|haze_removal_core:u_core|fuse_direct_src_d1[11]                                                                            ; Lost fanout                                                                                                                                                                                                  ;
; soc_top:u_soc_top|ipu_core:u_ipu_core|haze_removal_top:u_haze_removal_top|haze_removal_core:u_core|fuse_direct_src_d2[10]                                                                            ; Lost fanout                                                                                                                                                                                                  ;
; soc_top:u_soc_top|ipu_core:u_ipu_core|haze_removal_top:u_haze_removal_top|haze_removal_core:u_core|fuse_direct_src_d1[10]                                                                            ; Lost fanout                                                                                                                                                                                                  ;
; soc_top:u_soc_top|ipu_core:u_ipu_core|haze_removal_top:u_haze_removal_top|haze_removal_core:u_core|fuse_direct_src_d2[9]                                                                             ; Lost fanout                                                                                                                                                                                                  ;
; soc_top:u_soc_top|ipu_core:u_ipu_core|haze_removal_top:u_haze_removal_top|haze_removal_core:u_core|fuse_direct_src_d1[9]                                                                             ; Lost fanout                                                                                                                                                                                                  ;
; soc_top:u_soc_top|ipu_core:u_ipu_core|haze_removal_top:u_haze_removal_top|haze_removal_core:u_core|fuse_direct_src_d2[8]                                                                             ; Lost fanout                                                                                                                                                                                                  ;
; soc_top:u_soc_top|ipu_core:u_ipu_core|haze_removal_top:u_haze_removal_top|haze_removal_core:u_core|fuse_direct_src_d1[8]                                                                             ; Lost fanout                                                                                                                                                                                                  ;
; soc_top:u_soc_top|single_cycle:u_single_cycle|regfile:regfile|registers[0][2]                                                                                                                        ; Stuck at GND due to stuck port clock_enable                                                                                                                                                                  ;
; soc_top:u_soc_top|single_cycle:u_single_cycle|regfile:regfile|registers[0][3]                                                                                                                        ; Stuck at GND due to stuck port clock_enable                                                                                                                                                                  ;
; soc_top:u_soc_top|single_cycle:u_single_cycle|regfile:regfile|registers[0][0]                                                                                                                        ; Stuck at GND due to stuck port clock_enable                                                                                                                                                                  ;
; soc_top:u_soc_top|single_cycle:u_single_cycle|regfile:regfile|registers[0][1]                                                                                                                        ; Stuck at GND due to stuck port clock_enable                                                                                                                                                                  ;
; soc_top:u_soc_top|single_cycle:u_single_cycle|regfile:regfile|registers[0][16]                                                                                                                       ; Stuck at GND due to stuck port clock_enable                                                                                                                                                                  ;
; soc_top:u_soc_top|single_cycle:u_single_cycle|regfile:regfile|registers[0][15]                                                                                                                       ; Stuck at GND due to stuck port clock_enable                                                                                                                                                                  ;
; soc_top:u_soc_top|single_cycle:u_single_cycle|regfile:regfile|registers[0][14]                                                                                                                       ; Stuck at GND due to stuck port clock_enable                                                                                                                                                                  ;
; soc_top:u_soc_top|single_cycle:u_single_cycle|regfile:regfile|registers[0][13]                                                                                                                       ; Stuck at GND due to stuck port clock_enable                                                                                                                                                                  ;
; soc_top:u_soc_top|single_cycle:u_single_cycle|regfile:regfile|registers[0][12]                                                                                                                       ; Stuck at GND due to stuck port clock_enable                                                                                                                                                                  ;
; soc_top:u_soc_top|single_cycle:u_single_cycle|regfile:regfile|registers[0][11]                                                                                                                       ; Stuck at GND due to stuck port clock_enable                                                                                                                                                                  ;
; soc_top:u_soc_top|single_cycle:u_single_cycle|regfile:regfile|registers[0][10]                                                                                                                       ; Stuck at GND due to stuck port clock_enable                                                                                                                                                                  ;
; soc_top:u_soc_top|single_cycle:u_single_cycle|regfile:regfile|registers[0][9]                                                                                                                        ; Stuck at GND due to stuck port clock_enable                                                                                                                                                                  ;
; soc_top:u_soc_top|single_cycle:u_single_cycle|regfile:regfile|registers[0][8]                                                                                                                        ; Stuck at GND due to stuck port clock_enable                                                                                                                                                                  ;
; soc_top:u_soc_top|single_cycle:u_single_cycle|regfile:regfile|registers[0][7]                                                                                                                        ; Stuck at GND due to stuck port clock_enable                                                                                                                                                                  ;
; soc_top:u_soc_top|single_cycle:u_single_cycle|regfile:regfile|registers[0][6]                                                                                                                        ; Stuck at GND due to stuck port clock_enable                                                                                                                                                                  ;
; soc_top:u_soc_top|single_cycle:u_single_cycle|regfile:regfile|registers[0][5]                                                                                                                        ; Stuck at GND due to stuck port clock_enable                                                                                                                                                                  ;
; soc_top:u_soc_top|single_cycle:u_single_cycle|regfile:regfile|registers[0][4]                                                                                                                        ; Stuck at GND due to stuck port clock_enable                                                                                                                                                                  ;
; soc_top:u_soc_top|single_cycle:u_single_cycle|regfile:regfile|registers[0][17]                                                                                                                       ; Stuck at GND due to stuck port clock_enable                                                                                                                                                                  ;
; soc_top:u_soc_top|single_cycle:u_single_cycle|regfile:regfile|registers[0][18]                                                                                                                       ; Stuck at GND due to stuck port clock_enable                                                                                                                                                                  ;
; soc_top:u_soc_top|single_cycle:u_single_cycle|regfile:regfile|registers[0][19]                                                                                                                       ; Stuck at GND due to stuck port clock_enable                                                                                                                                                                  ;
; soc_top:u_soc_top|single_cycle:u_single_cycle|regfile:regfile|registers[0][20]                                                                                                                       ; Stuck at GND due to stuck port clock_enable                                                                                                                                                                  ;
; soc_top:u_soc_top|single_cycle:u_single_cycle|regfile:regfile|registers[0][21]                                                                                                                       ; Stuck at GND due to stuck port clock_enable                                                                                                                                                                  ;
; soc_top:u_soc_top|single_cycle:u_single_cycle|regfile:regfile|registers[0][22]                                                                                                                       ; Stuck at GND due to stuck port clock_enable                                                                                                                                                                  ;
; soc_top:u_soc_top|single_cycle:u_single_cycle|regfile:regfile|registers[0][23]                                                                                                                       ; Stuck at GND due to stuck port clock_enable                                                                                                                                                                  ;
; soc_top:u_soc_top|single_cycle:u_single_cycle|regfile:regfile|registers[0][24]                                                                                                                       ; Stuck at GND due to stuck port clock_enable                                                                                                                                                                  ;
; soc_top:u_soc_top|single_cycle:u_single_cycle|regfile:regfile|registers[0][25]                                                                                                                       ; Stuck at GND due to stuck port clock_enable                                                                                                                                                                  ;
; soc_top:u_soc_top|single_cycle:u_single_cycle|regfile:regfile|registers[0][26]                                                                                                                       ; Stuck at GND due to stuck port clock_enable                                                                                                                                                                  ;
; soc_top:u_soc_top|single_cycle:u_single_cycle|regfile:regfile|registers[0][27]                                                                                                                       ; Stuck at GND due to stuck port clock_enable                                                                                                                                                                  ;
; soc_top:u_soc_top|single_cycle:u_single_cycle|regfile:regfile|registers[0][28]                                                                                                                       ; Stuck at GND due to stuck port clock_enable                                                                                                                                                                  ;
; soc_top:u_soc_top|single_cycle:u_single_cycle|regfile:regfile|registers[0][30]                                                                                                                       ; Stuck at GND due to stuck port clock_enable                                                                                                                                                                  ;
; soc_top:u_soc_top|single_cycle:u_single_cycle|regfile:regfile|registers[0][31]                                                                                                                       ; Stuck at GND due to stuck port clock_enable                                                                                                                                                                  ;
; soc_top:u_soc_top|single_cycle:u_single_cycle|regfile:regfile|registers[0][29]                                                                                                                       ; Stuck at GND due to stuck port clock_enable                                                                                                                                                                  ;
; soc_top:u_soc_top|ipu_core:u_ipu_core|ipu_control_logic:u_ipu_control_logic|state_prev.S_IDLE                                                                                                        ; Lost fanout                                                                                                                                                                                                  ;
; soc_top:u_soc_top|ipu_core:u_ipu_core|ipu_control_logic:u_ipu_control_logic|state_prev.S_LOAD                                                                                                        ; Lost fanout                                                                                                                                                                                                  ;
; soc_top:u_soc_top|ipu_core:u_ipu_core|ipu_control_logic:u_ipu_control_logic|state_prev.S_SKY                                                                                                         ; Lost fanout                                                                                                                                                                                                  ;
; soc_top:u_soc_top|ipu_core:u_ipu_core|ipu_control_logic:u_ipu_control_logic|state_prev.S_DONE                                                                                                        ; Lost fanout                                                                                                                                                                                                  ;
; soc_top:u_soc_top|ipu_core:u_ipu_core|ipu_control_logic:u_ipu_control_logic|state_prev~4                                                                                                             ; Lost fanout                                                                                                                                                                                                  ;
; soc_top:u_soc_top|ipu_core:u_ipu_core|ipu_control_logic:u_ipu_control_logic|state_prev~5                                                                                                             ; Lost fanout                                                                                                                                                                                                  ;
; soc_top:u_soc_top|ipu_core:u_ipu_core|ipu_control_logic:u_ipu_control_logic|state_prev~6                                                                                                             ; Lost fanout                                                                                                                                                                                                  ;
; soc_top:u_soc_top|ipu_core:u_ipu_core|ipu_control_logic:u_ipu_control_logic|state_prev~7                                                                                                             ; Lost fanout                                                                                                                                                                                                  ;
; soc_top:u_soc_top|ipu_core:u_ipu_core|ipu_control_logic:u_ipu_control_logic|state_c~4                                                                                                                ; Lost fanout                                                                                                                                                                                                  ;
; soc_top:u_soc_top|ipu_core:u_ipu_core|ipu_control_logic:u_ipu_control_logic|state_c~5                                                                                                                ; Lost fanout                                                                                                                                                                                                  ;
; soc_top:u_soc_top|ipu_core:u_ipu_core|ipu_control_logic:u_ipu_control_logic|state_c~6                                                                                                                ; Lost fanout                                                                                                                                                                                                  ;
; soc_top:u_soc_top|ipu_core:u_ipu_core|ipu_control_logic:u_ipu_control_logic|state_c~7                                                                                                                ; Lost fanout                                                                                                                                                                                                  ;
; soc_top:u_soc_top|ipu_core:u_ipu_core|ipu_bram_reader:u_ipu_bram_reader|row_base_addr[14,15]                                                                                                         ; Lost fanout                                                                                                                                                                                                  ;
; soc_top:u_soc_top|ipu_core:u_ipu_core|ipu_bram_writer:u_ipu_bram_writer|row_base_addr[14,15]                                                                                                         ; Lost fanout                                                                                                                                                                                                  ;
; soc_top:u_soc_top|ipu_core:u_ipu_core|ipu_bram_reader:u_ipu_bram_reader|base_word_addr[14,15]                                                                                                        ; Lost fanout                                                                                                                                                                                                  ;
; soc_top:u_soc_top|ipu_core:u_ipu_core|ipu_bram_writer:u_ipu_bram_writer|base_word_addr[14,15]                                                                                                        ; Lost fanout                                                                                                                                                                                                  ;
; Total Number of Removed Registers = 511                                                                                                                                                              ;                                                                                                                                                                                                              ;
+------------------------------------------------------------------------------------------------------------------------------------------------------------------------------------------------------+--------------------------------------------------------------------------------------------------------------------------------------------------------------------------------------------------------------+


+------------------------------------------------------------------------------------------------------------------------------------------------------------------------------------------------------------------------------------------------------------------------------------------------------------------------------------------------------------------------------------------+
; Removed Registers Triggering Further Register Optimizations                                                                                                                                                                                                                                                                                                                              ;
+-----------------------------------------------------------------------------------------------------------------------------------------------------------------------+--------------------------------+---------------------------------------------------------------------------------------------------------------------------------------------------------------------------------+
; Register name                                                                                                                                                         ; Reason for Removal             ; Registers Removed due to This Register                                                                                                                                          ;
+-----------------------------------------------------------------------------------------------------------------------------------------------------------------------+--------------------------------+---------------------------------------------------------------------------------------------------------------------------------------------------------------------------------+
; soc_top:u_soc_top|single_cycle:u_single_cycle|regfile:regfile|registers[0][2]                                                                                         ; Stuck at GND                   ; soc_top:u_soc_top|single_cycle:u_single_cycle|regfile:regfile|registers[0][3],                                                                                                  ;
;                                                                                                                                                                       ; due to stuck port clock_enable ; soc_top:u_soc_top|single_cycle:u_single_cycle|regfile:regfile|registers[0][17],                                                                                                 ;
;                                                                                                                                                                       ;                                ; soc_top:u_soc_top|single_cycle:u_single_cycle|regfile:regfile|registers[0][18],                                                                                                 ;
;                                                                                                                                                                       ;                                ; soc_top:u_soc_top|single_cycle:u_single_cycle|regfile:regfile|registers[0][19],                                                                                                 ;
;                                                                                                                                                                       ;                                ; soc_top:u_soc_top|single_cycle:u_single_cycle|regfile:regfile|registers[0][25],                                                                                                 ;
;                                                                                                                                                                       ;                                ; soc_top:u_soc_top|single_cycle:u_single_cycle|regfile:regfile|registers[0][26],                                                                                                 ;
;                                                                                                                                                                       ;                                ; soc_top:u_soc_top|single_cycle:u_single_cycle|regfile:regfile|registers[0][27],                                                                                                 ;
;                                                                                                                                                                       ;                                ; soc_top:u_soc_top|single_cycle:u_single_cycle|regfile:regfile|registers[0][28],                                                                                                 ;
;                                                                                                                                                                       ;                                ; soc_top:u_soc_top|single_cycle:u_single_cycle|regfile:regfile|registers[0][30],                                                                                                 ;
;                                                                                                                                                                       ;                                ; soc_top:u_soc_top|single_cycle:u_single_cycle|regfile:regfile|registers[0][29]                                                                                                  ;
; soc_top:u_soc_top|single_cycle:u_single_cycle|regfile:regfile|registers[0][16]                                                                                        ; Stuck at GND                   ; soc_top:u_soc_top|single_cycle:u_single_cycle|regfile:regfile|registers[0][20],                                                                                                 ;
;                                                                                                                                                                       ; due to stuck port clock_enable ; soc_top:u_soc_top|single_cycle:u_single_cycle|regfile:regfile|registers[0][21],                                                                                                 ;
;                                                                                                                                                                       ;                                ; soc_top:u_soc_top|single_cycle:u_single_cycle|regfile:regfile|registers[0][22],                                                                                                 ;
;                                                                                                                                                                       ;                                ; soc_top:u_soc_top|single_cycle:u_single_cycle|regfile:regfile|registers[0][23],                                                                                                 ;
;                                                                                                                                                                       ;                                ; soc_top:u_soc_top|single_cycle:u_single_cycle|regfile:regfile|registers[0][24]                                                                                                  ;
; soc_top:u_soc_top|ipu_core:u_ipu_core|haze_removal_top:u_haze_removal_top|haze_removal_core:u_core|adc_estimation:u_adc_estimation|adc_path_length:u_path_len|dl24[9] ; Stuck at GND                   ; soc_top:u_soc_top|ipu_core:u_ipu_core|haze_removal_top:u_haze_removal_top|haze_removal_core:u_core|adc_estimation:u_adc_estimation|adc_rlimit_compute:u_rlimit|dl_s1_24[9],     ;
;                                                                                                                                                                       ; due to stuck port data_in      ; soc_top:u_soc_top|ipu_core:u_ipu_core|haze_removal_top:u_haze_removal_top|haze_removal_core:u_core|adc_estimation:u_adc_estimation|adc_rlimit_compute:u_rlimit|dl_d24[9],       ;
;                                                                                                                                                                       ;                                ; soc_top:u_soc_top|ipu_core:u_ipu_core|haze_removal_top:u_haze_removal_top|haze_removal_core:u_core|adc_estimation:u_adc_estimation|adc_rlimit_compute:u_rlimit|sum_total_r[14], ;
;                                                                                                                                                                       ;                                ; soc_top:u_soc_top|ipu_core:u_ipu_core|haze_removal_top:u_haze_removal_top|haze_removal_core:u_core|adc_estimation:u_adc_estimation|adc_rlimit_compute:u_rlimit|sum_total_r[13]  ;
; soc_top:u_soc_top|ipu_core:u_ipu_core|haze_removal_top:u_haze_removal_top|haze_removal_core:u_core|adc_estimation:u_adc_estimation|adc_path_length:u_path_len|dl00[8] ; Stuck at GND                   ; soc_top:u_soc_top|ipu_core:u_ipu_core|haze_removal_top:u_haze_removal_top|haze_removal_core:u_core|adc_estimation:u_adc_estimation|adc_rlimit_compute:u_rlimit|dl_s1_00[8],     ;
;                                                                                                                                                                       ; due to stuck port data_in      ; soc_top:u_soc_top|ipu_core:u_ipu_core|haze_removal_top:u_haze_removal_top|haze_removal_core:u_core|adc_estimation:u_adc_estimation|adc_rlimit_compute:u_rlimit|dl_d00[8]        ;
; soc_top:u_soc_top|ipu_core:u_ipu_core|haze_removal_top:u_haze_removal_top|haze_removal_core:u_core|adc_estimation:u_adc_estimation|adc_path_length:u_path_len|dl01[9] ; Stuck at GND                   ; soc_top:u_soc_top|ipu_core:u_ipu_core|haze_removal_top:u_haze_removal_top|haze_removal_core:u_core|adc_estimation:u_adc_estimation|adc_rlimit_compute:u_rlimit|dl_s1_01[9],     ;
;                                                                                                                                                                       ; due to stuck port data_in      ; soc_top:u_soc_top|ipu_core:u_ipu_core|haze_removal_top:u_haze_removal_top|haze_removal_core:u_core|adc_estimation:u_adc_estimation|adc_rlimit_compute:u_rlimit|dl_d01[9]        ;
; soc_top:u_soc_top|ipu_core:u_ipu_core|haze_removal_top:u_haze_removal_top|haze_removal_core:u_core|adc_estimation:u_adc_estimation|adc_path_length:u_path_len|dl01[8] ; Stuck at GND                   ; soc_top:u_soc_top|ipu_core:u_ipu_core|haze_removal_top:u_haze_removal_top|haze_removal_core:u_core|adc_estimation:u_adc_estimation|adc_rlimit_compute:u_rlimit|dl_s1_01[8],     ;
;                                                                                                                                                                       ; due to stuck port data_in      ; soc_top:u_soc_top|ipu_core:u_ipu_core|haze_removal_top:u_haze_removal_top|haze_removal_core:u_core|adc_estimation:u_adc_estimation|adc_rlimit_compute:u_rlimit|dl_d01[8]        ;
; soc_top:u_soc_top|ipu_core:u_ipu_core|haze_removal_top:u_haze_removal_top|haze_removal_core:u_core|adc_estimation:u_adc_estimation|adc_path_length:u_path_len|dl02[9] ; Stuck at GND                   ; soc_top:u_soc_top|ipu_core:u_ipu_core|haze_removal_top:u_haze_removal_top|haze_removal_core:u_core|adc_estimation:u_adc_estimation|adc_rlimit_compute:u_rlimit|dl_s1_02[9],     ;
;                                                                                                                                                                       ; due to stuck port data_in      ; soc_top:u_soc_top|ipu_core:u_ipu_core|haze_removal_top:u_haze_removal_top|haze_removal_core:u_core|adc_estimation:u_adc_estimation|adc_rlimit_compute:u_rlimit|dl_d02[9]        ;
; soc_top:u_soc_top|ipu_core:u_ipu_core|haze_removal_top:u_haze_removal_top|haze_removal_core:u_core|adc_estimation:u_adc_estimation|adc_path_length:u_path_len|dl02[8] ; Stuck at GND                   ; soc_top:u_soc_top|ipu_core:u_ipu_core|haze_removal_top:u_haze_removal_top|haze_removal_core:u_core|adc_estimation:u_adc_estimation|adc_rlimit_compute:u_rlimit|dl_s1_02[8],     ;
;                                                                                                                                                                       ; due to stuck port data_in      ; soc_top:u_soc_top|ipu_core:u_ipu_core|haze_removal_top:u_haze_removal_top|haze_removal_core:u_core|adc_estimation:u_adc_estimation|adc_rlimit_compute:u_rlimit|dl_d02[8]        ;
; soc_top:u_soc_top|ipu_core:u_ipu_core|haze_removal_top:u_haze_removal_top|haze_removal_core:u_core|adc_estimation:u_adc_estimation|adc_path_length:u_path_len|dl03[9] ; Stuck at GND                   ; soc_top:u_soc_top|ipu_core:u_ipu_core|haze_removal_top:u_haze_removal_top|haze_removal_core:u_core|adc_estimation:u_adc_estimation|adc_rlimit_compute:u_rlimit|dl_s1_03[9],     ;
;                                                                                                                                                                       ; due to stuck port data_in      ; soc_top:u_soc_top|ipu_core:u_ipu_core|haze_removal_top:u_haze_removal_top|haze_removal_core:u_core|adc_estimation:u_adc_estimation|adc_rlimit_compute:u_rlimit|dl_d03[9]        ;
; soc_top:u_soc_top|ipu_core:u_ipu_core|haze_removal_top:u_haze_removal_top|haze_removal_core:u_core|adc_estimation:u_adc_estimation|adc_path_length:u_path_len|dl03[8] ; Stuck at GND                   ; soc_top:u_soc_top|ipu_core:u_ipu_core|haze_removal_top:u_haze_removal_top|haze_removal_core:u_core|adc_estimation:u_adc_estimation|adc_rlimit_compute:u_rlimit|dl_s1_03[8],     ;
;                                                                                                                                                                       ; due to stuck port data_in      ; soc_top:u_soc_top|ipu_core:u_ipu_core|haze_removal_top:u_haze_removal_top|haze_removal_core:u_core|adc_estimation:u_adc_estimation|adc_rlimit_compute:u_rlimit|dl_d03[8]        ;
; soc_top:u_soc_top|ipu_core:u_ipu_core|haze_removal_top:u_haze_removal_top|haze_removal_core:u_core|adc_estimation:u_adc_estimation|adc_path_length:u_path_len|dl04[9] ; Stuck at GND                   ; soc_top:u_soc_top|ipu_core:u_ipu_core|haze_removal_top:u_haze_removal_top|haze_removal_core:u_core|adc_estimation:u_adc_estimation|adc_rlimit_compute:u_rlimit|dl_s1_04[9],     ;
;                                                                                                                                                                       ; due to stuck port data_in      ; soc_top:u_soc_top|ipu_core:u_ipu_core|haze_removal_top:u_haze_removal_top|haze_removal_core:u_core|adc_estimation:u_adc_estimation|adc_rlimit_compute:u_rlimit|dl_d04[9]        ;
; soc_top:u_soc_top|ipu_core:u_ipu_core|haze_removal_top:u_haze_removal_top|haze_removal_core:u_core|adc_estimation:u_adc_estimation|adc_path_length:u_path_len|dl04[8] ; Stuck at GND                   ; soc_top:u_soc_top|ipu_core:u_ipu_core|haze_removal_top:u_haze_removal_top|haze_removal_core:u_core|adc_estimation:u_adc_estimation|adc_rlimit_compute:u_rlimit|dl_s1_04[8],     ;
;                                                                                                                                                                       ; due to stuck port data_in      ; soc_top:u_soc_top|ipu_core:u_ipu_core|haze_removal_top:u_haze_removal_top|haze_removal_core:u_core|adc_estimation:u_adc_estimation|adc_rlimit_compute:u_rlimit|dl_d04[8]        ;
; soc_top:u_soc_top|ipu_core:u_ipu_core|haze_removal_top:u_haze_removal_top|haze_removal_core:u_core|adc_estimation:u_adc_estimation|adc_path_length:u_path_len|dl10[9] ; Stuck at GND                   ; soc_top:u_soc_top|ipu_core:u_ipu_core|haze_removal_top:u_haze_removal_top|haze_removal_core:u_core|adc_estimation:u_adc_estimation|adc_rlimit_compute:u_rlimit|dl_s1_10[9],     ;
;                                                                                                                                                                       ; due to stuck port data_in      ; soc_top:u_soc_top|ipu_core:u_ipu_core|haze_removal_top:u_haze_removal_top|haze_removal_core:u_core|adc_estimation:u_adc_estimation|adc_rlimit_compute:u_rlimit|dl_d10[9]        ;
; soc_top:u_soc_top|ipu_core:u_ipu_core|haze_removal_top:u_haze_removal_top|haze_removal_core:u_core|adc_estimation:u_adc_estimation|adc_path_length:u_path_len|dl10[8] ; Stuck at GND                   ; soc_top:u_soc_top|ipu_core:u_ipu_core|haze_removal_top:u_haze_removal_top|haze_removal_core:u_core|adc_estimation:u_adc_estimation|adc_rlimit_compute:u_rlimit|dl_s1_10[8],     ;
;                                                                                                                                                                       ; due to stuck port data_in      ; soc_top:u_soc_top|ipu_core:u_ipu_core|haze_removal_top:u_haze_removal_top|haze_removal_core:u_core|adc_estimation:u_adc_estimation|adc_rlimit_compute:u_rlimit|dl_d10[8]        ;
; soc_top:u_soc_top|ipu_core:u_ipu_core|haze_removal_top:u_haze_removal_top|haze_removal_core:u_core|adc_estimation:u_adc_estimation|adc_path_length:u_path_len|dl11[9] ; Stuck at GND                   ; soc_top:u_soc_top|ipu_core:u_ipu_core|haze_removal_top:u_haze_removal_top|haze_removal_core:u_core|adc_estimation:u_adc_estimation|adc_rlimit_compute:u_rlimit|dl_s1_11[9],     ;
;                                                                                                                                                                       ; due to stuck port data_in      ; soc_top:u_soc_top|ipu_core:u_ipu_core|haze_removal_top:u_haze_removal_top|haze_removal_core:u_core|adc_estimation:u_adc_estimation|adc_rlimit_compute:u_rlimit|dl_d11[9]        ;
; soc_top:u_soc_top|ipu_core:u_ipu_core|haze_removal_top:u_haze_removal_top|haze_removal_core:u_core|adc_estimation:u_adc_estimation|adc_path_length:u_path_len|dl11[8] ; Stuck at GND                   ; soc_top:u_soc_top|ipu_core:u_ipu_core|haze_removal_top:u_haze_removal_top|haze_removal_core:u_core|adc_estimation:u_adc_estimation|adc_rlimit_compute:u_rlimit|dl_s1_11[8],     ;
;                                                                                                                                                                       ; due to stuck port data_in      ; soc_top:u_soc_top|ipu_core:u_ipu_core|haze_removal_top:u_haze_removal_top|haze_removal_core:u_core|adc_estimation:u_adc_estimation|adc_rlimit_compute:u_rlimit|dl_d11[8]        ;
; soc_top:u_soc_top|ipu_core:u_ipu_core|haze_removal_top:u_haze_removal_top|haze_removal_core:u_core|adc_estimation:u_adc_estimation|adc_path_length:u_path_len|dl12[9] ; Stuck at GND                   ; soc_top:u_soc_top|ipu_core:u_ipu_core|haze_removal_top:u_haze_removal_top|haze_removal_core:u_core|adc_estimation:u_adc_estimation|adc_rlimit_compute:u_rlimit|dl_s1_12[9],     ;
;                                                                                                                                                                       ; due to stuck port data_in      ; soc_top:u_soc_top|ipu_core:u_ipu_core|haze_removal_top:u_haze_removal_top|haze_removal_core:u_core|adc_estimation:u_adc_estimation|adc_rlimit_compute:u_rlimit|dl_d12[9]        ;
; soc_top:u_soc_top|ipu_core:u_ipu_core|haze_removal_top:u_haze_removal_top|haze_removal_core:u_core|adc_estimation:u_adc_estimation|adc_path_length:u_path_len|dl12[8] ; Stuck at GND                   ; soc_top:u_soc_top|ipu_core:u_ipu_core|haze_removal_top:u_haze_removal_top|haze_removal_core:u_core|adc_estimation:u_adc_estimation|adc_rlimit_compute:u_rlimit|dl_s1_12[8],     ;
;                                                                                                                                                                       ; due to stuck port data_in      ; soc_top:u_soc_top|ipu_core:u_ipu_core|haze_removal_top:u_haze_removal_top|haze_removal_core:u_core|adc_estimation:u_adc_estimation|adc_rlimit_compute:u_rlimit|dl_d12[8]        ;
; soc_top:u_soc_top|ipu_core:u_ipu_core|haze_removal_top:u_haze_removal_top|haze_removal_core:u_core|adc_estimation:u_adc_estimation|adc_path_length:u_path_len|dl13[9] ; Stuck at GND                   ; soc_top:u_soc_top|ipu_core:u_ipu_core|haze_removal_top:u_haze_removal_top|haze_removal_core:u_core|adc_estimation:u_adc_estimation|adc_rlimit_compute:u_rlimit|dl_s1_13[9],     ;
;                                                                                                                                                                       ; due to stuck port data_in      ; soc_top:u_soc_top|ipu_core:u_ipu_core|haze_removal_top:u_haze_removal_top|haze_removal_core:u_core|adc_estimation:u_adc_estimation|adc_rlimit_compute:u_rlimit|dl_d13[9]        ;
; soc_top:u_soc_top|ipu_core:u_ipu_core|haze_removal_top:u_haze_removal_top|haze_removal_core:u_core|adc_estimation:u_adc_estimation|adc_path_length:u_path_len|dl13[8] ; Stuck at GND                   ; soc_top:u_soc_top|ipu_core:u_ipu_core|haze_removal_top:u_haze_removal_top|haze_removal_core:u_core|adc_estimation:u_adc_estimation|adc_rlimit_compute:u_rlimit|dl_s1_13[8],     ;
;                                                                                                                                                                       ; due to stuck port data_in      ; soc_top:u_soc_top|ipu_core:u_ipu_core|haze_removal_top:u_haze_removal_top|haze_removal_core:u_core|adc_estimation:u_adc_estimation|adc_rlimit_compute:u_rlimit|dl_d13[8]        ;
; soc_top:u_soc_top|ipu_core:u_ipu_core|haze_removal_top:u_haze_removal_top|haze_removal_core:u_core|adc_estimation:u_adc_estimation|adc_path_length:u_path_len|dl14[9] ; Stuck at GND                   ; soc_top:u_soc_top|ipu_core:u_ipu_core|haze_removal_top:u_haze_removal_top|haze_removal_core:u_core|adc_estimation:u_adc_estimation|adc_rlimit_compute:u_rlimit|dl_s1_14[9],     ;
;                                                                                                                                                                       ; due to stuck port data_in      ; soc_top:u_soc_top|ipu_core:u_ipu_core|haze_removal_top:u_haze_removal_top|haze_removal_core:u_core|adc_estimation:u_adc_estimation|adc_rlimit_compute:u_rlimit|dl_d14[9]        ;
; soc_top:u_soc_top|ipu_core:u_ipu_core|haze_removal_top:u_haze_removal_top|haze_removal_core:u_core|adc_estimation:u_adc_estimation|adc_path_length:u_path_len|dl14[8] ; Stuck at GND                   ; soc_top:u_soc_top|ipu_core:u_ipu_core|haze_removal_top:u_haze_removal_top|haze_removal_core:u_core|adc_estimation:u_adc_estimation|adc_rlimit_compute:u_rlimit|dl_s1_14[8],     ;
;                                                                                                                                                                       ; due to stuck port data_in      ; soc_top:u_soc_top|ipu_core:u_ipu_core|haze_removal_top:u_haze_removal_top|haze_removal_core:u_core|adc_estimation:u_adc_estimation|adc_rlimit_compute:u_rlimit|dl_d14[8]        ;
; soc_top:u_soc_top|ipu_core:u_ipu_core|haze_removal_top:u_haze_removal_top|haze_removal_core:u_core|adc_estimation:u_adc_estimation|adc_path_length:u_path_len|dl20[9] ; Stuck at GND                   ; soc_top:u_soc_top|ipu_core:u_ipu_core|haze_removal_top:u_haze_removal_top|haze_removal_core:u_core|adc_estimation:u_adc_estimation|adc_rlimit_compute:u_rlimit|dl_s1_20[9],     ;
;                                                                                                                                                                       ; due to stuck port data_in      ; soc_top:u_soc_top|ipu_core:u_ipu_core|haze_removal_top:u_haze_removal_top|haze_removal_core:u_core|adc_estimation:u_adc_estimation|adc_rlimit_compute:u_rlimit|dl_d20[9]        ;
; soc_top:u_soc_top|ipu_core:u_ipu_core|haze_removal_top:u_haze_removal_top|haze_removal_core:u_core|adc_estimation:u_adc_estimation|adc_path_length:u_path_len|dl20[8] ; Stuck at GND                   ; soc_top:u_soc_top|ipu_core:u_ipu_core|haze_removal_top:u_haze_removal_top|haze_removal_core:u_core|adc_estimation:u_adc_estimation|adc_rlimit_compute:u_rlimit|dl_s1_20[8],     ;
;                                                                                                                                                                       ; due to stuck port data_in      ; soc_top:u_soc_top|ipu_core:u_ipu_core|haze_removal_top:u_haze_removal_top|haze_removal_core:u_core|adc_estimation:u_adc_estimation|adc_rlimit_compute:u_rlimit|dl_d20[8]        ;
; soc_top:u_soc_top|ipu_core:u_ipu_core|haze_removal_top:u_haze_removal_top|haze_removal_core:u_core|adc_estimation:u_adc_estimation|adc_path_length:u_path_len|dl21[9] ; Stuck at GND                   ; soc_top:u_soc_top|ipu_core:u_ipu_core|haze_removal_top:u_haze_removal_top|haze_removal_core:u_core|adc_estimation:u_adc_estimation|adc_rlimit_compute:u_rlimit|dl_s1_21[9],     ;
;                                                                                                                                                                       ; due to stuck port data_in      ; soc_top:u_soc_top|ipu_core:u_ipu_core|haze_removal_top:u_haze_removal_top|haze_removal_core:u_core|adc_estimation:u_adc_estimation|adc_rlimit_compute:u_rlimit|dl_d21[9]        ;
; soc_top:u_soc_top|ipu_core:u_ipu_core|haze_removal_top:u_haze_removal_top|haze_removal_core:u_core|adc_estimation:u_adc_estimation|adc_path_length:u_path_len|dl21[8] ; Stuck at GND                   ; soc_top:u_soc_top|ipu_core:u_ipu_core|haze_removal_top:u_haze_removal_top|haze_removal_core:u_core|adc_estimation:u_adc_estimation|adc_rlimit_compute:u_rlimit|dl_s1_21[8],     ;
;                                                                                                                                                                       ; due to stuck port data_in      ; soc_top:u_soc_top|ipu_core:u_ipu_core|haze_removal_top:u_haze_removal_top|haze_removal_core:u_core|adc_estimation:u_adc_estimation|adc_rlimit_compute:u_rlimit|dl_d21[8]        ;
; soc_top:u_soc_top|ipu_core:u_ipu_core|haze_removal_top:u_haze_removal_top|haze_removal_core:u_core|adc_estimation:u_adc_estimation|adc_path_length:u_path_len|dl23[9] ; Stuck at GND                   ; soc_top:u_soc_top|ipu_core:u_ipu_core|haze_removal_top:u_haze_removal_top|haze_removal_core:u_core|adc_estimation:u_adc_estimation|adc_rlimit_compute:u_rlimit|dl_s1_23[9],     ;
;                                                                                                                                                                       ; due to stuck port data_in      ; soc_top:u_soc_top|ipu_core:u_ipu_core|haze_removal_top:u_haze_removal_top|haze_removal_core:u_core|adc_estimation:u_adc_estimation|adc_rlimit_compute:u_rlimit|dl_d23[9]        ;
; soc_top:u_soc_top|ipu_core:u_ipu_core|haze_removal_top:u_haze_removal_top|haze_removal_core:u_core|adc_estimation:u_adc_estimation|adc_path_length:u_path_len|dl23[8] ; Stuck at GND                   ; soc_top:u_soc_top|ipu_core:u_ipu_core|haze_removal_top:u_haze_removal_top|haze_removal_core:u_core|adc_estimation:u_adc_estimation|adc_rlimit_compute:u_rlimit|dl_s1_23[8],     ;
;                                                                                                                                                                       ; due to stuck port data_in      ; soc_top:u_soc_top|ipu_core:u_ipu_core|haze_removal_top:u_haze_removal_top|haze_removal_core:u_core|adc_estimation:u_adc_estimation|adc_rlimit_compute:u_rlimit|dl_d23[8]        ;
; soc_top:u_soc_top|ipu_core:u_ipu_core|haze_removal_top:u_haze_removal_top|haze_removal_core:u_core|adc_estimation:u_adc_estimation|adc_path_length:u_path_len|dl24[8] ; Stuck at GND                   ; soc_top:u_soc_top|ipu_core:u_ipu_core|haze_removal_top:u_haze_removal_top|haze_removal_core:u_core|adc_estimation:u_adc_estimation|adc_rlimit_compute:u_rlimit|dl_s1_24[8],     ;
;                                                                                                                                                                       ; due to stuck port data_in      ; soc_top:u_soc_top|ipu_core:u_ipu_core|haze_removal_top:u_haze_removal_top|haze_removal_core:u_core|adc_estimation:u_adc_estimation|adc_rlimit_compute:u_rlimit|dl_d24[8]        ;
; soc_top:u_soc_top|ipu_core:u_ipu_core|haze_removal_top:u_haze_removal_top|haze_removal_core:u_core|adc_estimation:u_adc_estimation|adc_path_length:u_path_len|dl30[9] ; Stuck at GND                   ; soc_top:u_soc_top|ipu_core:u_ipu_core|haze_removal_top:u_haze_removal_top|haze_removal_core:u_core|adc_estimation:u_adc_estimation|adc_rlimit_compute:u_rlimit|dl_s1_30[9],     ;
;                                                                                                                                                                       ; due to stuck port data_in      ; soc_top:u_soc_top|ipu_core:u_ipu_core|haze_removal_top:u_haze_removal_top|haze_removal_core:u_core|adc_estimation:u_adc_estimation|adc_rlimit_compute:u_rlimit|dl_d30[9]        ;
; soc_top:u_soc_top|ipu_core:u_ipu_core|haze_removal_top:u_haze_removal_top|haze_removal_core:u_core|adc_estimation:u_adc_estimation|adc_path_length:u_path_len|dl30[8] ; Stuck at GND                   ; soc_top:u_soc_top|ipu_core:u_ipu_core|haze_removal_top:u_haze_removal_top|haze_removal_core:u_core|adc_estimation:u_adc_estimation|adc_rlimit_compute:u_rlimit|dl_s1_30[8],     ;
;                                                                                                                                                                       ; due to stuck port data_in      ; soc_top:u_soc_top|ipu_core:u_ipu_core|haze_removal_top:u_haze_removal_top|haze_removal_core:u_core|adc_estimation:u_adc_estimation|adc_rlimit_compute:u_rlimit|dl_d30[8]        ;
; soc_top:u_soc_top|ipu_core:u_ipu_core|haze_removal_top:u_haze_removal_top|haze_removal_core:u_core|adc_estimation:u_adc_estimation|adc_path_length:u_path_len|dl31[9] ; Stuck at GND                   ; soc_top:u_soc_top|ipu_core:u_ipu_core|haze_removal_top:u_haze_removal_top|haze_removal_core:u_core|adc_estimation:u_adc_estimation|adc_rlimit_compute:u_rlimit|dl_s1_31[9],     ;
;                                                                                                                                                                       ; due to stuck port data_in      ; soc_top:u_soc_top|ipu_core:u_ipu_core|haze_removal_top:u_haze_removal_top|haze_removal_core:u_core|adc_estimation:u_adc_estimation|adc_rlimit_compute:u_rlimit|dl_d31[9]        ;
; soc_top:u_soc_top|ipu_core:u_ipu_core|haze_removal_top:u_haze_removal_top|haze_removal_core:u_core|adc_estimation:u_adc_estimation|adc_path_length:u_path_len|dl31[8] ; Stuck at GND                   ; soc_top:u_soc_top|ipu_core:u_ipu_core|haze_removal_top:u_haze_removal_top|haze_removal_core:u_core|adc_estimation:u_adc_estimation|adc_rlimit_compute:u_rlimit|dl_s1_31[8],     ;
;                                                                                                                                                                       ; due to stuck port data_in      ; soc_top:u_soc_top|ipu_core:u_ipu_core|haze_removal_top:u_haze_removal_top|haze_removal_core:u_core|adc_estimation:u_adc_estimation|adc_rlimit_compute:u_rlimit|dl_d31[8]        ;
; soc_top:u_soc_top|ipu_core:u_ipu_core|haze_removal_top:u_haze_removal_top|haze_removal_core:u_core|adc_estimation:u_adc_estimation|adc_path_length:u_path_len|dl32[9] ; Stuck at GND                   ; soc_top:u_soc_top|ipu_core:u_ipu_core|haze_removal_top:u_haze_removal_top|haze_removal_core:u_core|adc_estimation:u_adc_estimation|adc_rlimit_compute:u_rlimit|dl_s1_32[9],     ;
;                                                                                                                                                                       ; due to stuck port data_in      ; soc_top:u_soc_top|ipu_core:u_ipu_core|haze_removal_top:u_haze_removal_top|haze_removal_core:u_core|adc_estimation:u_adc_estimation|adc_rlimit_compute:u_rlimit|dl_d32[9]        ;
; soc_top:u_soc_top|ipu_core:u_ipu_core|haze_removal_top:u_haze_removal_top|haze_removal_core:u_core|adc_estimation:u_adc_estimation|adc_path_length:u_path_len|dl32[8] ; Stuck at GND                   ; soc_top:u_soc_top|ipu_core:u_ipu_core|haze_removal_top:u_haze_removal_top|haze_removal_core:u_core|adc_estimation:u_adc_estimation|adc_rlimit_compute:u_rlimit|dl_s1_32[8],     ;
;                                                                                                                                                                       ; due to stuck port data_in      ; soc_top:u_soc_top|ipu_core:u_ipu_core|haze_removal_top:u_haze_removal_top|haze_removal_core:u_core|adc_estimation:u_adc_estimation|adc_rlimit_compute:u_rlimit|dl_d32[8]        ;
; soc_top:u_soc_top|ipu_core:u_ipu_core|haze_removal_top:u_haze_removal_top|haze_removal_core:u_core|adc_estimation:u_adc_estimation|adc_path_length:u_path_len|dl33[9] ; Stuck at GND                   ; soc_top:u_soc_top|ipu_core:u_ipu_core|haze_removal_top:u_haze_removal_top|haze_removal_core:u_core|adc_estimation:u_adc_estimation|adc_rlimit_compute:u_rlimit|dl_s1_33[9],     ;
;                                                                                                                                                                       ; due to stuck port data_in      ; soc_top:u_soc_top|ipu_core:u_ipu_core|haze_removal_top:u_haze_removal_top|haze_removal_core:u_core|adc_estimation:u_adc_estimation|adc_rlimit_compute:u_rlimit|dl_d33[9]        ;
; soc_top:u_soc_top|ipu_core:u_ipu_core|haze_removal_top:u_haze_removal_top|haze_removal_core:u_core|adc_estimation:u_adc_estimation|adc_path_length:u_path_len|dl33[8] ; Stuck at GND                   ; soc_top:u_soc_top|ipu_core:u_ipu_core|haze_removal_top:u_haze_removal_top|haze_removal_core:u_core|adc_estimation:u_adc_estimation|adc_rlimit_compute:u_rlimit|dl_s1_33[8],     ;
;                                                                                                                                                                       ; due to stuck port data_in      ; soc_top:u_soc_top|ipu_core:u_ipu_core|haze_removal_top:u_haze_removal_top|haze_removal_core:u_core|adc_estimation:u_adc_estimation|adc_rlimit_compute:u_rlimit|dl_d33[8]        ;
; soc_top:u_soc_top|ipu_core:u_ipu_core|haze_removal_top:u_haze_removal_top|haze_removal_core:u_core|adc_estimation:u_adc_estimation|adc_path_length:u_path_len|dl34[9] ; Stuck at GND                   ; soc_top:u_soc_top|ipu_core:u_ipu_core|haze_removal_top:u_haze_removal_top|haze_removal_core:u_core|adc_estimation:u_adc_estimation|adc_rlimit_compute:u_rlimit|dl_s1_34[9],     ;
;                                                                                                                                                                       ; due to stuck port data_in      ; soc_top:u_soc_top|ipu_core:u_ipu_core|haze_removal_top:u_haze_removal_top|haze_removal_core:u_core|adc_estimation:u_adc_estimation|adc_rlimit_compute:u_rlimit|dl_d34[9]        ;
; soc_top:u_soc_top|ipu_core:u_ipu_core|haze_removal_top:u_haze_removal_top|haze_removal_core:u_core|adc_estimation:u_adc_estimation|adc_path_length:u_path_len|dl34[8] ; Stuck at GND                   ; soc_top:u_soc_top|ipu_core:u_ipu_core|haze_removal_top:u_haze_removal_top|haze_removal_core:u_core|adc_estimation:u_adc_estimation|adc_rlimit_compute:u_rlimit|dl_s1_34[8],     ;
;                                                                                                                                                                       ; due to stuck port data_in      ; soc_top:u_soc_top|ipu_core:u_ipu_core|haze_removal_top:u_haze_removal_top|haze_removal_core:u_core|adc_estimation:u_adc_estimation|adc_rlimit_compute:u_rlimit|dl_d34[8]        ;
; soc_top:u_soc_top|ipu_core:u_ipu_core|haze_removal_top:u_haze_removal_top|haze_removal_core:u_core|adc_estimation:u_adc_estimation|adc_path_length:u_path_len|dl40[9] ; Stuck at GND                   ; soc_top:u_soc_top|ipu_core:u_ipu_core|haze_removal_top:u_haze_removal_top|haze_removal_core:u_core|adc_estimation:u_adc_estimation|adc_rlimit_compute:u_rlimit|dl_s1_40[9],     ;
;                                                                                                                                                                       ; due to stuck port data_in      ; soc_top:u_soc_top|ipu_core:u_ipu_core|haze_removal_top:u_haze_removal_top|haze_removal_core:u_core|adc_estimation:u_adc_estimation|adc_rlimit_compute:u_rlimit|dl_d40[9]        ;
; soc_top:u_soc_top|ipu_core:u_ipu_core|haze_removal_top:u_haze_removal_top|haze_removal_core:u_core|adc_estimation:u_adc_estimation|adc_path_length:u_path_len|dl40[8] ; Stuck at GND                   ; soc_top:u_soc_top|ipu_core:u_ipu_core|haze_removal_top:u_haze_removal_top|haze_removal_core:u_core|adc_estimation:u_adc_estimation|adc_rlimit_compute:u_rlimit|dl_s1_40[8],     ;
;                                                                                                                                                                       ; due to stuck port data_in      ; soc_top:u_soc_top|ipu_core:u_ipu_core|haze_removal_top:u_haze_removal_top|haze_removal_core:u_core|adc_estimation:u_adc_estimation|adc_rlimit_compute:u_rlimit|dl_d40[8]        ;
; soc_top:u_soc_top|ipu_core:u_ipu_core|haze_removal_top:u_haze_removal_top|haze_removal_core:u_core|adc_estimation:u_adc_estimation|adc_path_length:u_path_len|dl41[9] ; Stuck at GND                   ; soc_top:u_soc_top|ipu_core:u_ipu_core|haze_removal_top:u_haze_removal_top|haze_removal_core:u_core|adc_estimation:u_adc_estimation|adc_rlimit_compute:u_rlimit|dl_s1_41[9],     ;
;                                                                                                                                                                       ; due to stuck port data_in      ; soc_top:u_soc_top|ipu_core:u_ipu_core|haze_removal_top:u_haze_removal_top|haze_removal_core:u_core|adc_estimation:u_adc_estimation|adc_rlimit_compute:u_rlimit|dl_d41[9]        ;
; soc_top:u_soc_top|ipu_core:u_ipu_core|haze_removal_top:u_haze_removal_top|haze_removal_core:u_core|adc_estimation:u_adc_estimation|adc_path_length:u_path_len|dl41[8] ; Stuck at GND                   ; soc_top:u_soc_top|ipu_core:u_ipu_core|haze_removal_top:u_haze_removal_top|haze_removal_core:u_core|adc_estimation:u_adc_estimation|adc_rlimit_compute:u_rlimit|dl_s1_41[8],     ;
;                                                                                                                                                                       ; due to stuck port data_in      ; soc_top:u_soc_top|ipu_core:u_ipu_core|haze_removal_top:u_haze_removal_top|haze_removal_core:u_core|adc_estimation:u_adc_estimation|adc_rlimit_compute:u_rlimit|dl_d41[8]        ;
; soc_top:u_soc_top|ipu_core:u_ipu_core|haze_removal_top:u_haze_removal_top|haze_removal_core:u_core|adc_estimation:u_adc_estimation|adc_path_length:u_path_len|dl42[9] ; Stuck at GND                   ; soc_top:u_soc_top|ipu_core:u_ipu_core|haze_removal_top:u_haze_removal_top|haze_removal_core:u_core|adc_estimation:u_adc_estimation|adc_rlimit_compute:u_rlimit|dl_s1_42[9],     ;
;                                                                                                                                                                       ; due to stuck port data_in      ; soc_top:u_soc_top|ipu_core:u_ipu_core|haze_removal_top:u_haze_removal_top|haze_removal_core:u_core|adc_estimation:u_adc_estimation|adc_rlimit_compute:u_rlimit|dl_d42[9]        ;
; soc_top:u_soc_top|ipu_core:u_ipu_core|haze_removal_top:u_haze_removal_top|haze_removal_core:u_core|adc_estimation:u_adc_estimation|adc_path_length:u_path_len|dl42[8] ; Stuck at GND                   ; soc_top:u_soc_top|ipu_core:u_ipu_core|haze_removal_top:u_haze_removal_top|haze_removal_core:u_core|adc_estimation:u_adc_estimation|adc_rlimit_compute:u_rlimit|dl_s1_42[8],     ;
;                                                                                                                                                                       ; due to stuck port data_in      ; soc_top:u_soc_top|ipu_core:u_ipu_core|haze_removal_top:u_haze_removal_top|haze_removal_core:u_core|adc_estimation:u_adc_estimation|adc_rlimit_compute:u_rlimit|dl_d42[8]        ;
; soc_top:u_soc_top|ipu_core:u_ipu_core|haze_removal_top:u_haze_removal_top|haze_removal_core:u_core|adc_estimation:u_adc_estimation|adc_path_length:u_path_len|dl43[9] ; Stuck at GND                   ; soc_top:u_soc_top|ipu_core:u_ipu_core|haze_removal_top:u_haze_removal_top|haze_removal_core:u_core|adc_estimation:u_adc_estimation|adc_rlimit_compute:u_rlimit|dl_s1_43[9],     ;
;                                                                                                                                                                       ; due to stuck port data_in      ; soc_top:u_soc_top|ipu_core:u_ipu_core|haze_removal_top:u_haze_removal_top|haze_removal_core:u_core|adc_estimation:u_adc_estimation|adc_rlimit_compute:u_rlimit|dl_d43[9]        ;
; soc_top:u_soc_top|ipu_core:u_ipu_core|haze_removal_top:u_haze_removal_top|haze_removal_core:u_core|adc_estimation:u_adc_estimation|adc_path_length:u_path_len|dl43[8] ; Stuck at GND                   ; soc_top:u_soc_top|ipu_core:u_ipu_core|haze_removal_top:u_haze_removal_top|haze_removal_core:u_core|adc_estimation:u_adc_estimation|adc_rlimit_compute:u_rlimit|dl_s1_43[8],     ;
;                                                                                                                                                                       ; due to stuck port data_in      ; soc_top:u_soc_top|ipu_core:u_ipu_core|haze_removal_top:u_haze_removal_top|haze_removal_core:u_core|adc_estimation:u_adc_estimation|adc_rlimit_compute:u_rlimit|dl_d43[8]        ;
; soc_top:u_soc_top|ipu_core:u_ipu_core|haze_removal_top:u_haze_removal_top|haze_removal_core:u_core|adc_estimation:u_adc_estimation|adc_path_length:u_path_len|dl44[9] ; Stuck at GND                   ; soc_top:u_soc_top|ipu_core:u_ipu_core|haze_removal_top:u_haze_removal_top|haze_removal_core:u_core|adc_estimation:u_adc_estimation|adc_rlimit_compute:u_rlimit|dl_s1_44[9],     ;
;                                                                                                                                                                       ; due to stuck port data_in      ; soc_top:u_soc_top|ipu_core:u_ipu_core|haze_removal_top:u_haze_removal_top|haze_removal_core:u_core|adc_estimation:u_adc_estimation|adc_rlimit_compute:u_rlimit|dl_d44[9]        ;
; soc_top:u_soc_top|ipu_core:u_ipu_core|haze_removal_top:u_haze_removal_top|haze_removal_core:u_core|adc_estimation:u_adc_estimation|adc_path_length:u_path_len|dl44[8] ; Stuck at GND                   ; soc_top:u_soc_top|ipu_core:u_ipu_core|haze_removal_top:u_haze_removal_top|haze_removal_core:u_core|adc_estimation:u_adc_estimation|adc_rlimit_compute:u_rlimit|dl_s1_44[8],     ;
;                                                                                                                                                                       ; due to stuck port data_in      ; soc_top:u_soc_top|ipu_core:u_ipu_core|haze_removal_top:u_haze_removal_top|haze_removal_core:u_core|adc_estimation:u_adc_estimation|adc_rlimit_compute:u_rlimit|dl_d44[8]        ;
; soc_top:u_soc_top|ipu_core:u_ipu_core|ipu_bram_reader:u_ipu_bram_reader|row_word_stride[15]                                                                           ; Stuck at GND                   ; soc_top:u_soc_top|ipu_core:u_ipu_core|ipu_bram_reader:u_ipu_bram_reader|base_word_addr[15],                                                                                     ;
;                                                                                                                                                                       ; due to stuck port data_in      ; soc_top:u_soc_top|ipu_core:u_ipu_core|ipu_bram_reader:u_ipu_bram_reader|base_word_addr[14]                                                                                      ;
; soc_top:u_soc_top|ipu_core:u_ipu_core|haze_removal_top:u_haze_removal_top|haze_removal_core:u_core|fusing:u_fusing_direct|s1_value_tem_b[8]                           ; Lost Fanouts                   ; soc_top:u_soc_top|ipu_core:u_ipu_core|haze_removal_top:u_haze_removal_top|haze_removal_core:u_core|fuse_direct_src_d2[16],                                                      ;
;                                                                                                                                                                       ;                                ; soc_top:u_soc_top|ipu_core:u_ipu_core|haze_removal_top:u_haze_removal_top|haze_removal_core:u_core|fuse_direct_src_d1[16]                                                       ;
; soc_top:u_soc_top|ipu_core:u_ipu_core|haze_removal_top:u_haze_removal_top|haze_removal_core:u_core|fusing:u_fusing_direct|s1_value_tem_b[9]                           ; Lost Fanouts                   ; soc_top:u_soc_top|ipu_core:u_ipu_core|haze_removal_top:u_haze_removal_top|haze_removal_core:u_core|fuse_direct_src_d2[17],                                                      ;
;                                                                                                                                                                       ;                                ; soc_top:u_soc_top|ipu_core:u_ipu_core|haze_removal_top:u_haze_removal_top|haze_removal_core:u_core|fuse_direct_src_d1[17]                                                       ;
; soc_top:u_soc_top|ipu_core:u_ipu_core|haze_removal_top:u_haze_removal_top|haze_removal_core:u_core|fusing:u_fusing_direct|s1_value_tem_b[10]                          ; Lost Fanouts                   ; soc_top:u_soc_top|ipu_core:u_ipu_core|haze_removal_top:u_haze_removal_top|haze_removal_core:u_core|fuse_direct_src_d2[18],                                                      ;
;                                                                                                                                                                       ;                                ; soc_top:u_soc_top|ipu_core:u_ipu_core|haze_removal_top:u_haze_removal_top|haze_removal_core:u_core|fuse_direct_src_d1[18]                                                       ;
; soc_top:u_soc_top|ipu_core:u_ipu_core|haze_removal_top:u_haze_removal_top|haze_removal_core:u_core|fusing:u_fusing_direct|s1_value_tem_b[11]                          ; Lost Fanouts                   ; soc_top:u_soc_top|ipu_core:u_ipu_core|haze_removal_top:u_haze_removal_top|haze_removal_core:u_core|fuse_direct_src_d2[19],                                                      ;
;                                                                                                                                                                       ;                                ; soc_top:u_soc_top|ipu_core:u_ipu_core|haze_removal_top:u_haze_removal_top|haze_removal_core:u_core|fuse_direct_src_d1[19]                                                       ;
; soc_top:u_soc_top|ipu_core:u_ipu_core|haze_removal_top:u_haze_removal_top|haze_removal_core:u_core|fusing:u_fusing_direct|s1_value_tem_b[12]                          ; Lost Fanouts                   ; soc_top:u_soc_top|ipu_core:u_ipu_core|haze_removal_top:u_haze_removal_top|haze_removal_core:u_core|fuse_direct_src_d2[20],                                                      ;
;                                                                                                                                                                       ;                                ; soc_top:u_soc_top|ipu_core:u_ipu_core|haze_removal_top:u_haze_removal_top|haze_removal_core:u_core|fuse_direct_src_d1[20]                                                       ;
; soc_top:u_soc_top|ipu_core:u_ipu_core|haze_removal_top:u_haze_removal_top|haze_removal_core:u_core|fusing:u_fusing_direct|s1_value_tem_b[13]                          ; Lost Fanouts                   ; soc_top:u_soc_top|ipu_core:u_ipu_core|haze_removal_top:u_haze_removal_top|haze_removal_core:u_core|fuse_direct_src_d2[21],                                                      ;
;                                                                                                                                                                       ;                                ; soc_top:u_soc_top|ipu_core:u_ipu_core|haze_removal_top:u_haze_removal_top|haze_removal_core:u_core|fuse_direct_src_d1[21]                                                       ;
; soc_top:u_soc_top|ipu_core:u_ipu_core|haze_removal_top:u_haze_removal_top|haze_removal_core:u_core|fusing:u_fusing_direct|s1_value_tem_b[14]                          ; Lost Fanouts                   ; soc_top:u_soc_top|ipu_core:u_ipu_core|haze_removal_top:u_haze_removal_top|haze_removal_core:u_core|fuse_direct_src_d2[22],                                                      ;
;                                                                                                                                                                       ;                                ; soc_top:u_soc_top|ipu_core:u_ipu_core|haze_removal_top:u_haze_removal_top|haze_removal_core:u_core|fuse_direct_src_d1[22]                                                       ;
; soc_top:u_soc_top|ipu_core:u_ipu_core|haze_removal_top:u_haze_removal_top|haze_removal_core:u_core|fusing:u_fusing_direct|s1_value_tem_b[15]                          ; Lost Fanouts                   ; soc_top:u_soc_top|ipu_core:u_ipu_core|haze_removal_top:u_haze_removal_top|haze_removal_core:u_core|fuse_direct_src_d2[23],                                                      ;
;                                                                                                                                                                       ;                                ; soc_top:u_soc_top|ipu_core:u_ipu_core|haze_removal_top:u_haze_removal_top|haze_removal_core:u_core|fuse_direct_src_d1[23]                                                       ;
; soc_top:u_soc_top|ipu_core:u_ipu_core|haze_removal_top:u_haze_removal_top|haze_removal_core:u_core|fusing:u_fusing_direct|s1_value_tem_r[8]                           ; Lost Fanouts                   ; soc_top:u_soc_top|ipu_core:u_ipu_core|haze_removal_top:u_haze_removal_top|haze_removal_core:u_core|fuse_direct_src_d2[0],                                                       ;
;                                                                                                                                                                       ;                                ; soc_top:u_soc_top|ipu_core:u_ipu_core|haze_removal_top:u_haze_removal_top|haze_removal_core:u_core|fuse_direct_src_d1[0]                                                        ;
; soc_top:u_soc_top|ipu_core:u_ipu_core|haze_removal_top:u_haze_removal_top|haze_removal_core:u_core|fusing:u_fusing_direct|s1_value_tem_r[9]                           ; Lost Fanouts                   ; soc_top:u_soc_top|ipu_core:u_ipu_core|haze_removal_top:u_haze_removal_top|haze_removal_core:u_core|fuse_direct_src_d2[1],                                                       ;
;                                                                                                                                                                       ;                                ; soc_top:u_soc_top|ipu_core:u_ipu_core|haze_removal_top:u_haze_removal_top|haze_removal_core:u_core|fuse_direct_src_d1[1]                                                        ;
; soc_top:u_soc_top|ipu_core:u_ipu_core|haze_removal_top:u_haze_removal_top|haze_removal_core:u_core|fusing:u_fusing_direct|s1_value_tem_r[10]                          ; Lost Fanouts                   ; soc_top:u_soc_top|ipu_core:u_ipu_core|haze_removal_top:u_haze_removal_top|haze_removal_core:u_core|fuse_direct_src_d2[2],                                                       ;
;                                                                                                                                                                       ;                                ; soc_top:u_soc_top|ipu_core:u_ipu_core|haze_removal_top:u_haze_removal_top|haze_removal_core:u_core|fuse_direct_src_d1[2]                                                        ;
; soc_top:u_soc_top|ipu_core:u_ipu_core|haze_removal_top:u_haze_removal_top|haze_removal_core:u_core|fusing:u_fusing_direct|s1_value_tem_r[11]                          ; Lost Fanouts                   ; soc_top:u_soc_top|ipu_core:u_ipu_core|haze_removal_top:u_haze_removal_top|haze_removal_core:u_core|fuse_direct_src_d2[3],                                                       ;
;                                                                                                                                                                       ;                                ; soc_top:u_soc_top|ipu_core:u_ipu_core|haze_removal_top:u_haze_removal_top|haze_removal_core:u_core|fuse_direct_src_d1[3]                                                        ;
; soc_top:u_soc_top|ipu_core:u_ipu_core|haze_removal_top:u_haze_removal_top|haze_removal_core:u_core|fusing:u_fusing_direct|s1_value_tem_r[12]                          ; Lost Fanouts                   ; soc_top:u_soc_top|ipu_core:u_ipu_core|haze_removal_top:u_haze_removal_top|haze_removal_core:u_core|fuse_direct_src_d2[4],                                                       ;
;                                                                                                                                                                       ;                                ; soc_top:u_soc_top|ipu_core:u_ipu_core|haze_removal_top:u_haze_removal_top|haze_removal_core:u_core|fuse_direct_src_d1[4]                                                        ;
; soc_top:u_soc_top|ipu_core:u_ipu_core|haze_removal_top:u_haze_removal_top|haze_removal_core:u_core|fusing:u_fusing_direct|s1_value_tem_r[13]                          ; Lost Fanouts                   ; soc_top:u_soc_top|ipu_core:u_ipu_core|haze_removal_top:u_haze_removal_top|haze_removal_core:u_core|fuse_direct_src_d2[5],                                                       ;
;                                                                                                                                                                       ;                                ; soc_top:u_soc_top|ipu_core:u_ipu_core|haze_removal_top:u_haze_removal_top|haze_removal_core:u_core|fuse_direct_src_d1[5]                                                        ;
; soc_top:u_soc_top|ipu_core:u_ipu_core|haze_removal_top:u_haze_removal_top|haze_removal_core:u_core|fusing:u_fusing_direct|s1_value_tem_r[14]                          ; Lost Fanouts                   ; soc_top:u_soc_top|ipu_core:u_ipu_core|haze_removal_top:u_haze_removal_top|haze_removal_core:u_core|fuse_direct_src_d2[6],                                                       ;
;                                                                                                                                                                       ;                                ; soc_top:u_soc_top|ipu_core:u_ipu_core|haze_removal_top:u_haze_removal_top|haze_removal_core:u_core|fuse_direct_src_d1[6]                                                        ;
; soc_top:u_soc_top|ipu_core:u_ipu_core|haze_removal_top:u_haze_removal_top|haze_removal_core:u_core|fusing:u_fusing_direct|s1_value_tem_r[15]                          ; Lost Fanouts                   ; soc_top:u_soc_top|ipu_core:u_ipu_core|haze_removal_top:u_haze_removal_top|haze_removal_core:u_core|fuse_direct_src_d2[7],                                                       ;
;                                                                                                                                                                       ;                                ; soc_top:u_soc_top|ipu_core:u_ipu_core|haze_removal_top:u_haze_removal_top|haze_removal_core:u_core|fuse_direct_src_d1[7]                                                        ;
; soc_top:u_soc_top|ipu_core:u_ipu_core|haze_removal_top:u_haze_removal_top|haze_removal_core:u_core|fusing:u_fusing_direct|s1_value_tem_g[8]                           ; Lost Fanouts                   ; soc_top:u_soc_top|ipu_core:u_ipu_core|haze_removal_top:u_haze_removal_top|haze_removal_core:u_core|fuse_direct_src_d2[8],                                                       ;
;                                                                                                                                                                       ;                                ; soc_top:u_soc_top|ipu_core:u_ipu_core|haze_removal_top:u_haze_removal_top|haze_removal_core:u_core|fuse_direct_src_d1[8]                                                        ;
; soc_top:u_soc_top|ipu_core:u_ipu_core|haze_removal_top:u_haze_removal_top|haze_removal_core:u_core|fusing:u_fusing_direct|s1_value_tem_g[9]                           ; Lost Fanouts                   ; soc_top:u_soc_top|ipu_core:u_ipu_core|haze_removal_top:u_haze_removal_top|haze_removal_core:u_core|fuse_direct_src_d2[9],                                                       ;
;                                                                                                                                                                       ;                                ; soc_top:u_soc_top|ipu_core:u_ipu_core|haze_removal_top:u_haze_removal_top|haze_removal_core:u_core|fuse_direct_src_d1[9]                                                        ;
; soc_top:u_soc_top|ipu_core:u_ipu_core|haze_removal_top:u_haze_removal_top|haze_removal_core:u_core|fusing:u_fusing_direct|s1_value_tem_g[10]                          ; Lost Fanouts                   ; soc_top:u_soc_top|ipu_core:u_ipu_core|haze_removal_top:u_haze_removal_top|haze_removal_core:u_core|fuse_direct_src_d2[10],                                                      ;
;                                                                                                                                                                       ;                                ; soc_top:u_soc_top|ipu_core:u_ipu_core|haze_removal_top:u_haze_removal_top|haze_removal_core:u_core|fuse_direct_src_d1[10]                                                       ;
; soc_top:u_soc_top|ipu_core:u_ipu_core|haze_removal_top:u_haze_removal_top|haze_removal_core:u_core|fusing:u_fusing_direct|s1_value_tem_g[11]                          ; Lost Fanouts                   ; soc_top:u_soc_top|ipu_core:u_ipu_core|haze_removal_top:u_haze_removal_top|haze_removal_core:u_core|fuse_direct_src_d2[11],                                                      ;
;                                                                                                                                                                       ;                                ; soc_top:u_soc_top|ipu_core:u_ipu_core|haze_removal_top:u_haze_removal_top|haze_removal_core:u_core|fuse_direct_src_d1[11]                                                       ;
; soc_top:u_soc_top|ipu_core:u_ipu_core|haze_removal_top:u_haze_removal_top|haze_removal_core:u_core|fusing:u_fusing_direct|s1_value_tem_g[12]                          ; Lost Fanouts                   ; soc_top:u_soc_top|ipu_core:u_ipu_core|haze_removal_top:u_haze_removal_top|haze_removal_core:u_core|fuse_direct_src_d2[12],                                                      ;
;                                                                                                                                                                       ;                                ; soc_top:u_soc_top|ipu_core:u_ipu_core|haze_removal_top:u_haze_removal_top|haze_removal_core:u_core|fuse_direct_src_d1[12]                                                       ;
; soc_top:u_soc_top|ipu_core:u_ipu_core|haze_removal_top:u_haze_removal_top|haze_removal_core:u_core|fusing:u_fusing_direct|s1_value_tem_g[13]                          ; Lost Fanouts                   ; soc_top:u_soc_top|ipu_core:u_ipu_core|haze_removal_top:u_haze_removal_top|haze_removal_core:u_core|fuse_direct_src_d2[13],                                                      ;
;                                                                                                                                                                       ;                                ; soc_top:u_soc_top|ipu_core:u_ipu_core|haze_removal_top:u_haze_removal_top|haze_removal_core:u_core|fuse_direct_src_d1[13]                                                       ;
; soc_top:u_soc_top|ipu_core:u_ipu_core|haze_removal_top:u_haze_removal_top|haze_removal_core:u_core|fusing:u_fusing_direct|s1_value_tem_g[14]                          ; Lost Fanouts                   ; soc_top:u_soc_top|ipu_core:u_ipu_core|haze_removal_top:u_haze_removal_top|haze_removal_core:u_core|fuse_direct_src_d2[14],                                                      ;
;                                                                                                                                                                       ;                                ; soc_top:u_soc_top|ipu_core:u_ipu_core|haze_removal_top:u_haze_removal_top|haze_removal_core:u_core|fuse_direct_src_d1[14]                                                       ;
; soc_top:u_soc_top|ipu_core:u_ipu_core|haze_removal_top:u_haze_removal_top|haze_removal_core:u_core|fusing:u_fusing_direct|s1_value_tem_g[15]                          ; Lost Fanouts                   ; soc_top:u_soc_top|ipu_core:u_ipu_core|haze_removal_top:u_haze_removal_top|haze_removal_core:u_core|fuse_direct_src_d2[15],                                                      ;
;                                                                                                                                                                       ;                                ; soc_top:u_soc_top|ipu_core:u_ipu_core|haze_removal_top:u_haze_removal_top|haze_removal_core:u_core|fuse_direct_src_d1[15]                                                       ;
; soc_top:u_soc_top|ipu_core:u_ipu_core|ipu_bram_writer:u_ipu_bram_writer|row_word_stride[15]                                                                           ; Stuck at GND                   ; soc_top:u_soc_top|ipu_core:u_ipu_core|ipu_bram_writer:u_ipu_bram_writer|base_word_addr[15],                                                                                     ;
;                                                                                                                                                                       ; due to stuck port data_in      ; soc_top:u_soc_top|ipu_core:u_ipu_core|ipu_bram_writer:u_ipu_bram_writer|base_word_addr[14]                                                                                      ;
; soc_top:u_soc_top|ipu_core:u_ipu_core|haze_removal_top:u_haze_removal_top|haze_removal_core:u_core|adc_estimation:u_adc_estimation|adc_path_length:u_path_len|dl00[9] ; Stuck at GND                   ; soc_top:u_soc_top|ipu_core:u_ipu_core|haze_removal_top:u_haze_removal_top|haze_removal_core:u_core|adc_estimation:u_adc_estimation|adc_rlimit_compute:u_rlimit|dl_s1_00[9],     ;
;                                                                                                                                                                       ; due to stuck port data_in      ; soc_top:u_soc_top|ipu_core:u_ipu_core|haze_removal_top:u_haze_removal_top|haze_removal_core:u_core|adc_estimation:u_adc_estimation|adc_rlimit_compute:u_rlimit|dl_d00[9]        ;
; soc_top:u_soc_top|ipu_core:u_ipu_core|ipu_bram_writer:u_ipu_bram_writer|bram_wdata[29]                                                                                ; Stuck at GND                   ; soc_top:u_soc_top|img_out_b_wdata_r[29]                                                                                                                                         ;
;                                                                                                                                                                       ; due to stuck port data_in      ;                                                                                                                                                                                 ;
; soc_top:u_soc_top|ipu_core:u_ipu_core|ipu_bram_writer:u_ipu_bram_writer|bram_wdata[28]                                                                                ; Stuck at GND                   ; soc_top:u_soc_top|img_out_b_wdata_r[28]                                                                                                                                         ;
;                                                                                                                                                                       ; due to stuck port data_in      ;                                                                                                                                                                                 ;
; soc_top:u_soc_top|ipu_core:u_ipu_core|ipu_bram_writer:u_ipu_bram_writer|bram_wdata[27]                                                                                ; Stuck at GND                   ; soc_top:u_soc_top|img_out_b_wdata_r[27]                                                                                                                                         ;
;                                                                                                                                                                       ; due to stuck port data_in      ;                                                                                                                                                                                 ;
; soc_top:u_soc_top|ipu_core:u_ipu_core|ipu_bram_writer:u_ipu_bram_writer|bram_wdata[26]                                                                                ; Stuck at GND                   ; soc_top:u_soc_top|img_out_b_wdata_r[26]                                                                                                                                         ;
;                                                                                                                                                                       ; due to stuck port data_in      ;                                                                                                                                                                                 ;
; soc_top:u_soc_top|ipu_core:u_ipu_core|ipu_bram_writer:u_ipu_bram_writer|bram_wdata[25]                                                                                ; Stuck at GND                   ; soc_top:u_soc_top|img_out_b_wdata_r[25]                                                                                                                                         ;
;                                                                                                                                                                       ; due to stuck port data_in      ;                                                                                                                                                                                 ;
; soc_top:u_soc_top|ipu_core:u_ipu_core|ipu_bram_writer:u_ipu_bram_writer|bram_wdata[24]                                                                                ; Stuck at GND                   ; soc_top:u_soc_top|img_out_b_wdata_r[24]                                                                                                                                         ;
;                                                                                                                                                                       ; due to stuck port data_in      ;                                                                                                                                                                                 ;
; soc_top:u_soc_top|ipu_core:u_ipu_core|ipu_bram_writer:u_ipu_bram_writer|bram_wdata[31]                                                                                ; Stuck at GND                   ; soc_top:u_soc_top|img_out_b_wdata_r[31]                                                                                                                                         ;
;                                                                                                                                                                       ; due to stuck port data_in      ;                                                                                                                                                                                 ;
; soc_top:u_soc_top|ipu_core:u_ipu_core|ipu_bram_writer:u_ipu_bram_writer|bram_wdata[30]                                                                                ; Stuck at GND                   ; soc_top:u_soc_top|img_out_b_wdata_r[30]                                                                                                                                         ;
;                                                                                                                                                                       ; due to stuck port data_in      ;                                                                                                                                                                                 ;
; soc_top:u_soc_top|ipu_core:u_ipu_core|ipu_bram_reader:u_ipu_bram_reader|row_base_addr[15]                                                                             ; Lost Fanouts                   ; soc_top:u_soc_top|ipu_core:u_ipu_core|ipu_bram_reader:u_ipu_bram_reader|row_base_addr[14]                                                                                       ;
; soc_top:u_soc_top|ipu_core:u_ipu_core|ipu_bram_writer:u_ipu_bram_writer|row_base_addr[15]                                                                             ; Lost Fanouts                   ; soc_top:u_soc_top|ipu_core:u_ipu_core|ipu_bram_writer:u_ipu_bram_writer|row_base_addr[14]                                                                                       ;
+-----------------------------------------------------------------------------------------------------------------------------------------------------------------------+--------------------------------+---------------------------------------------------------------------------------------------------------------------------------------------------------------------------------+


+------------------------------------------------------+
; General Register Statistics                          ;
+----------------------------------------------+-------+
; Statistic                                    ; Value ;
+----------------------------------------------+-------+
; Total registers                              ; 10571 ;
; Number of registers using Synchronous Clear  ; 307   ;
; Number of registers using Synchronous Load   ; 123   ;
; Number of registers using Asynchronous Clear ; 4274  ;
; Number of registers using Asynchronous Load  ; 0     ;
; Number of registers using Clock Enable       ; 10332 ;
; Number of registers using Preset             ; 0     ;
+----------------------------------------------+-------+


+-----------------------------------------------------------------------------------------------------------------------------+
; Inverted Register Statistics                                                                                                ;
+-------------------------------------------------------------------------------------------------------------------+---------+
; Inverted Register                                                                                                 ; Fan out ;
+-------------------------------------------------------------------------------------------------------------------+---------+
; soc_top:u_soc_top|ipu_core:u_ipu_core|r_ipu_img_format[0]                                                         ; 1       ;
; soc_top:u_soc_top|ipu_core:u_ipu_core|r_ipu_img_width[7]                                                          ; 3       ;
; soc_top:u_soc_top|ipu_core:u_ipu_core|r_ipu_img_height[7]                                                         ; 3       ;
; soc_top:u_soc_top|ipu_core:u_ipu_core|r_ipu_tmp_addr[16]                                                          ; 1       ;
; soc_top:u_soc_top|ipu_core:u_ipu_core|r_ipu_src_addr[16]                                                          ; 1       ;
; soc_top:u_soc_top|ipu_core:u_ipu_core|r_ipu_tmp_addr[17]                                                          ; 1       ;
; soc_top:u_soc_top|ipu_core:u_ipu_core|r_ipu_dst_addr[18]                                                          ; 1       ;
; soc_top:u_soc_top|ipu_core:u_ipu_core|r_ipu_tmp_addr[18]                                                          ; 1       ;
; soc_top:u_soc_top|ipu_core:u_ipu_core|r_ipu_img_stride[9]                                                         ; 3       ;
; soc_top:u_soc_top|ipu_core:u_ipu_core|haze_removal_top:u_haze_removal_top|haze_removal_core:u_core|adc_min_pix[3] ; 3       ;
; soc_top:u_soc_top|ipu_core:u_ipu_core|haze_removal_top:u_haze_removal_top|haze_removal_core:u_core|adc_min_pix[4] ; 3       ;
; soc_top:u_soc_top|ipu_core:u_ipu_core|haze_removal_top:u_haze_removal_top|haze_removal_core:u_core|adc_min_pix[5] ; 3       ;
; soc_top:u_soc_top|ipu_core:u_ipu_core|haze_removal_top:u_haze_removal_top|haze_removal_core:u_core|adc_min_pix[6] ; 3       ;
; soc_top:u_soc_top|ipu_core:u_ipu_core|haze_removal_top:u_haze_removal_top|haze_removal_core:u_core|adc_min_pix[7] ; 4       ;
; soc_top:u_soc_top|ipu_core:u_ipu_core|haze_removal_top:u_haze_removal_top|haze_removal_core:u_core|adc_min_pix[2] ; 3       ;
; soc_top:u_soc_top|ipu_core:u_ipu_core|haze_removal_top:u_haze_removal_top|haze_removal_core:u_core|adc_min_pix[1] ; 3       ;
; soc_top:u_soc_top|ipu_core:u_ipu_core|haze_removal_top:u_haze_removal_top|haze_removal_core:u_core|adc_min_pix[0] ; 3       ;
; Total number of inverted registers = 17                                                                           ;         ;
+-------------------------------------------------------------------------------------------------------------------+---------+


+------------------------------------------------------------------------------------------------------------------------------------------------------------------------------------------------------------------------------------------------------------------------------------------------------------------------------------------------------------------------------------------------------------------------------+
; Registers Packed Into Inferred Megafunctions                                                                                                                                                                                                                                                                                                                                                                                 ;
+-------------------------------------------------------------------------------------------------------------------------------------------------------------------------------------------------------------+---------------------------------------------------------------------------------------------------------------------------------------------------------------------------------------------------------+------+
; Register Name                                                                                                                                                                                               ; Megafunction                                                                                                                                                                                            ; Type ;
+-------------------------------------------------------------------------------------------------------------------------------------------------------------------------------------------------------------+---------------------------------------------------------------------------------------------------------------------------------------------------------------------------------------------------------+------+
; soc_top:u_soc_top|img_tmp_bram:u_img_tmp_bram|sys_rdata[0..31]                                                                                                                                              ; soc_top:u_soc_top|img_tmp_bram:u_img_tmp_bram|mem_rtl_0                                                                                                                                                 ; RAM  ;
; soc_top:u_soc_top|img_out_bram:u_img_out_bram|sys_rdata[0..31]                                                                                                                                              ; soc_top:u_soc_top|img_out_bram:u_img_out_bram|mem_rtl_0                                                                                                                                                 ; RAM  ;
; soc_top:u_soc_top|img_out_bram:u_img_out_bram|ipu_rdata[4..7,12..15,20..23]                                                                                                                                 ; soc_top:u_soc_top|img_out_bram:u_img_out_bram|mem_rtl_0                                                                                                                                                 ; RAM  ;
; soc_top:u_soc_top|img_in_bram:u_img_in_bram|sys_rdata[0..31]                                                                                                                                                ; soc_top:u_soc_top|img_in_bram:u_img_in_bram|mem_rtl_0                                                                                                                                                   ; RAM  ;
; soc_top:u_soc_top|img_in_bram:u_img_in_bram|ipu_rdata[0..23]                                                                                                                                                ; soc_top:u_soc_top|img_in_bram:u_img_in_bram|mem_rtl_0                                                                                                                                                   ; RAM  ;
; soc_top:u_soc_top|ipu_core:u_ipu_core|haze_removal_top:u_haze_removal_top|haze_removal_core:u_core|adc_estimation:u_adc_estimation|adc_line_buffer_5x5:u_line_buf_mc|p04[0..7]                              ; soc_top:u_soc_top|ipu_core:u_ipu_core|haze_removal_top:u_haze_removal_top|haze_removal_core:u_core|adc_estimation:u_adc_estimation|adc_line_buffer_5x5:u_line_buf_mc|line_buf_0_rtl_0                   ; RAM  ;
; soc_top:u_soc_top|ipu_core:u_ipu_core|haze_removal_top:u_haze_removal_top|haze_removal_core:u_core|adc_estimation:u_adc_estimation|adc_line_buffer_5x5:u_line_buf_mc|p14[0..7]                              ; soc_top:u_soc_top|ipu_core:u_ipu_core|haze_removal_top:u_haze_removal_top|haze_removal_core:u_core|adc_estimation:u_adc_estimation|adc_line_buffer_5x5:u_line_buf_mc|line_buf_1_rtl_0                   ; RAM  ;
; soc_top:u_soc_top|ipu_core:u_ipu_core|haze_removal_top:u_haze_removal_top|haze_removal_core:u_core|adc_estimation:u_adc_estimation|adc_line_buffer_5x5:u_line_buf_mc|p24[0..7]                              ; soc_top:u_soc_top|ipu_core:u_ipu_core|haze_removal_top:u_haze_removal_top|haze_removal_core:u_core|adc_estimation:u_adc_estimation|adc_line_buffer_5x5:u_line_buf_mc|line_buf_2_rtl_0                   ; RAM  ;
; soc_top:u_soc_top|ipu_core:u_ipu_core|haze_removal_top:u_haze_removal_top|haze_removal_core:u_core|adc_estimation:u_adc_estimation|adc_line_buffer_5x5:u_line_buf_mc|p34[0..7]                              ; soc_top:u_soc_top|ipu_core:u_ipu_core|haze_removal_top:u_haze_removal_top|haze_removal_core:u_core|adc_estimation:u_adc_estimation|adc_line_buffer_5x5:u_line_buf_mc|line_buf_3_rtl_0                   ; RAM  ;
; soc_top:u_soc_top|ipu_core:u_ipu_core|haze_removal_top:u_haze_removal_top|haze_removal_core:u_core|adc_estimation:u_adc_estimation|adc_line_buffer_5x5:u_line_buf_gray|p04[0..7]                            ; soc_top:u_soc_top|ipu_core:u_ipu_core|haze_removal_top:u_haze_removal_top|haze_removal_core:u_core|adc_estimation:u_adc_estimation|adc_line_buffer_5x5:u_line_buf_gray|line_buf_0_rtl_0                 ; RAM  ;
; soc_top:u_soc_top|ipu_core:u_ipu_core|haze_removal_top:u_haze_removal_top|haze_removal_core:u_core|adc_estimation:u_adc_estimation|adc_line_buffer_5x5:u_line_buf_gray|p14[0..7]                            ; soc_top:u_soc_top|ipu_core:u_ipu_core|haze_removal_top:u_haze_removal_top|haze_removal_core:u_core|adc_estimation:u_adc_estimation|adc_line_buffer_5x5:u_line_buf_gray|line_buf_1_rtl_0                 ; RAM  ;
; soc_top:u_soc_top|ipu_core:u_ipu_core|haze_removal_top:u_haze_removal_top|haze_removal_core:u_core|adc_estimation:u_adc_estimation|adc_line_buffer_5x5:u_line_buf_gray|p24[0..7]                            ; soc_top:u_soc_top|ipu_core:u_ipu_core|haze_removal_top:u_haze_removal_top|haze_removal_core:u_core|adc_estimation:u_adc_estimation|adc_line_buffer_5x5:u_line_buf_gray|line_buf_2_rtl_0                 ; RAM  ;
; soc_top:u_soc_top|ipu_core:u_ipu_core|haze_removal_top:u_haze_removal_top|haze_removal_core:u_core|adc_estimation:u_adc_estimation|adc_line_buffer_5x5:u_line_buf_gray|p34[0..7]                            ; soc_top:u_soc_top|ipu_core:u_ipu_core|haze_removal_top:u_haze_removal_top|haze_removal_core:u_core|adc_estimation:u_adc_estimation|adc_line_buffer_5x5:u_line_buf_gray|line_buf_3_rtl_0                 ; RAM  ;
; soc_top:u_soc_top|ipu_core:u_ipu_core|haze_removal_top:u_haze_removal_top|haze_removal_core:u_core|atm_light_coarse_tx:u_atm_light_coarse_tx|bank_pingpong_stream:u_bank_tx|bank_bram:u_bank2|rd_data[0..7] ; soc_top:u_soc_top|ipu_core:u_ipu_core|haze_removal_top:u_haze_removal_top|haze_removal_core:u_core|atm_light_coarse_tx:u_atm_light_coarse_tx|bank_pingpong_stream:u_bank_tx|bank_bram:u_bank2|mem_rtl_0 ; RAM  ;
; soc_top:u_soc_top|ipu_core:u_ipu_core|haze_removal_top:u_haze_removal_top|haze_removal_core:u_core|atm_light_coarse_tx:u_atm_light_coarse_tx|bank_pingpong_stream:u_bank_tx|bank_bram:u_bank1|rd_data[0..7] ; soc_top:u_soc_top|ipu_core:u_ipu_core|haze_removal_top:u_haze_removal_top|haze_removal_core:u_core|atm_light_coarse_tx:u_atm_light_coarse_tx|bank_pingpong_stream:u_bank_tx|bank_bram:u_bank1|mem_rtl_0 ; RAM  ;
; soc_top:u_soc_top|ipu_core:u_ipu_core|haze_removal_top:u_haze_removal_top|haze_removal_core:u_core|bank_bram:u_tx_frame_map|rd_data[0..7]                                                                   ; soc_top:u_soc_top|ipu_core:u_ipu_core|haze_removal_top:u_haze_removal_top|haze_removal_core:u_core|bank_bram:u_tx_frame_map|mem_rtl_0                                                                   ; RAM  ;
; soc_top:u_soc_top|ipu_core:u_ipu_core|haze_removal_top:u_haze_removal_top|haze_removal_core:u_core|bank_bram:u_adc_frame_map|rd_data[0..7]                                                                  ; soc_top:u_soc_top|ipu_core:u_ipu_core|haze_removal_top:u_haze_removal_top|haze_removal_core:u_core|bank_bram:u_adc_frame_map|mem_rtl_0                                                                  ; RAM  ;
; soc_top:u_soc_top|single_cycle:u_single_cycle|lsu:lsu|memory:mem|rd_b0[0..7]                                                                                                                                ; soc_top:u_soc_top|single_cycle:u_single_cycle|lsu:lsu|memory:mem|mem_b0_rtl_0                                                                                                                           ; RAM  ;
; soc_top:u_soc_top|single_cycle:u_single_cycle|lsu:lsu|memory:mem|rn_b0[0..7]                                                                                                                                ; soc_top:u_soc_top|single_cycle:u_single_cycle|lsu:lsu|memory:mem|mem_b0_rtl_0                                                                                                                           ; RAM  ;
; soc_top:u_soc_top|single_cycle:u_single_cycle|lsu:lsu|memory:mem|rd_b1[0..7]                                                                                                                                ; soc_top:u_soc_top|single_cycle:u_single_cycle|lsu:lsu|memory:mem|mem_b1_rtl_0                                                                                                                           ; RAM  ;
; soc_top:u_soc_top|single_cycle:u_single_cycle|lsu:lsu|memory:mem|rn_b1[0..7]                                                                                                                                ; soc_top:u_soc_top|single_cycle:u_single_cycle|lsu:lsu|memory:mem|mem_b1_rtl_0                                                                                                                           ; RAM  ;
; soc_top:u_soc_top|single_cycle:u_single_cycle|lsu:lsu|memory:mem|rd_b2[0..7]                                                                                                                                ; soc_top:u_soc_top|single_cycle:u_single_cycle|lsu:lsu|memory:mem|mem_b2_rtl_0                                                                                                                           ; RAM  ;
; soc_top:u_soc_top|single_cycle:u_single_cycle|lsu:lsu|memory:mem|rn_b2[0..7]                                                                                                                                ; soc_top:u_soc_top|single_cycle:u_single_cycle|lsu:lsu|memory:mem|mem_b2_rtl_0                                                                                                                           ; RAM  ;
; soc_top:u_soc_top|single_cycle:u_single_cycle|lsu:lsu|memory:mem|rd_b3[0..7]                                                                                                                                ; soc_top:u_soc_top|single_cycle:u_single_cycle|lsu:lsu|memory:mem|mem_b3_rtl_0                                                                                                                           ; RAM  ;
; soc_top:u_soc_top|single_cycle:u_single_cycle|lsu:lsu|memory:mem|rn_b3[0..7]                                                                                                                                ; soc_top:u_soc_top|single_cycle:u_single_cycle|lsu:lsu|memory:mem|mem_b3_rtl_0                                                                                                                           ; RAM  ;
; soc_top:u_soc_top|single_cycle:u_single_cycle|instr_mem:instr_mem_inst|o_instr[0..31]                                                                                                                       ; soc_top:u_soc_top|single_cycle:u_single_cycle|instr_mem:instr_mem_inst|IMem_rtl_0                                                                                                                       ; RAM  ;
+-------------------------------------------------------------------------------------------------------------------------------------------------------------------------------------------------------------+---------------------------------------------------------------------------------------------------------------------------------------------------------------------------------------------------------+------+


+------------------------------------------------------------------------------------------------------------------------------------------------------------------------------------------------------------------------------------------------------------------------------------------------------------------------------------------------+
; Multiplexer Restructuring Statistics (Restructuring Performed)                                                                                                                                                                                                                                                                                 ;
+--------------------+-----------+---------------+----------------------+------------------------+------------+----------------------------------------------------------------------------------------------------------------------------------------------------------------------------------------------------------------------------------+
; Multiplexer Inputs ; Bus Width ; Baseline Area ; Area if Restructured ; Saving if Restructured ; Registered ; Example Multiplexer Output                                                                                                                                                                                                       ;
+--------------------+-----------+---------------+----------------------+------------------------+------------+----------------------------------------------------------------------------------------------------------------------------------------------------------------------------------------------------------------------------------+
; 3:1                ; 8 bits    ; 16 LEs        ; 16 LEs               ; 0 LEs                  ; Yes        ; |wrapper|soc_top:u_soc_top|ipu_core:u_ipu_core|haze_removal_top:u_haze_removal_top|haze_removal_core:u_core|atm_light_coarse_tx:u_atm_light_coarse_tx|estimate_transmission:u_est_tx|o_t[7]                                      ;
; 3:1                ; 15 bits   ; 30 LEs        ; 0 LEs                ; 30 LEs                 ; Yes        ; |wrapper|soc_top:u_soc_top|ipu_core:u_ipu_core|haze_removal_top:u_haze_removal_top|haze_removal_core:u_core|tx_store_count[12]                                                                                                   ;
; 3:1                ; 15 bits   ; 30 LEs        ; 0 LEs                ; 30 LEs                 ; Yes        ; |wrapper|soc_top:u_soc_top|ipu_core:u_ipu_core|haze_removal_top:u_haze_removal_top|haze_removal_core:u_core|adc_out_index[12]                                                                                                    ;
; 3:1                ; 15 bits   ; 30 LEs        ; 0 LEs                ; 30 LEs                 ; Yes        ; |wrapper|soc_top:u_soc_top|ipu_core:u_ipu_core|haze_removal_top:u_haze_removal_top|haze_removal_core:u_core|adc_store_count[1]                                                                                                   ;
; 3:1                ; 8 bits    ; 16 LEs        ; 0 LEs                ; 16 LEs                 ; Yes        ; |wrapper|soc_top:u_soc_top|ipu_core:u_ipu_core|haze_removal_top:u_haze_removal_top|haze_removal_core:u_core|adc_max_pix[4]                                                                                                       ;
; 3:1                ; 15 bits   ; 30 LEs        ; 0 LEs                ; 30 LEs                 ; Yes        ; |wrapper|soc_top:u_soc_top|ipu_core:u_ipu_core|haze_removal_top:u_haze_removal_top|haze_removal_core:u_core|recovery_pix_index[4]                                                                                                ;
; 3:1                ; 8 bits    ; 16 LEs        ; 8 LEs                ; 8 LEs                  ; Yes        ; |wrapper|soc_top:u_soc_top|ipu_core:u_ipu_core|ipu_bram_writer:u_ipu_bram_writer|bram_wdata[1]                                                                                                                                   ;
; 3:1                ; 8 bits    ; 16 LEs        ; 8 LEs                ; 8 LEs                  ; Yes        ; |wrapper|soc_top:u_soc_top|ipu_core:u_ipu_core|ipu_bram_writer:u_ipu_bram_writer|bram_wdata[8]                                                                                                                                   ;
; 3:1                ; 8 bits    ; 16 LEs        ; 8 LEs                ; 8 LEs                  ; Yes        ; |wrapper|soc_top:u_soc_top|ipu_core:u_ipu_core|ipu_bram_writer:u_ipu_bram_writer|bram_wdata[22]                                                                                                                                  ;
; 3:1                ; 3 bits    ; 6 LEs         ; 6 LEs                ; 0 LEs                  ; Yes        ; |wrapper|soc_top:u_soc_top|ipu_core:u_ipu_core|haze_removal_top:u_haze_removal_top|haze_removal_core:u_core|tx_hybrid_for_recovery_r[6]                                                                                          ;
; 3:1                ; 5 bits    ; 10 LEs        ; 10 LEs               ; 0 LEs                  ; Yes        ; |wrapper|soc_top:u_soc_top|ipu_core:u_ipu_core|haze_removal_top:u_haze_removal_top|haze_removal_core:u_core|tx_hybrid_for_recovery_r[5]                                                                                          ;
; 3:1                ; 42 bits   ; 84 LEs        ; 0 LEs                ; 84 LEs                 ; Yes        ; |wrapper|soc_top:u_soc_top|ipu_core:u_ipu_core|haze_removal_top:u_haze_removal_top|haze_removal_core:u_core|atm_light_coarse_tx:u_atm_light_coarse_tx|atmospheric_light:u_atm_light|max_intensity_reg[7]                         ;
; 4:1                ; 15 bits   ; 30 LEs        ; 0 LEs                ; 30 LEs                 ; Yes        ; |wrapper|soc_top:u_soc_top|ipu_core:u_ipu_core|haze_removal_top:u_haze_removal_top|haze_removal_core:u_core|adc_in_count[3]                                                                                                      ;
; 4:1                ; 15 bits   ; 30 LEs        ; 0 LEs                ; 30 LEs                 ; Yes        ; |wrapper|soc_top:u_soc_top|ipu_core:u_ipu_core|haze_removal_top:u_haze_removal_top|haze_removal_core:u_core|recovery_count[4]                                                                                                    ;
; 4:1                ; 16 bits   ; 32 LEs        ; 32 LEs               ; 0 LEs                  ; Yes        ; |wrapper|soc_top:u_soc_top|ipu_core:u_ipu_core|ipu_bram_writer:u_ipu_bram_writer|row_base_addr[12]                                                                                                                               ;
; 4:1                ; 16 bits   ; 32 LEs        ; 0 LEs                ; 32 LEs                 ; Yes        ; |wrapper|soc_top:u_soc_top|ipu_core:u_ipu_core|ipu_bram_writer:u_ipu_bram_writer|y_cnt[9]                                                                                                                                        ;
; 4:1                ; 16 bits   ; 32 LEs        ; 0 LEs                ; 32 LEs                 ; Yes        ; |wrapper|soc_top:u_soc_top|ipu_core:u_ipu_core|ipu_bram_writer:u_ipu_bram_writer|x_cnt[13]                                                                                                                                       ;
; 4:1                ; 7 bits    ; 14 LEs        ; 14 LEs               ; 0 LEs                  ; Yes        ; |wrapper|soc_top:u_soc_top|ipu_core:u_ipu_core|haze_removal_top:u_haze_removal_top|haze_removal_core:u_core|atm_light_coarse_tx:u_atm_light_coarse_tx|bank_pingpong_stream:u_bank_tx|frame_linear_counter:u_wr_counter|row_r[5]  ;
; 4:1                ; 7 bits    ; 14 LEs        ; 14 LEs               ; 0 LEs                  ; Yes        ; |wrapper|soc_top:u_soc_top|ipu_core:u_ipu_core|haze_removal_top:u_haze_removal_top|haze_removal_core:u_core|atm_light_coarse_tx:u_atm_light_coarse_tx|bank_pingpong_stream:u_bank_tx|frame_linear_counter:u_wr_counter|col_r[1]  ;
; 4:1                ; 14 bits   ; 28 LEs        ; 0 LEs                ; 28 LEs                 ; Yes        ; |wrapper|soc_top:u_soc_top|ipu_core:u_ipu_core|haze_removal_top:u_haze_removal_top|haze_removal_core:u_core|atm_light_coarse_tx:u_atm_light_coarse_tx|bank_pingpong_stream:u_bank_tx|frame_linear_counter:u_wr_counter|addr_r[4] ;
; 4:1                ; 7 bits    ; 14 LEs        ; 14 LEs               ; 0 LEs                  ; Yes        ; |wrapper|soc_top:u_soc_top|ipu_core:u_ipu_core|haze_removal_top:u_haze_removal_top|haze_removal_core:u_core|atm_light_coarse_tx:u_atm_light_coarse_tx|bank_pingpong_stream:u_bank_tx|frame_linear_counter:u_rd_counter|row_r[2]  ;
; 4:1                ; 7 bits    ; 14 LEs        ; 14 LEs               ; 0 LEs                  ; Yes        ; |wrapper|soc_top:u_soc_top|ipu_core:u_ipu_core|haze_removal_top:u_haze_removal_top|haze_removal_core:u_core|atm_light_coarse_tx:u_atm_light_coarse_tx|bank_pingpong_stream:u_bank_tx|frame_linear_counter:u_rd_counter|col_r[6]  ;
; 4:1                ; 14 bits   ; 28 LEs        ; 0 LEs                ; 28 LEs                 ; Yes        ; |wrapper|soc_top:u_soc_top|ipu_core:u_ipu_core|haze_removal_top:u_haze_removal_top|haze_removal_core:u_core|atm_light_coarse_tx:u_atm_light_coarse_tx|bank_pingpong_stream:u_bank_tx|frame_linear_counter:u_rd_counter|addr_r[0] ;
; 4:1                ; 16 bits   ; 32 LEs        ; 32 LEs               ; 0 LEs                  ; Yes        ; |wrapper|soc_top:u_soc_top|ipu_core:u_ipu_core|ipu_bram_reader:u_ipu_bram_reader|row_base_addr[2]                                                                                                                                ;
; 4:1                ; 16 bits   ; 32 LEs        ; 0 LEs                ; 32 LEs                 ; Yes        ; |wrapper|soc_top:u_soc_top|ipu_core:u_ipu_core|ipu_bram_reader:u_ipu_bram_reader|y_cnt[9]                                                                                                                                        ;
; 4:1                ; 16 bits   ; 32 LEs        ; 0 LEs                ; 32 LEs                 ; Yes        ; |wrapper|soc_top:u_soc_top|ipu_core:u_ipu_core|ipu_bram_reader:u_ipu_bram_reader|x_cnt[6]                                                                                                                                        ;
; 4:1                ; 8 bits    ; 16 LEs        ; 16 LEs               ; 0 LEs                  ; Yes        ; |wrapper|soc_top:u_soc_top|ipu_core:u_ipu_core|haze_removal_top:u_haze_removal_top|haze_removal_core:u_core|rec_g_post_r[1]                                                                                                      ;
; 4:1                ; 8 bits    ; 16 LEs        ; 16 LEs               ; 0 LEs                  ; Yes        ; |wrapper|soc_top:u_soc_top|ipu_core:u_ipu_core|haze_removal_top:u_haze_removal_top|haze_removal_core:u_core|rec_b_post_r[7]                                                                                                      ;
; 4:1                ; 8 bits    ; 16 LEs        ; 16 LEs               ; 0 LEs                  ; Yes        ; |wrapper|soc_top:u_soc_top|ipu_core:u_ipu_core|haze_removal_top:u_haze_removal_top|haze_removal_core:u_core|rec_r_post_r[4]                                                                                                      ;
; 4:1                ; 4 bits    ; 8 LEs         ; 8 LEs                ; 0 LEs                  ; Yes        ; |wrapper|soc_top:u_soc_top|ipu_core:u_ipu_core|haze_removal_top:u_haze_removal_top|haze_removal_core:u_core|tx_adc_for_recovery_r[1]                                                                                             ;
; 4:1                ; 4 bits    ; 8 LEs         ; 8 LEs                ; 0 LEs                  ; Yes        ; |wrapper|soc_top:u_soc_top|ipu_core:u_ipu_core|haze_removal_top:u_haze_removal_top|haze_removal_core:u_core|tx_adc_for_recovery_r[4]                                                                                             ;
; 4:1                ; 8 bits    ; 16 LEs        ; 16 LEs               ; 0 LEs                  ; Yes        ; |wrapper|soc_top:u_soc_top|ipu_core:u_ipu_core|haze_removal_top:u_haze_removal_top|haze_removal_core:u_core|adc_dark_for_recovery_r[0]                                                                                           ;
; 3:1                ; 8 bits    ; 16 LEs        ; 8 LEs                ; 8 LEs                  ; Yes        ; |wrapper|soc_top:u_soc_top|ipu_core:u_ipu_core|haze_removal_top:u_haze_removal_top|haze_removal_core:u_core|adc_min_pix[1]                                                                                                       ;
; 3:1                ; 2 bits    ; 4 LEs         ; 4 LEs                ; 0 LEs                  ; No         ; |wrapper|soc_top:u_soc_top|single_cycle:u_single_cycle|alu:alu|shift_stage2                                                                                                                                                      ;
; 4:1                ; 48 bits   ; 96 LEs        ; 96 LEs               ; 0 LEs                  ; No         ; |wrapper|soc_top:u_soc_top|single_cycle:u_single_cycle|alu:alu|shift_stage2                                                                                                                                                      ;
; 3:1                ; 4 bits    ; 8 LEs         ; 8 LEs                ; 0 LEs                  ; No         ; |wrapper|soc_top:u_soc_top|single_cycle:u_single_cycle|alu:alu|shift_stage4                                                                                                                                                      ;
; 3:1                ; 4 bits    ; 8 LEs         ; 8 LEs                ; 0 LEs                  ; No         ; |wrapper|soc_top:u_soc_top|single_cycle:u_single_cycle|alu:alu|shift_stage4                                                                                                                                                      ;
; 4:1                ; 4 bits    ; 8 LEs         ; 8 LEs                ; 0 LEs                  ; No         ; |wrapper|soc_top:u_soc_top|single_cycle:u_single_cycle|alu:alu|shift_stage4                                                                                                                                                      ;
; 4:1                ; 4 bits    ; 8 LEs         ; 8 LEs                ; 0 LEs                  ; No         ; |wrapper|soc_top:u_soc_top|single_cycle:u_single_cycle|alu:alu|shift_stage4                                                                                                                                                      ;
; 3:1                ; 6 bits    ; 12 LEs        ; 12 LEs               ; 0 LEs                  ; No         ; |wrapper|soc_top:u_soc_top|single_cycle:u_single_cycle|mux2:mux_opb|o_data_out[5]                                                                                                                                                ;
; 3:1                ; 7 bits    ; 14 LEs        ; 14 LEs               ; 0 LEs                  ; No         ; |wrapper|soc_top:u_soc_top|ipu_core:u_ipu_core|haze_removal_top:u_haze_removal_top|haze_removal_core:u_core|col_i                                                                                                                ;
; 3:1                ; 7 bits    ; 14 LEs        ; 14 LEs               ; 0 LEs                  ; No         ; |wrapper|soc_top:u_soc_top|ipu_core:u_ipu_core|haze_removal_top:u_haze_removal_top|haze_removal_core:u_core|row_i                                                                                                                ;
; 3:1                ; 24 bits   ; 48 LEs        ; 48 LEs               ; 0 LEs                  ; No         ; |wrapper|soc_top:u_soc_top|ipu_core:u_ipu_core|haze_removal_top:u_haze_removal_top|haze_removal_core:u_core|tone_b                                                                                                               ;
; 3:1                ; 8 bits    ; 16 LEs        ; 16 LEs               ; 0 LEs                  ; No         ; |wrapper|soc_top:u_soc_top|ipu_core:u_ipu_core|haze_removal_top:u_haze_removal_top|haze_removal_core:u_core|tone_b                                                                                                               ;
; 3:1                ; 3 bits    ; 6 LEs         ; 6 LEs                ; 0 LEs                  ; No         ; |wrapper|soc_top:u_soc_top|ipu_core:u_ipu_core|haze_removal_top:u_haze_removal_top|haze_removal_core:u_core|out_r                                                                                                                ;
; 3:1                ; 6 bits    ; 12 LEs        ; 12 LEs               ; 0 LEs                  ; No         ; |wrapper|soc_top:u_soc_top|ipu_core:u_ipu_core|haze_removal_top:u_haze_removal_top|haze_removal_core:u_core|out_r                                                                                                                ;
; 3:1                ; 14 bits   ; 28 LEs        ; 28 LEs               ; 0 LEs                  ; No         ; |wrapper|soc_top:u_soc_top|ipu_core:u_ipu_core|haze_removal_top:u_haze_removal_top|haze_removal_core:u_core|tx_frame_map_rd_addr[1]                                                                                              ;
; 3:1                ; 8 bits    ; 16 LEs        ; 16 LEs               ; 0 LEs                  ; No         ; |wrapper|soc_top:u_soc_top|ipu_core:u_ipu_core|haze_removal_top:u_haze_removal_top|haze_removal_core:u_core|purple_A_max[4]                                                                                                      ;
; 4:1                ; 14 bits   ; 28 LEs        ; 28 LEs               ; 0 LEs                  ; No         ; |wrapper|soc_top:u_soc_top|ipu_core:u_ipu_core|haze_removal_top:u_haze_removal_top|haze_removal_core:u_core|adc_frame_map_rd_addr[13]                                                                                            ;
; 5:1                ; 4 bits    ; 12 LEs        ; 12 LEs               ; 0 LEs                  ; No         ; |wrapper|soc_top:u_soc_top|single_cycle:u_single_cycle|mux2:mux_opb|o_data_out[4]                                                                                                                                                ;
; 6:1                ; 10 bits   ; 40 LEs        ; 30 LEs               ; 10 LEs                 ; No         ; |wrapper|soc_top:u_soc_top|single_cycle:u_single_cycle|mux2:mux_opb|o_data_out[27]                                                                                                                                               ;
; 16:1               ; 2 bits    ; 20 LEs        ; 12 LEs               ; 8 LEs                  ; No         ; |wrapper|soc_top:u_soc_top|single_cycle:u_single_cycle|lsu:lsu|Mux56                                                                                                                                                             ;
; 17:1               ; 31 bits   ; 341 LEs       ; 124 LEs              ; 217 LEs                ; No         ; |wrapper|soc_top:u_soc_top|single_cycle:u_single_cycle|alu:alu|Selector16                                                                                                                                                        ;
; 16:1               ; 8 bits    ; 80 LEs        ; 32 LEs               ; 48 LEs                 ; No         ; |wrapper|soc_top:u_soc_top|single_cycle:u_single_cycle|lsu:lsu|Mux54                                                                                                                                                             ;
; 33:1               ; 32 bits   ; 704 LEs       ; 704 LEs              ; 0 LEs                  ; No         ; |wrapper|soc_top:u_soc_top|single_cycle:u_single_cycle|regfile:regfile|o_rs1_data[28]                                                                                                                                            ;
; 33:1               ; 32 bits   ; 704 LEs       ; 704 LEs              ; 0 LEs                  ; No         ; |wrapper|soc_top:u_soc_top|single_cycle:u_single_cycle|regfile:regfile|o_rs2_data[28]                                                                                                                                            ;
; 9:1                ; 8 bits    ; 48 LEs        ; 24 LEs               ; 24 LEs                 ; No         ; |wrapper|soc_top:u_soc_top|single_cycle:u_single_cycle|mux2:mux_opb|o_data_out[18]                                                                                                                                               ;
; 18:1               ; 8 bits    ; 96 LEs        ; 64 LEs               ; 32 LEs                 ; No         ; |wrapper|soc_top:u_soc_top|single_cycle:u_single_cycle|lsu:lsu|Mux31                                                                                                                                                             ;
; 18:1               ; 8 bits    ; 96 LEs        ; 64 LEs               ; 32 LEs                 ; No         ; |wrapper|soc_top:u_soc_top|single_cycle:u_single_cycle|lsu:lsu|Mux40                                                                                                                                                             ;
; 12:1               ; 31 bits   ; 248 LEs       ; 124 LEs              ; 124 LEs                ; No         ; |wrapper|soc_top:u_soc_top|single_cycle:u_single_cycle|alu:alu|Mux47                                                                                                                                                             ;
; 20:1               ; 8 bits    ; 104 LEs       ; 64 LEs               ; 40 LEs                 ; No         ; |wrapper|soc_top:u_soc_top|single_cycle:u_single_cycle|lsu:lsu|Mux37                                                                                                                                                             ;
; 11:1               ; 3 bits    ; 21 LEs        ; 12 LEs               ; 9 LEs                  ; No         ; |wrapper|soc_top:u_soc_top|ipu_core:u_ipu_core|ipu_control_logic:u_ipu_control_logic|Selector6                                                                                                                                   ;
; 19:1               ; 11 bits   ; 132 LEs       ; 132 LEs              ; 0 LEs                  ; No         ; |wrapper|soc_top:u_soc_top|single_cycle:u_single_cycle|alu:alu|Mux7                                                                                                                                                              ;
; 17:1               ; 6 bits    ; 66 LEs        ; 66 LEs               ; 0 LEs                  ; No         ; |wrapper|soc_top:u_soc_top|single_cycle:u_single_cycle|alu:alu|Mux21                                                                                                                                                             ;
; 18:1               ; 5 bits    ; 60 LEs        ; 60 LEs               ; 0 LEs                  ; No         ; |wrapper|soc_top:u_soc_top|single_cycle:u_single_cycle|alu:alu|Mux27                                                                                                                                                             ;
; 12:1               ; 2 bits    ; 16 LEs        ; 6 LEs                ; 10 LEs                 ; No         ; |wrapper|soc_top:u_soc_top|ipu_core:u_ipu_core|ipu_control_logic:u_ipu_control_logic|Selector1                                                                                                                                   ;
; 13:1               ; 2 bits    ; 16 LEs        ; 6 LEs                ; 10 LEs                 ; No         ; |wrapper|soc_top:u_soc_top|ipu_core:u_ipu_core|ipu_control_logic:u_ipu_control_logic|Selector3                                                                                                                                   ;
; 22:1               ; 3 bits    ; 42 LEs        ; 42 LEs               ; 0 LEs                  ; No         ; |wrapper|soc_top:u_soc_top|single_cycle:u_single_cycle|alu:alu|Mux1                                                                                                                                                              ;
; 21:1               ; 3 bits    ; 42 LEs        ; 42 LEs               ; 0 LEs                  ; No         ; |wrapper|soc_top:u_soc_top|single_cycle:u_single_cycle|alu:alu|Mux30                                                                                                                                                             ;
; 37:1               ; 4 bits    ; 96 LEs        ; 96 LEs               ; 0 LEs                  ; No         ; |wrapper|soc_top:u_soc_top|single_cycle:u_single_cycle|mux3:wb|Mux27                                                                                                                                                             ;
; 37:1               ; 2 bits    ; 48 LEs        ; 48 LEs               ; 0 LEs                  ; No         ; |wrapper|soc_top:u_soc_top|single_cycle:u_single_cycle|mux3:wb|Mux30                                                                                                                                                             ;
; 41:1               ; 14 bits   ; 378 LEs       ; 378 LEs              ; 0 LEs                  ; No         ; |wrapper|soc_top:u_soc_top|single_cycle:u_single_cycle|mux3:wb|Mux5                                                                                                                                                              ;
; 41:1               ; 2 bits    ; 54 LEs        ; 54 LEs               ; 0 LEs                  ; No         ; |wrapper|soc_top:u_soc_top|single_cycle:u_single_cycle|mux3:wb|Mux14                                                                                                                                                             ;
; 41:1               ; 7 bits    ; 189 LEs       ; 189 LEs              ; 0 LEs                  ; No         ; |wrapper|soc_top:u_soc_top|single_cycle:u_single_cycle|mux3:wb|Mux21                                                                                                                                                             ;
+--------------------+-----------+---------------+----------------------+------------------------+------------+----------------------------------------------------------------------------------------------------------------------------------------------------------------------------------------------------------------------------------+


+--------------------------------------------------------------------------------------------------------------------------+
; Source assignments for soc_top:u_soc_top|img_tmp_bram:u_img_tmp_bram|altsyncram:mem_rtl_0|altsyncram_q3t1:auto_generated ;
+---------------------------------+--------------------+------+------------------------------------------------------------+
; Assignment                      ; Value              ; From ; To                                                         ;
+---------------------------------+--------------------+------+------------------------------------------------------------+
; OPTIMIZE_POWER_DURING_SYNTHESIS ; NORMAL_COMPILATION ; -    ; -                                                          ;
+---------------------------------+--------------------+------+------------------------------------------------------------+


+--------------------------------------------------------------------------------------------------------------------------+
; Source assignments for soc_top:u_soc_top|img_out_bram:u_img_out_bram|altsyncram:mem_rtl_0|altsyncram_5252:auto_generated ;
+---------------------------------+--------------------+------+------------------------------------------------------------+
; Assignment                      ; Value              ; From ; To                                                         ;
+---------------------------------+--------------------+------+------------------------------------------------------------+
; OPTIMIZE_POWER_DURING_SYNTHESIS ; NORMAL_COMPILATION ; -    ; -                                                          ;
+---------------------------------+--------------------+------+------------------------------------------------------------+


+------------------------------------------------------------------------------------------------------------------------+
; Source assignments for soc_top:u_soc_top|img_in_bram:u_img_in_bram|altsyncram:mem_rtl_0|altsyncram_6h32:auto_generated ;
+---------------------------------+--------------------+------+----------------------------------------------------------+
; Assignment                      ; Value              ; From ; To                                                       ;
+---------------------------------+--------------------+------+----------------------------------------------------------+
; OPTIMIZE_POWER_DURING_SYNTHESIS ; NORMAL_COMPILATION ; -    ; -                                                        ;
+---------------------------------+--------------------+------+----------------------------------------------------------+


+--------------------------------------------------------------------------------------------------------------------------------------------------------------------------------------------------------------------------------------------------------+
; Source assignments for soc_top:u_soc_top|ipu_core:u_ipu_core|haze_removal_top:u_haze_removal_top|haze_removal_core:u_core|adc_estimation:u_adc_estimation|adc_line_buffer_5x5:u_line_buf_mc|altsyncram:line_buf_0_rtl_0|altsyncram_1ur1:auto_generated ;
+---------------------------------+--------------------+------+------------------------------------------------------------------------------------------------------------------------------------------------------------------------------------------+
; Assignment                      ; Value              ; From ; To                                                                                                                                                                                       ;
+---------------------------------+--------------------+------+------------------------------------------------------------------------------------------------------------------------------------------------------------------------------------------+
; OPTIMIZE_POWER_DURING_SYNTHESIS ; NORMAL_COMPILATION ; -    ; -                                                                                                                                                                                        ;
+---------------------------------+--------------------+------+------------------------------------------------------------------------------------------------------------------------------------------------------------------------------------------+


+--------------------------------------------------------------------------------------------------------------------------------------------------------------------------------------------------------------------------------------------------------+
; Source assignments for soc_top:u_soc_top|ipu_core:u_ipu_core|haze_removal_top:u_haze_removal_top|haze_removal_core:u_core|adc_estimation:u_adc_estimation|adc_line_buffer_5x5:u_line_buf_mc|altsyncram:line_buf_1_rtl_0|altsyncram_2ur1:auto_generated ;
+---------------------------------+--------------------+------+------------------------------------------------------------------------------------------------------------------------------------------------------------------------------------------+
; Assignment                      ; Value              ; From ; To                                                                                                                                                                                       ;
+---------------------------------+--------------------+------+------------------------------------------------------------------------------------------------------------------------------------------------------------------------------------------+
; OPTIMIZE_POWER_DURING_SYNTHESIS ; NORMAL_COMPILATION ; -    ; -                                                                                                                                                                                        ;
+---------------------------------+--------------------+------+------------------------------------------------------------------------------------------------------------------------------------------------------------------------------------------+


+--------------------------------------------------------------------------------------------------------------------------------------------------------------------------------------------------------------------------------------------------------+
; Source assignments for soc_top:u_soc_top|ipu_core:u_ipu_core|haze_removal_top:u_haze_removal_top|haze_removal_core:u_core|adc_estimation:u_adc_estimation|adc_line_buffer_5x5:u_line_buf_mc|altsyncram:line_buf_2_rtl_0|altsyncram_3ur1:auto_generated ;
+---------------------------------+--------------------+------+------------------------------------------------------------------------------------------------------------------------------------------------------------------------------------------+
; Assignment                      ; Value              ; From ; To                                                                                                                                                                                       ;
+---------------------------------+--------------------+------+------------------------------------------------------------------------------------------------------------------------------------------------------------------------------------------+
; OPTIMIZE_POWER_DURING_SYNTHESIS ; NORMAL_COMPILATION ; -    ; -                                                                                                                                                                                        ;
+---------------------------------+--------------------+------+------------------------------------------------------------------------------------------------------------------------------------------------------------------------------------------+


+--------------------------------------------------------------------------------------------------------------------------------------------------------------------------------------------------------------------------------------------------------+
; Source assignments for soc_top:u_soc_top|ipu_core:u_ipu_core|haze_removal_top:u_haze_removal_top|haze_removal_core:u_core|adc_estimation:u_adc_estimation|adc_line_buffer_5x5:u_line_buf_mc|altsyncram:line_buf_3_rtl_0|altsyncram_4ur1:auto_generated ;
+---------------------------------+--------------------+------+------------------------------------------------------------------------------------------------------------------------------------------------------------------------------------------+
; Assignment                      ; Value              ; From ; To                                                                                                                                                                                       ;
+---------------------------------+--------------------+------+------------------------------------------------------------------------------------------------------------------------------------------------------------------------------------------+
; OPTIMIZE_POWER_DURING_SYNTHESIS ; NORMAL_COMPILATION ; -    ; -                                                                                                                                                                                        ;
+---------------------------------+--------------------+------+------------------------------------------------------------------------------------------------------------------------------------------------------------------------------------------+


+----------------------------------------------------------------------------------------------------------------------------------------------------------------------------------------------------------------------------------------------------------+
; Source assignments for soc_top:u_soc_top|ipu_core:u_ipu_core|haze_removal_top:u_haze_removal_top|haze_removal_core:u_core|adc_estimation:u_adc_estimation|adc_line_buffer_5x5:u_line_buf_gray|altsyncram:line_buf_0_rtl_0|altsyncram_1ur1:auto_generated ;
+---------------------------------+--------------------+------+--------------------------------------------------------------------------------------------------------------------------------------------------------------------------------------------+
; Assignment                      ; Value              ; From ; To                                                                                                                                                                                         ;
+---------------------------------+--------------------+------+--------------------------------------------------------------------------------------------------------------------------------------------------------------------------------------------+
; OPTIMIZE_POWER_DURING_SYNTHESIS ; NORMAL_COMPILATION ; -    ; -                                                                                                                                                                                          ;
+---------------------------------+--------------------+------+--------------------------------------------------------------------------------------------------------------------------------------------------------------------------------------------+


+----------------------------------------------------------------------------------------------------------------------------------------------------------------------------------------------------------------------------------------------------------+
; Source assignments for soc_top:u_soc_top|ipu_core:u_ipu_core|haze_removal_top:u_haze_removal_top|haze_removal_core:u_core|adc_estimation:u_adc_estimation|adc_line_buffer_5x5:u_line_buf_gray|altsyncram:line_buf_1_rtl_0|altsyncram_2ur1:auto_generated ;
+---------------------------------+--------------------+------+--------------------------------------------------------------------------------------------------------------------------------------------------------------------------------------------+
; Assignment                      ; Value              ; From ; To                                                                                                                                                                                         ;
+---------------------------------+--------------------+------+--------------------------------------------------------------------------------------------------------------------------------------------------------------------------------------------+
; OPTIMIZE_POWER_DURING_SYNTHESIS ; NORMAL_COMPILATION ; -    ; -                                                                                                                                                                                          ;
+---------------------------------+--------------------+------+--------------------------------------------------------------------------------------------------------------------------------------------------------------------------------------------+


+----------------------------------------------------------------------------------------------------------------------------------------------------------------------------------------------------------------------------------------------------------+
; Source assignments for soc_top:u_soc_top|ipu_core:u_ipu_core|haze_removal_top:u_haze_removal_top|haze_removal_core:u_core|adc_estimation:u_adc_estimation|adc_line_buffer_5x5:u_line_buf_gray|altsyncram:line_buf_2_rtl_0|altsyncram_3ur1:auto_generated ;
+---------------------------------+--------------------+------+--------------------------------------------------------------------------------------------------------------------------------------------------------------------------------------------+
; Assignment                      ; Value              ; From ; To                                                                                                                                                                                         ;
+---------------------------------+--------------------+------+--------------------------------------------------------------------------------------------------------------------------------------------------------------------------------------------+
; OPTIMIZE_POWER_DURING_SYNTHESIS ; NORMAL_COMPILATION ; -    ; -                                                                                                                                                                                          ;
+---------------------------------+--------------------+------+--------------------------------------------------------------------------------------------------------------------------------------------------------------------------------------------+


+----------------------------------------------------------------------------------------------------------------------------------------------------------------------------------------------------------------------------------------------------------+
; Source assignments for soc_top:u_soc_top|ipu_core:u_ipu_core|haze_removal_top:u_haze_removal_top|haze_removal_core:u_core|adc_estimation:u_adc_estimation|adc_line_buffer_5x5:u_line_buf_gray|altsyncram:line_buf_3_rtl_0|altsyncram_4ur1:auto_generated ;
+---------------------------------+--------------------+------+--------------------------------------------------------------------------------------------------------------------------------------------------------------------------------------------+
; Assignment                      ; Value              ; From ; To                                                                                                                                                                                         ;
+---------------------------------+--------------------+------+--------------------------------------------------------------------------------------------------------------------------------------------------------------------------------------------+
; OPTIMIZE_POWER_DURING_SYNTHESIS ; NORMAL_COMPILATION ; -    ; -                                                                                                                                                                                          ;
+---------------------------------+--------------------+------+--------------------------------------------------------------------------------------------------------------------------------------------------------------------------------------------+


+--------------------------------------------------------------------------------------------------------------------------------------------------------------------------------------------------------------------------------------------------------------------------+
; Source assignments for soc_top:u_soc_top|ipu_core:u_ipu_core|haze_removal_top:u_haze_removal_top|haze_removal_core:u_core|atm_light_coarse_tx:u_atm_light_coarse_tx|bank_pingpong_stream:u_bank_tx|bank_bram:u_bank2|altsyncram:mem_rtl_0|altsyncram_s512:auto_generated ;
+---------------------------------+--------------------+------+------------------------------------------------------------------------------------------------------------------------------------------------------------------------------------------------------------+
; Assignment                      ; Value              ; From ; To                                                                                                                                                                                                         ;
+---------------------------------+--------------------+------+------------------------------------------------------------------------------------------------------------------------------------------------------------------------------------------------------------+
; OPTIMIZE_POWER_DURING_SYNTHESIS ; NORMAL_COMPILATION ; -    ; -                                                                                                                                                                                                          ;
+---------------------------------+--------------------+------+------------------------------------------------------------------------------------------------------------------------------------------------------------------------------------------------------------+


+--------------------------------------------------------------------------------------------------------------------------------------------------------------------------------------------------------------------------------------------------------------------------+
; Source assignments for soc_top:u_soc_top|ipu_core:u_ipu_core|haze_removal_top:u_haze_removal_top|haze_removal_core:u_core|atm_light_coarse_tx:u_atm_light_coarse_tx|bank_pingpong_stream:u_bank_tx|bank_bram:u_bank1|altsyncram:mem_rtl_0|altsyncram_s512:auto_generated ;
+---------------------------------+--------------------+------+------------------------------------------------------------------------------------------------------------------------------------------------------------------------------------------------------------+
; Assignment                      ; Value              ; From ; To                                                                                                                                                                                                         ;
+---------------------------------+--------------------+------+------------------------------------------------------------------------------------------------------------------------------------------------------------------------------------------------------------+
; OPTIMIZE_POWER_DURING_SYNTHESIS ; NORMAL_COMPILATION ; -    ; -                                                                                                                                                                                                          ;
+---------------------------------+--------------------+------+------------------------------------------------------------------------------------------------------------------------------------------------------------------------------------------------------------+


+--------------------------------------------------------------------------------------------------------------------------------------------------------------------------------------------------------+
; Source assignments for soc_top:u_soc_top|ipu_core:u_ipu_core|haze_removal_top:u_haze_removal_top|haze_removal_core:u_core|bank_bram:u_tx_frame_map|altsyncram:mem_rtl_0|altsyncram_s512:auto_generated ;
+---------------------------------+--------------------+------+------------------------------------------------------------------------------------------------------------------------------------------+
; Assignment                      ; Value              ; From ; To                                                                                                                                       ;
+---------------------------------+--------------------+------+------------------------------------------------------------------------------------------------------------------------------------------+
; OPTIMIZE_POWER_DURING_SYNTHESIS ; NORMAL_COMPILATION ; -    ; -                                                                                                                                        ;
+---------------------------------+--------------------+------+------------------------------------------------------------------------------------------------------------------------------------------+


+---------------------------------------------------------------------------------------------------------------------------------------------------------------------------------------------------------+
; Source assignments for soc_top:u_soc_top|ipu_core:u_ipu_core|haze_removal_top:u_haze_removal_top|haze_removal_core:u_core|bank_bram:u_adc_frame_map|altsyncram:mem_rtl_0|altsyncram_s512:auto_generated ;
+---------------------------------+--------------------+------+-------------------------------------------------------------------------------------------------------------------------------------------+
; Assignment                      ; Value              ; From ; To                                                                                                                                        ;
+---------------------------------+--------------------+------+-------------------------------------------------------------------------------------------------------------------------------------------+
; OPTIMIZE_POWER_DURING_SYNTHESIS ; NORMAL_COMPILATION ; -    ; -                                                                                                                                         ;
+---------------------------------+--------------------+------+-------------------------------------------------------------------------------------------------------------------------------------------+


+------------------------------------------------------------------------------------------------------------------------------------------------+
; Source assignments for soc_top:u_soc_top|single_cycle:u_single_cycle|lsu:lsu|memory:mem|altsyncram:mem_b0_rtl_0|altsyncram_tt22:auto_generated ;
+---------------------------------+--------------------+------+----------------------------------------------------------------------------------+
; Assignment                      ; Value              ; From ; To                                                                               ;
+---------------------------------+--------------------+------+----------------------------------------------------------------------------------+
; OPTIMIZE_POWER_DURING_SYNTHESIS ; NORMAL_COMPILATION ; -    ; -                                                                                ;
+---------------------------------+--------------------+------+----------------------------------------------------------------------------------+


+------------------------------------------------------------------------------------------------------------------------------------------------+
; Source assignments for soc_top:u_soc_top|single_cycle:u_single_cycle|lsu:lsu|memory:mem|altsyncram:mem_b1_rtl_0|altsyncram_ut22:auto_generated ;
+---------------------------------+--------------------+------+----------------------------------------------------------------------------------+
; Assignment                      ; Value              ; From ; To                                                                               ;
+---------------------------------+--------------------+------+----------------------------------------------------------------------------------+
; OPTIMIZE_POWER_DURING_SYNTHESIS ; NORMAL_COMPILATION ; -    ; -                                                                                ;
+---------------------------------+--------------------+------+----------------------------------------------------------------------------------+


+------------------------------------------------------------------------------------------------------------------------------------------------+
; Source assignments for soc_top:u_soc_top|single_cycle:u_single_cycle|lsu:lsu|memory:mem|altsyncram:mem_b2_rtl_0|altsyncram_vt22:auto_generated ;
+---------------------------------+--------------------+------+----------------------------------------------------------------------------------+
; Assignment                      ; Value              ; From ; To                                                                               ;
+---------------------------------+--------------------+------+----------------------------------------------------------------------------------+
; OPTIMIZE_POWER_DURING_SYNTHESIS ; NORMAL_COMPILATION ; -    ; -                                                                                ;
+---------------------------------+--------------------+------+----------------------------------------------------------------------------------+


+------------------------------------------------------------------------------------------------------------------------------------------------+
; Source assignments for soc_top:u_soc_top|single_cycle:u_single_cycle|lsu:lsu|memory:mem|altsyncram:mem_b3_rtl_0|altsyncram_ej22:auto_generated ;
+---------------------------------+--------------------+------+----------------------------------------------------------------------------------+
; Assignment                      ; Value              ; From ; To                                                                               ;
+---------------------------------+--------------------+------+----------------------------------------------------------------------------------+
; OPTIMIZE_POWER_DURING_SYNTHESIS ; NORMAL_COMPILATION ; -    ; -                                                                                ;
+---------------------------------+--------------------+------+----------------------------------------------------------------------------------+


+----------------------------------------------------------------------------------------------------------------------------------------------------+
; Source assignments for soc_top:u_soc_top|single_cycle:u_single_cycle|instr_mem:instr_mem_inst|altsyncram:IMem_rtl_0|altsyncram_8if1:auto_generated ;
+---------------------------------+--------------------+------+--------------------------------------------------------------------------------------+
; Assignment                      ; Value              ; From ; To                                                                                   ;
+---------------------------------+--------------------+------+--------------------------------------------------------------------------------------+
; OPTIMIZE_POWER_DURING_SYNTHESIS ; NORMAL_COMPILATION ; -    ; -                                                                                    ;
+---------------------------------+--------------------+------+--------------------------------------------------------------------------------------+


+---------------------------------------------------------------------------------------------------------------------+
; Parameter Settings for User Entity Instance: soc_top:u_soc_top|single_cycle:u_single_cycle|instr_mem:instr_mem_inst ;
+----------------+----------------------------------------+-----------------------------------------------------------+
; Parameter Name ; Value                                  ; Type                                                      ;
+----------------+----------------------------------------+-----------------------------------------------------------+
; DEPTH          ; 8000                                   ; Signed Integer                                            ;
; MEM            ; ../../01_sim/RISC_V/02_test/isa_4b.hex ; String                                                    ;
+----------------+----------------------------------------+-----------------------------------------------------------+
Note: In order to hide this table in the UI and the text report file, please set the "Show Parameter Settings in Synthesis Report" option in "Analysis and Synthesis Settings -> More Settings" to "Off".


+----------------------------------------------------------------------------------------------------+
; Parameter Settings for User Entity Instance: soc_top:u_soc_top|single_cycle:u_single_cycle|lsu:lsu ;
+----------------+-------+---------------------------------------------------------------------------+
; Parameter Name ; Value ; Type                                                                      ;
+----------------+-------+---------------------------------------------------------------------------+
; DEPTH          ; 16384 ; Signed Integer                                                            ;
+----------------+-------+---------------------------------------------------------------------------+
Note: In order to hide this table in the UI and the text report file, please set the "Show Parameter Settings in Synthesis Report" option in "Analysis and Synthesis Settings -> More Settings" to "Off".


+---------------------------------------------------------------------------------------------------------------+
; Parameter Settings for User Entity Instance: soc_top:u_soc_top|single_cycle:u_single_cycle|lsu:lsu|memory:mem ;
+----------------+-------+--------------------------------------------------------------------------------------+
; Parameter Name ; Value ; Type                                                                                 ;
+----------------+-------+--------------------------------------------------------------------------------------+
; DEPTH          ; 16384 ; Signed Integer                                                                       ;
+----------------+-------+--------------------------------------------------------------------------------------+
Note: In order to hide this table in the UI and the text report file, please set the "Show Parameter Settings in Synthesis Report" option in "Analysis and Synthesis Settings -> More Settings" to "Off".


+--------------------------------------------------------------------------------------------------------------------------+
; Parameter Settings for User Entity Instance: soc_top:u_soc_top|ipu_core:u_ipu_core|ipu_control_logic:u_ipu_control_logic ;
+----------------+-------+-------------------------------------------------------------------------------------------------+
; Parameter Name ; Value ; Type                                                                                            ;
+----------------+-------+-------------------------------------------------------------------------------------------------+
; IMG_WIDTH      ; 128   ; Signed Integer                                                                                  ;
; IMG_HEIGHT     ; 128   ; Signed Integer                                                                                  ;
+----------------+-------+-------------------------------------------------------------------------------------------------+
Note: In order to hide this table in the UI and the text report file, please set the "Show Parameter Settings in Synthesis Report" option in "Analysis and Synthesis Settings -> More Settings" to "Off".


+------------------------------------------------------------------------------------------------------------------------+
; Parameter Settings for User Entity Instance: soc_top:u_soc_top|ipu_core:u_ipu_core|haze_removal_top:u_haze_removal_top ;
+----------------+----------+--------------------------------------------------------------------------------------------+
; Parameter Name ; Value    ; Type                                                                                       ;
+----------------+----------+--------------------------------------------------------------------------------------------+
; IMG_WIDTH      ; 128      ; Signed Integer                                                                             ;
; IMG_HEIGHT     ; 128      ; Signed Integer                                                                             ;
; ADDR_WIDTH     ; 14       ; Signed Integer                                                                             ;
; ADC_PICK_INDEX ; 1        ; Signed Integer                                                                             ;
; OMEGA_Q8       ; 11111111 ; Unsigned Binary                                                                            ;
; T_MIN          ; 00001111 ; Unsigned Binary                                                                            ;
; LAMBDA_Q8      ; 00110011 ; Unsigned Binary                                                                            ;
+----------------+----------+--------------------------------------------------------------------------------------------+
Note: In order to hide this table in the UI and the text report file, please set the "Show Parameter Settings in Synthesis Report" option in "Analysis and Synthesis Settings -> More Settings" to "Off".


+-------------------------------------------------------------------------------------------------------------------------------------------------+
; Parameter Settings for User Entity Instance: soc_top:u_soc_top|ipu_core:u_ipu_core|haze_removal_top:u_haze_removal_top|haze_removal_core:u_core ;
+----------------+----------+---------------------------------------------------------------------------------------------------------------------+
; Parameter Name ; Value    ; Type                                                                                                                ;
+----------------+----------+---------------------------------------------------------------------------------------------------------------------+
; IMG_WIDTH      ; 128      ; Signed Integer                                                                                                      ;
; IMG_HEIGHT     ; 128      ; Signed Integer                                                                                                      ;
; ADDR_WIDTH     ; 14       ; Signed Integer                                                                                                      ;
; ADC_PICK_INDEX ; 1        ; Signed Integer                                                                                                      ;
; OMEGA_Q8       ; 11111111 ; Unsigned Binary                                                                                                     ;
; T_MIN          ; 00001111 ; Unsigned Binary                                                                                                     ;
; LAMBDA_Q8      ; 00110011 ; Unsigned Binary                                                                                                     ;
+----------------+----------+---------------------------------------------------------------------------------------------------------------------+
Note: In order to hide this table in the UI and the text report file, please set the "Show Parameter Settings in Synthesis Report" option in "Analysis and Synthesis Settings -> More Settings" to "Off".


+---------------------------------------------------------------------------------------------------------------------------------------------------------------------------+
; Parameter Settings for User Entity Instance: soc_top:u_soc_top|ipu_core:u_ipu_core|haze_removal_top:u_haze_removal_top|haze_removal_core:u_core|bank_bram:u_adc_frame_map ;
+----------------+-------+--------------------------------------------------------------------------------------------------------------------------------------------------+
; Parameter Name ; Value ; Type                                                                                                                                             ;
+----------------+-------+--------------------------------------------------------------------------------------------------------------------------------------------------+
; DATA_WIDTH     ; 8     ; Signed Integer                                                                                                                                   ;
; ADDR_WIDTH     ; 14    ; Signed Integer                                                                                                                                   ;
+----------------+-------+--------------------------------------------------------------------------------------------------------------------------------------------------+
Note: In order to hide this table in the UI and the text report file, please set the "Show Parameter Settings in Synthesis Report" option in "Analysis and Synthesis Settings -> More Settings" to "Off".


+--------------------------------------------------------------------------------------------------------------------------------------------------------------------------+
; Parameter Settings for User Entity Instance: soc_top:u_soc_top|ipu_core:u_ipu_core|haze_removal_top:u_haze_removal_top|haze_removal_core:u_core|bank_bram:u_tx_frame_map ;
+----------------+-------+-------------------------------------------------------------------------------------------------------------------------------------------------+
; Parameter Name ; Value ; Type                                                                                                                                            ;
+----------------+-------+-------------------------------------------------------------------------------------------------------------------------------------------------+
; DATA_WIDTH     ; 8     ; Signed Integer                                                                                                                                  ;
; ADDR_WIDTH     ; 14    ; Signed Integer                                                                                                                                  ;
+----------------+-------+-------------------------------------------------------------------------------------------------------------------------------------------------+
Note: In order to hide this table in the UI and the text report file, please set the "Show Parameter Settings in Synthesis Report" option in "Analysis and Synthesis Settings -> More Settings" to "Off".


+-------------------------------------------------------------------------------------------------------------------------------------------------------------------------------------------+
; Parameter Settings for User Entity Instance: soc_top:u_soc_top|ipu_core:u_ipu_core|haze_removal_top:u_haze_removal_top|haze_removal_core:u_core|atm_light_coarse_tx:u_atm_light_coarse_tx ;
+----------------+----------+---------------------------------------------------------------------------------------------------------------------------------------------------------------+
; Parameter Name ; Value    ; Type                                                                                                                                                          ;
+----------------+----------+---------------------------------------------------------------------------------------------------------------------------------------------------------------+
; IMG_WIDTH      ; 128      ; Signed Integer                                                                                                                                                ;
; IMG_HEIGHT     ; 128      ; Signed Integer                                                                                                                                                ;
; ADDR_WIDTH     ; 14       ; Signed Integer                                                                                                                                                ;
; OMEGA_Q8       ; 11111111 ; Unsigned Binary                                                                                                                                               ;
; T_MIN          ; 00001111 ; Unsigned Binary                                                                                                                                               ;
+----------------+----------+---------------------------------------------------------------------------------------------------------------------------------------------------------------+
Note: In order to hide this table in the UI and the text report file, please set the "Show Parameter Settings in Synthesis Report" option in "Analysis and Synthesis Settings -> More Settings" to "Off".


+-----------------------------------------------------------------------------------------------------------------------------------------------------------------------------------------------------------------------+
; Parameter Settings for User Entity Instance: soc_top:u_soc_top|ipu_core:u_ipu_core|haze_removal_top:u_haze_removal_top|haze_removal_core:u_core|atm_light_coarse_tx:u_atm_light_coarse_tx|dark_channel:u_dark_channel ;
+-----------------------+-------+---------------------------------------------------------------------------------------------------------------------------------------------------------------------------------------+
; Parameter Name        ; Value ; Type                                                                                                                                                                                  ;
+-----------------------+-------+---------------------------------------------------------------------------------------------------------------------------------------------------------------------------------------+
; IMG_WIDTH             ; 128   ; Signed Integer                                                                                                                                                                        ;
; ENABLE_SPATIAL_FILTER ; 0     ; Signed Integer                                                                                                                                                                        ;
+-----------------------+-------+---------------------------------------------------------------------------------------------------------------------------------------------------------------------------------------+
Note: In order to hide this table in the UI and the text report file, please set the "Show Parameter Settings in Synthesis Report" option in "Analysis and Synthesis Settings -> More Settings" to "Off".


+--------------------------------------------------------------------------------------------------------------------------------------------------------------------------------------------------------------------------+
; Parameter Settings for User Entity Instance: soc_top:u_soc_top|ipu_core:u_ipu_core|haze_removal_top:u_haze_removal_top|haze_removal_core:u_core|atm_light_coarse_tx:u_atm_light_coarse_tx|estimate_transmission:u_est_tx ;
+-----------------------+----------+---------------------------------------------------------------------------------------------------------------------------------------------------------------------------------------+
; Parameter Name        ; Value    ; Type                                                                                                                                                                                  ;
+-----------------------+----------+---------------------------------------------------------------------------------------------------------------------------------------------------------------------------------------+
; IMG_WIDTH             ; 128      ; Signed Integer                                                                                                                                                                        ;
; ENABLE_SPATIAL_FILTER ; 0        ; Unsigned Binary                                                                                                                                                                       ;
; OMEGA_Q8              ; 11111111 ; Unsigned Binary                                                                                                                                                                       ;
; T_MIN                 ; 00001111 ; Unsigned Binary                                                                                                                                                                       ;
+-----------------------+----------+---------------------------------------------------------------------------------------------------------------------------------------------------------------------------------------+
Note: In order to hide this table in the UI and the text report file, please set the "Show Parameter Settings in Synthesis Report" option in "Analysis and Synthesis Settings -> More Settings" to "Off".


+------------------------------------------------------------------------------------------------------------------------------------------------------------------------------------------------------------------------------------------------------+
; Parameter Settings for User Entity Instance: soc_top:u_soc_top|ipu_core:u_ipu_core|haze_removal_top:u_haze_removal_top|haze_removal_core:u_core|atm_light_coarse_tx:u_atm_light_coarse_tx|estimate_transmission:u_est_tx|omega_clamp_t:u_omega_clamp ;
+----------------+----------+--------------------------------------------------------------------------------------------------------------------------------------------------------------------------------------------------------------------------+
; Parameter Name ; Value    ; Type                                                                                                                                                                                                                     ;
+----------------+----------+--------------------------------------------------------------------------------------------------------------------------------------------------------------------------------------------------------------------------+
; OMEGA_Q8       ; 11111111 ; Unsigned Binary                                                                                                                                                                                                          ;
; T_MIN          ; 00001111 ; Unsigned Binary                                                                                                                                                                                                          ;
+----------------+----------+--------------------------------------------------------------------------------------------------------------------------------------------------------------------------------------------------------------------------+
Note: In order to hide this table in the UI and the text report file, please set the "Show Parameter Settings in Synthesis Report" option in "Analysis and Synthesis Settings -> More Settings" to "Off".


+--------------------------------------------------------------------------------------------------------------------------------------------------------------------------------------------------------------------------+
; Parameter Settings for User Entity Instance: soc_top:u_soc_top|ipu_core:u_ipu_core|haze_removal_top:u_haze_removal_top|haze_removal_core:u_core|atm_light_coarse_tx:u_atm_light_coarse_tx|bank_pingpong_stream:u_bank_tx ;
+----------------+-------+-------------------------------------------------------------------------------------------------------------------------------------------------------------------------------------------------+
; Parameter Name ; Value ; Type                                                                                                                                                                                            ;
+----------------+-------+-------------------------------------------------------------------------------------------------------------------------------------------------------------------------------------------------+
; DATA_WIDTH     ; 8     ; Signed Integer                                                                                                                                                                                  ;
; IMG_WIDTH      ; 128   ; Signed Integer                                                                                                                                                                                  ;
; IMG_HEIGHT     ; 128   ; Signed Integer                                                                                                                                                                                  ;
; ADDR_WIDTH     ; 14    ; Signed Integer                                                                                                                                                                                  ;
+----------------+-------+-------------------------------------------------------------------------------------------------------------------------------------------------------------------------------------------------+
Note: In order to hide this table in the UI and the text report file, please set the "Show Parameter Settings in Synthesis Report" option in "Analysis and Synthesis Settings -> More Settings" to "Off".


+------------------------------------------------------------------------------------------------------------------------------------------------------------------------------------------------------------------------------------------------------------+
; Parameter Settings for User Entity Instance: soc_top:u_soc_top|ipu_core:u_ipu_core|haze_removal_top:u_haze_removal_top|haze_removal_core:u_core|atm_light_coarse_tx:u_atm_light_coarse_tx|bank_pingpong_stream:u_bank_tx|frame_linear_counter:u_wr_counter ;
+----------------+-------+-----------------------------------------------------------------------------------------------------------------------------------------------------------------------------------------------------------------------------------+
; Parameter Name ; Value ; Type                                                                                                                                                                                                                              ;
+----------------+-------+-----------------------------------------------------------------------------------------------------------------------------------------------------------------------------------------------------------------------------------+
; IMG_WIDTH      ; 128   ; Signed Integer                                                                                                                                                                                                                    ;
; IMG_HEIGHT     ; 128   ; Signed Integer                                                                                                                                                                                                                    ;
; ADDR_WIDTH     ; 14    ; Signed Integer                                                                                                                                                                                                                    ;
+----------------+-------+-----------------------------------------------------------------------------------------------------------------------------------------------------------------------------------------------------------------------------------+
Note: In order to hide this table in the UI and the text report file, please set the "Show Parameter Settings in Synthesis Report" option in "Analysis and Synthesis Settings -> More Settings" to "Off".


+------------------------------------------------------------------------------------------------------------------------------------------------------------------------------------------------------------------------------------------------------------+
; Parameter Settings for User Entity Instance: soc_top:u_soc_top|ipu_core:u_ipu_core|haze_removal_top:u_haze_removal_top|haze_removal_core:u_core|atm_light_coarse_tx:u_atm_light_coarse_tx|bank_pingpong_stream:u_bank_tx|frame_linear_counter:u_rd_counter ;
+----------------+-------+-----------------------------------------------------------------------------------------------------------------------------------------------------------------------------------------------------------------------------------+
; Parameter Name ; Value ; Type                                                                                                                                                                                                                              ;
+----------------+-------+-----------------------------------------------------------------------------------------------------------------------------------------------------------------------------------------------------------------------------------+
; IMG_WIDTH      ; 128   ; Signed Integer                                                                                                                                                                                                                    ;
; IMG_HEIGHT     ; 128   ; Signed Integer                                                                                                                                                                                                                    ;
; ADDR_WIDTH     ; 14    ; Signed Integer                                                                                                                                                                                                                    ;
+----------------+-------+-----------------------------------------------------------------------------------------------------------------------------------------------------------------------------------------------------------------------------------+
Note: In order to hide this table in the UI and the text report file, please set the "Show Parameter Settings in Synthesis Report" option in "Analysis and Synthesis Settings -> More Settings" to "Off".


+--------------------------------------------------------------------------------------------------------------------------------------------------------------------------------------------------------------------------------------------+
; Parameter Settings for User Entity Instance: soc_top:u_soc_top|ipu_core:u_ipu_core|haze_removal_top:u_haze_removal_top|haze_removal_core:u_core|atm_light_coarse_tx:u_atm_light_coarse_tx|bank_pingpong_stream:u_bank_tx|bank_bram:u_bank1 ;
+----------------+-------+-------------------------------------------------------------------------------------------------------------------------------------------------------------------------------------------------------------------+
; Parameter Name ; Value ; Type                                                                                                                                                                                                              ;
+----------------+-------+-------------------------------------------------------------------------------------------------------------------------------------------------------------------------------------------------------------------+
; DATA_WIDTH     ; 8     ; Signed Integer                                                                                                                                                                                                    ;
; ADDR_WIDTH     ; 14    ; Signed Integer                                                                                                                                                                                                    ;
+----------------+-------+-------------------------------------------------------------------------------------------------------------------------------------------------------------------------------------------------------------------+
Note: In order to hide this table in the UI and the text report file, please set the "Show Parameter Settings in Synthesis Report" option in "Analysis and Synthesis Settings -> More Settings" to "Off".


+--------------------------------------------------------------------------------------------------------------------------------------------------------------------------------------------------------------------------------------------+
; Parameter Settings for User Entity Instance: soc_top:u_soc_top|ipu_core:u_ipu_core|haze_removal_top:u_haze_removal_top|haze_removal_core:u_core|atm_light_coarse_tx:u_atm_light_coarse_tx|bank_pingpong_stream:u_bank_tx|bank_bram:u_bank2 ;
+----------------+-------+-------------------------------------------------------------------------------------------------------------------------------------------------------------------------------------------------------------------+
; Parameter Name ; Value ; Type                                                                                                                                                                                                              ;
+----------------+-------+-------------------------------------------------------------------------------------------------------------------------------------------------------------------------------------------------------------------+
; DATA_WIDTH     ; 8     ; Signed Integer                                                                                                                                                                                                    ;
; ADDR_WIDTH     ; 14    ; Signed Integer                                                                                                                                                                                                    ;
+----------------+-------+-------------------------------------------------------------------------------------------------------------------------------------------------------------------------------------------------------------------+
Note: In order to hide this table in the UI and the text report file, please set the "Show Parameter Settings in Synthesis Report" option in "Analysis and Synthesis Settings -> More Settings" to "Off".


+---------------------------------------------------------------------------------------------------------------------------------------------------------------------------------+
; Parameter Settings for User Entity Instance: soc_top:u_soc_top|ipu_core:u_ipu_core|haze_removal_top:u_haze_removal_top|haze_removal_core:u_core|adc_estimation:u_adc_estimation ;
+----------------+----------+-----------------------------------------------------------------------------------------------------------------------------------------------------+
; Parameter Name ; Value    ; Type                                                                                                                                                ;
+----------------+----------+-----------------------------------------------------------------------------------------------------------------------------------------------------+
; IMG_WIDTH      ; 128      ; Signed Integer                                                                                                                                      ;
; IMG_HEIGHT     ; 128      ; Signed Integer                                                                                                                                      ;
; LAMBDA_Q8      ; 00110011 ; Unsigned Binary                                                                                                                                     ;
+----------------+----------+-----------------------------------------------------------------------------------------------------------------------------------------------------+
Note: In order to hide this table in the UI and the text report file, please set the "Show Parameter Settings in Synthesis Report" option in "Analysis and Synthesis Settings -> More Settings" to "Off".


+---------------------------------------------------------------------------------------------------------------------------------------------------------------------------------------------------------------------+
; Parameter Settings for User Entity Instance: soc_top:u_soc_top|ipu_core:u_ipu_core|haze_removal_top:u_haze_removal_top|haze_removal_core:u_core|adc_estimation:u_adc_estimation|adc_line_buffer_5x5:u_line_buf_gray ;
+----------------+-------+--------------------------------------------------------------------------------------------------------------------------------------------------------------------------------------------+
; Parameter Name ; Value ; Type                                                                                                                                                                                       ;
+----------------+-------+--------------------------------------------------------------------------------------------------------------------------------------------------------------------------------------------+
; IMG_WIDTH      ; 128   ; Signed Integer                                                                                                                                                                             ;
; IMG_HEIGHT     ; 128   ; Signed Integer                                                                                                                                                                             ;
+----------------+-------+--------------------------------------------------------------------------------------------------------------------------------------------------------------------------------------------+
Note: In order to hide this table in the UI and the text report file, please set the "Show Parameter Settings in Synthesis Report" option in "Analysis and Synthesis Settings -> More Settings" to "Off".


+-------------------------------------------------------------------------------------------------------------------------------------------------------------------------------------------------------------------+
; Parameter Settings for User Entity Instance: soc_top:u_soc_top|ipu_core:u_ipu_core|haze_removal_top:u_haze_removal_top|haze_removal_core:u_core|adc_estimation:u_adc_estimation|adc_line_buffer_5x5:u_line_buf_mc ;
+----------------+-------+------------------------------------------------------------------------------------------------------------------------------------------------------------------------------------------+
; Parameter Name ; Value ; Type                                                                                                                                                                                     ;
+----------------+-------+------------------------------------------------------------------------------------------------------------------------------------------------------------------------------------------+
; IMG_WIDTH      ; 128   ; Signed Integer                                                                                                                                                                           ;
; IMG_HEIGHT     ; 128   ; Signed Integer                                                                                                                                                                           ;
+----------------+-------+------------------------------------------------------------------------------------------------------------------------------------------------------------------------------------------+
Note: In order to hide this table in the UI and the text report file, please set the "Show Parameter Settings in Synthesis Report" option in "Analysis and Synthesis Settings -> More Settings" to "Off".


+------------------------------------------------------------------------------------------------------------------------------------------------------------------------------------------------------------+
; Parameter Settings for User Entity Instance: soc_top:u_soc_top|ipu_core:u_ipu_core|haze_removal_top:u_haze_removal_top|haze_removal_core:u_core|adc_estimation:u_adc_estimation|adc_path_length:u_path_len ;
+----------------+----------+--------------------------------------------------------------------------------------------------------------------------------------------------------------------------------+
; Parameter Name ; Value    ; Type                                                                                                                                                                           ;
+----------------+----------+--------------------------------------------------------------------------------------------------------------------------------------------------------------------------------+
; LAMBDA_Q8      ; 00110011 ; Unsigned Binary                                                                                                                                                                ;
+----------------+----------+--------------------------------------------------------------------------------------------------------------------------------------------------------------------------------+
Note: In order to hide this table in the UI and the text report file, please set the "Show Parameter Settings in Synthesis Report" option in "Analysis and Synthesis Settings -> More Settings" to "Off".


+---------------------------------------------------------------------------------------------------------------------------------------------------------------------------------+
; Parameter Settings for User Entity Instance: soc_top:u_soc_top|ipu_core:u_ipu_core|haze_removal_top:u_haze_removal_top|haze_removal_core:u_core|t_compute_fuse:u_t_compute_fuse ;
+----------------+----------+-----------------------------------------------------------------------------------------------------------------------------------------------------+
; Parameter Name ; Value    ; Type                                                                                                                                                ;
+----------------+----------+-----------------------------------------------------------------------------------------------------------------------------------------------------+
; OMEGA_Q8       ; 11111111 ; Unsigned Binary                                                                                                                                     ;
; TX_MIN         ; 00001111 ; Unsigned Binary                                                                                                                                     ;
; TX_WHEN_A_ZERO ; 00001111 ; Unsigned Binary                                                                                                                                     ;
+----------------+----------+-----------------------------------------------------------------------------------------------------------------------------------------------------+
Note: In order to hide this table in the UI and the text report file, please set the "Show Parameter Settings in Synthesis Report" option in "Analysis and Synthesis Settings -> More Settings" to "Off".


+-----------------------------------------------------------------------------------------------------------------------------------------------------------------------------------------------------------+
; Parameter Settings for User Entity Instance: soc_top:u_soc_top|ipu_core:u_ipu_core|haze_removal_top:u_haze_removal_top|haze_removal_core:u_core|t_compute_fuse:u_t_compute_fuse|t_computing:u_t_computing ;
+----------------+----------+-------------------------------------------------------------------------------------------------------------------------------------------------------------------------------+
; Parameter Name ; Value    ; Type                                                                                                                                                                          ;
+----------------+----------+-------------------------------------------------------------------------------------------------------------------------------------------------------------------------------+
; OMEGA_Q8       ; 11111111 ; Unsigned Binary                                                                                                                                                               ;
; TX_MIN         ; 00001111 ; Unsigned Binary                                                                                                                                                               ;
; TX_WHEN_A_ZERO ; 00001111 ; Unsigned Binary                                                                                                                                                               ;
+----------------+----------+-------------------------------------------------------------------------------------------------------------------------------------------------------------------------------+
Note: In order to hide this table in the UI and the text report file, please set the "Show Parameter Settings in Synthesis Report" option in "Analysis and Synthesis Settings -> More Settings" to "Off".


+-------------------------------------------------------------------------------------------------------------------------------------------------------------------------------------------------+
; Parameter Settings for User Entity Instance: soc_top:u_soc_top|ipu_core:u_ipu_core|haze_removal_top:u_haze_removal_top|haze_removal_core:u_core|t_compute_fuse:u_t_compute_fuse|fusing:u_fusing ;
+----------------+----------+---------------------------------------------------------------------------------------------------------------------------------------------------------------------+
; Parameter Name ; Value    ; Type                                                                                                                                                                ;
+----------------+----------+---------------------------------------------------------------------------------------------------------------------------------------------------------------------+
; TX_MIN         ; 00001111 ; Unsigned Binary                                                                                                                                                     ;
+----------------+----------+---------------------------------------------------------------------------------------------------------------------------------------------------------------------+
Note: In order to hide this table in the UI and the text report file, please set the "Show Parameter Settings in Synthesis Report" option in "Analysis and Synthesis Settings -> More Settings" to "Off".


+------------------------------------------------------------------------------------------------------------------------------------------------------------------------+
; Parameter Settings for User Entity Instance: soc_top:u_soc_top|ipu_core:u_ipu_core|haze_removal_top:u_haze_removal_top|haze_removal_core:u_core|fusing:u_fusing_direct ;
+----------------+----------+--------------------------------------------------------------------------------------------------------------------------------------------+
; Parameter Name ; Value    ; Type                                                                                                                                       ;
+----------------+----------+--------------------------------------------------------------------------------------------------------------------------------------------+
; TX_MIN         ; 00001111 ; Unsigned Binary                                                                                                                            ;
+----------------+----------+--------------------------------------------------------------------------------------------------------------------------------------------+
Note: In order to hide this table in the UI and the text report file, please set the "Show Parameter Settings in Synthesis Report" option in "Analysis and Synthesis Settings -> More Settings" to "Off".


+------------------------------------------------------------------------------------------+
; Parameter Settings for User Entity Instance: soc_top:u_soc_top|img_in_bram:u_img_in_bram ;
+----------------+------------------+------------------------------------------------------+
; Parameter Name ; Value            ; Type                                                 ;
+----------------+------------------+------------------------------------------------------+
; DATA_WIDTH     ; 32               ; Signed Integer                                       ;
; ADDR_WIDTH     ; 16               ; Signed Integer                                       ;
; DEPTH          ; 0100000000000000 ; Unsigned Binary                                      ;
+----------------+------------------+------------------------------------------------------+
Note: In order to hide this table in the UI and the text report file, please set the "Show Parameter Settings in Synthesis Report" option in "Analysis and Synthesis Settings -> More Settings" to "Off".


+--------------------------------------------------------------------------------------------+
; Parameter Settings for User Entity Instance: soc_top:u_soc_top|img_out_bram:u_img_out_bram ;
+----------------+------------------+--------------------------------------------------------+
; Parameter Name ; Value            ; Type                                                   ;
+----------------+------------------+--------------------------------------------------------+
; DATA_WIDTH     ; 32               ; Signed Integer                                         ;
; ADDR_WIDTH     ; 16               ; Signed Integer                                         ;
; DEPTH          ; 0100000000000000 ; Unsigned Binary                                        ;
+----------------+------------------+--------------------------------------------------------+
Note: In order to hide this table in the UI and the text report file, please set the "Show Parameter Settings in Synthesis Report" option in "Analysis and Synthesis Settings -> More Settings" to "Off".


+--------------------------------------------------------------------------------------------+
; Parameter Settings for User Entity Instance: soc_top:u_soc_top|img_tmp_bram:u_img_tmp_bram ;
+----------------+------------------+--------------------------------------------------------+
; Parameter Name ; Value            ; Type                                                   ;
+----------------+------------------+--------------------------------------------------------+
; DATA_WIDTH     ; 32               ; Signed Integer                                         ;
; ADDR_WIDTH     ; 16               ; Signed Integer                                         ;
; DEPTH          ; 0100000000000000 ; Unsigned Binary                                        ;
+----------------+------------------+--------------------------------------------------------+
Note: In order to hide this table in the UI and the text report file, please set the "Show Parameter Settings in Synthesis Report" option in "Analysis and Synthesis Settings -> More Settings" to "Off".


+------------------------------------------------------------------------------+
; Parameter Settings for User Entity Instance: vga_controller:u_vga_controller ;
+----------------+-------+-----------------------------------------------------+
; Parameter Name ; Value ; Type                                                ;
+----------------+-------+-----------------------------------------------------+
; IMG_WIDTH      ; 128   ; Signed Integer                                      ;
; IMG_HEIGHT     ; 128   ; Signed Integer                                      ;
+----------------+-------+-----------------------------------------------------+
Note: In order to hide this table in the UI and the text report file, please set the "Show Parameter Settings in Synthesis Report" option in "Analysis and Synthesis Settings -> More Settings" to "Off".


+--------------------------------------------------------------------------------------------------------------------+
; Parameter Settings for User Entity Instance: vga_controller:u_vga_controller|vga_pll:pll_u|altpll:altpll_component ;
+-------------------------------+---------------------------+--------------------------------------------------------+
; Parameter Name                ; Value                     ; Type                                                   ;
+-------------------------------+---------------------------+--------------------------------------------------------+
; OPERATION_MODE                ; NORMAL                    ; Untyped                                                ;
; PLL_TYPE                      ; AUTO                      ; Untyped                                                ;
; LPM_HINT                      ; CBX_MODULE_PREFIX=vga_pll ; Untyped                                                ;
; QUALIFY_CONF_DONE             ; OFF                       ; Untyped                                                ;
; COMPENSATE_CLOCK              ; CLK0                      ; Untyped                                                ;
; SCAN_CHAIN                    ; LONG                      ; Untyped                                                ;
; PRIMARY_CLOCK                 ; INCLK0                    ; Untyped                                                ;
; INCLK0_INPUT_FREQUENCY        ; 20000                     ; Signed Integer                                         ;
; INCLK1_INPUT_FREQUENCY        ; 0                         ; Untyped                                                ;
; GATE_LOCK_SIGNAL              ; NO                        ; Untyped                                                ;
; GATE_LOCK_COUNTER             ; 0                         ; Untyped                                                ;
; LOCK_HIGH                     ; 1                         ; Untyped                                                ;
; LOCK_LOW                      ; 1                         ; Untyped                                                ;
; VALID_LOCK_MULTIPLIER         ; 1                         ; Untyped                                                ;
; INVALID_LOCK_MULTIPLIER       ; 5                         ; Untyped                                                ;
; SWITCH_OVER_ON_LOSSCLK        ; OFF                       ; Untyped                                                ;
; SWITCH_OVER_ON_GATED_LOCK     ; OFF                       ; Untyped                                                ;
; ENABLE_SWITCH_OVER_COUNTER    ; OFF                       ; Untyped                                                ;
; SKIP_VCO                      ; OFF                       ; Untyped                                                ;
; SWITCH_OVER_COUNTER           ; 0                         ; Untyped                                                ;
; SWITCH_OVER_TYPE              ; AUTO                      ; Untyped                                                ;
; FEEDBACK_SOURCE               ; EXTCLK0                   ; Untyped                                                ;
; BANDWIDTH                     ; 0                         ; Untyped                                                ;
; BANDWIDTH_TYPE                ; AUTO                      ; Untyped                                                ;
; SPREAD_FREQUENCY              ; 0                         ; Untyped                                                ;
; DOWN_SPREAD                   ; 0                         ; Untyped                                                ;
; SELF_RESET_ON_GATED_LOSS_LOCK ; OFF                       ; Untyped                                                ;
; SELF_RESET_ON_LOSS_LOCK       ; OFF                       ; Untyped                                                ;
; CLK9_MULTIPLY_BY              ; 0                         ; Untyped                                                ;
; CLK8_MULTIPLY_BY              ; 0                         ; Untyped                                                ;
; CLK7_MULTIPLY_BY              ; 0                         ; Untyped                                                ;
; CLK6_MULTIPLY_BY              ; 0                         ; Untyped                                                ;
; CLK5_MULTIPLY_BY              ; 1                         ; Untyped                                                ;
; CLK4_MULTIPLY_BY              ; 1                         ; Untyped                                                ;
; CLK3_MULTIPLY_BY              ; 1                         ; Untyped                                                ;
; CLK2_MULTIPLY_BY              ; 1                         ; Untyped                                                ;
; CLK1_MULTIPLY_BY              ; 1                         ; Untyped                                                ;
; CLK0_MULTIPLY_BY              ; 1                         ; Signed Integer                                         ;
; CLK9_DIVIDE_BY                ; 0                         ; Untyped                                                ;
; CLK8_DIVIDE_BY                ; 0                         ; Untyped                                                ;
; CLK7_DIVIDE_BY                ; 0                         ; Untyped                                                ;
; CLK6_DIVIDE_BY                ; 0                         ; Untyped                                                ;
; CLK5_DIVIDE_BY                ; 1                         ; Untyped                                                ;
; CLK4_DIVIDE_BY                ; 1                         ; Untyped                                                ;
; CLK3_DIVIDE_BY                ; 1                         ; Untyped                                                ;
; CLK2_DIVIDE_BY                ; 1                         ; Untyped                                                ;
; CLK1_DIVIDE_BY                ; 1                         ; Untyped                                                ;
; CLK0_DIVIDE_BY                ; 2                         ; Signed Integer                                         ;
; CLK9_PHASE_SHIFT              ; 0                         ; Untyped                                                ;
; CLK8_PHASE_SHIFT              ; 0                         ; Untyped                                                ;
; CLK7_PHASE_SHIFT              ; 0                         ; Untyped                                                ;
; CLK6_PHASE_SHIFT              ; 0                         ; Untyped                                                ;
; CLK5_PHASE_SHIFT              ; 0                         ; Untyped                                                ;
; CLK4_PHASE_SHIFT              ; 0                         ; Untyped                                                ;
; CLK3_PHASE_SHIFT              ; 0                         ; Untyped                                                ;
; CLK2_PHASE_SHIFT              ; 0                         ; Untyped                                                ;
; CLK1_PHASE_SHIFT              ; 0                         ; Untyped                                                ;
; CLK0_PHASE_SHIFT              ; 0                         ; Untyped                                                ;
; CLK5_TIME_DELAY               ; 0                         ; Untyped                                                ;
; CLK4_TIME_DELAY               ; 0                         ; Untyped                                                ;
; CLK3_TIME_DELAY               ; 0                         ; Untyped                                                ;
; CLK2_TIME_DELAY               ; 0                         ; Untyped                                                ;
; CLK1_TIME_DELAY               ; 0                         ; Untyped                                                ;
; CLK0_TIME_DELAY               ; 0                         ; Untyped                                                ;
; CLK9_DUTY_CYCLE               ; 50                        ; Untyped                                                ;
; CLK8_DUTY_CYCLE               ; 50                        ; Untyped                                                ;
; CLK7_DUTY_CYCLE               ; 50                        ; Untyped                                                ;
; CLK6_DUTY_CYCLE               ; 50                        ; Untyped                                                ;
; CLK5_DUTY_CYCLE               ; 50                        ; Untyped                                                ;
; CLK4_DUTY_CYCLE               ; 50                        ; Untyped                                                ;
; CLK3_DUTY_CYCLE               ; 50                        ; Untyped                                                ;
; CLK2_DUTY_CYCLE               ; 50                        ; Untyped                                                ;
; CLK1_DUTY_CYCLE               ; 50                        ; Untyped                                                ;
; CLK0_DUTY_CYCLE               ; 50                        ; Signed Integer                                         ;
; CLK9_USE_EVEN_COUNTER_MODE    ; OFF                       ; Untyped                                                ;
; CLK8_USE_EVEN_COUNTER_MODE    ; OFF                       ; Untyped                                                ;
; CLK7_USE_EVEN_COUNTER_MODE    ; OFF                       ; Untyped                                                ;
; CLK6_USE_EVEN_COUNTER_MODE    ; OFF                       ; Untyped                                                ;
; CLK5_USE_EVEN_COUNTER_MODE    ; OFF                       ; Untyped                                                ;
; CLK4_USE_EVEN_COUNTER_MODE    ; OFF                       ; Untyped                                                ;
; CLK3_USE_EVEN_COUNTER_MODE    ; OFF                       ; Untyped                                                ;
; CLK2_USE_EVEN_COUNTER_MODE    ; OFF                       ; Untyped                                                ;
; CLK1_USE_EVEN_COUNTER_MODE    ; OFF                       ; Untyped                                                ;
; CLK0_USE_EVEN_COUNTER_MODE    ; OFF                       ; Untyped                                                ;
; CLK9_USE_EVEN_COUNTER_VALUE   ; OFF                       ; Untyped                                                ;
; CLK8_USE_EVEN_COUNTER_VALUE   ; OFF                       ; Untyped                                                ;
; CLK7_USE_EVEN_COUNTER_VALUE   ; OFF                       ; Untyped                                                ;
; CLK6_USE_EVEN_COUNTER_VALUE   ; OFF                       ; Untyped                                                ;
; CLK5_USE_EVEN_COUNTER_VALUE   ; OFF                       ; Untyped                                                ;
; CLK4_USE_EVEN_COUNTER_VALUE   ; OFF                       ; Untyped                                                ;
; CLK3_USE_EVEN_COUNTER_VALUE   ; OFF                       ; Untyped                                                ;
; CLK2_USE_EVEN_COUNTER_VALUE   ; OFF                       ; Untyped                                                ;
; CLK1_USE_EVEN_COUNTER_VALUE   ; OFF                       ; Untyped                                                ;
; CLK0_USE_EVEN_COUNTER_VALUE   ; OFF                       ; Untyped                                                ;
; LOCK_WINDOW_UI                ;  0.05                     ; Untyped                                                ;
; LOCK_WINDOW_UI_BITS           ; UNUSED                    ; Untyped                                                ;
; VCO_RANGE_DETECTOR_LOW_BITS   ; UNUSED                    ; Untyped                                                ;
; VCO_RANGE_DETECTOR_HIGH_BITS  ; UNUSED                    ; Untyped                                                ;
; DPA_MULTIPLY_BY               ; 0                         ; Untyped                                                ;
; DPA_DIVIDE_BY                 ; 1                         ; Untyped                                                ;
; DPA_DIVIDER                   ; 0                         ; Untyped                                                ;
; EXTCLK3_MULTIPLY_BY           ; 1                         ; Untyped                                                ;
; EXTCLK2_MULTIPLY_BY           ; 1                         ; Untyped                                                ;
; EXTCLK1_MULTIPLY_BY           ; 1                         ; Untyped                                                ;
; EXTCLK0_MULTIPLY_BY           ; 1                         ; Untyped                                                ;
; EXTCLK3_DIVIDE_BY             ; 1                         ; Untyped                                                ;
; EXTCLK2_DIVIDE_BY             ; 1                         ; Untyped                                                ;
; EXTCLK1_DIVIDE_BY             ; 1                         ; Untyped                                                ;
; EXTCLK0_DIVIDE_BY             ; 1                         ; Untyped                                                ;
; EXTCLK3_PHASE_SHIFT           ; 0                         ; Untyped                                                ;
; EXTCLK2_PHASE_SHIFT           ; 0                         ; Untyped                                                ;
; EXTCLK1_PHASE_SHIFT           ; 0                         ; Untyped                                                ;
; EXTCLK0_PHASE_SHIFT           ; 0                         ; Untyped                                                ;
; EXTCLK3_TIME_DELAY            ; 0                         ; Untyped                                                ;
; EXTCLK2_TIME_DELAY            ; 0                         ; Untyped                                                ;
; EXTCLK1_TIME_DELAY            ; 0                         ; Untyped                                                ;
; EXTCLK0_TIME_DELAY            ; 0                         ; Untyped                                                ;
; EXTCLK3_DUTY_CYCLE            ; 50                        ; Untyped                                                ;
; EXTCLK2_DUTY_CYCLE            ; 50                        ; Untyped                                                ;
; EXTCLK1_DUTY_CYCLE            ; 50                        ; Untyped                                                ;
; EXTCLK0_DUTY_CYCLE            ; 50                        ; Untyped                                                ;
; VCO_MULTIPLY_BY               ; 0                         ; Untyped                                                ;
; VCO_DIVIDE_BY                 ; 0                         ; Untyped                                                ;
; SCLKOUT0_PHASE_SHIFT          ; 0                         ; Untyped                                                ;
; SCLKOUT1_PHASE_SHIFT          ; 0                         ; Untyped                                                ;
; VCO_MIN                       ; 0                         ; Untyped                                                ;
; VCO_MAX                       ; 0                         ; Untyped                                                ;
; VCO_CENTER                    ; 0                         ; Untyped                                                ;
; PFD_MIN                       ; 0                         ; Untyped                                                ;
; PFD_MAX                       ; 0                         ; Untyped                                                ;
; M_INITIAL                     ; 0                         ; Untyped                                                ;
; M                             ; 0                         ; Untyped                                                ;
; N                             ; 1                         ; Untyped                                                ;
; M2                            ; 1                         ; Untyped                                                ;
; N2                            ; 1                         ; Untyped                                                ;
; SS                            ; 1                         ; Untyped                                                ;
; C0_HIGH                       ; 0                         ; Untyped                                                ;
; C1_HIGH                       ; 0                         ; Untyped                                                ;
; C2_HIGH                       ; 0                         ; Untyped                                                ;
; C3_HIGH                       ; 0                         ; Untyped                                                ;
; C4_HIGH                       ; 0                         ; Untyped                                                ;
; C5_HIGH                       ; 0                         ; Untyped                                                ;
; C6_HIGH                       ; 0                         ; Untyped                                                ;
; C7_HIGH                       ; 0                         ; Untyped                                                ;
; C8_HIGH                       ; 0                         ; Untyped                                                ;
; C9_HIGH                       ; 0                         ; Untyped                                                ;
; C0_LOW                        ; 0                         ; Untyped                                                ;
; C1_LOW                        ; 0                         ; Untyped                                                ;
; C2_LOW                        ; 0                         ; Untyped                                                ;
; C3_LOW                        ; 0                         ; Untyped                                                ;
; C4_LOW                        ; 0                         ; Untyped                                                ;
; C5_LOW                        ; 0                         ; Untyped                                                ;
; C6_LOW                        ; 0                         ; Untyped                                                ;
; C7_LOW                        ; 0                         ; Untyped                                                ;
; C8_LOW                        ; 0                         ; Untyped                                                ;
; C9_LOW                        ; 0                         ; Untyped                                                ;
; C0_INITIAL                    ; 0                         ; Untyped                                                ;
; C1_INITIAL                    ; 0                         ; Untyped                                                ;
; C2_INITIAL                    ; 0                         ; Untyped                                                ;
; C3_INITIAL                    ; 0                         ; Untyped                                                ;
; C4_INITIAL                    ; 0                         ; Untyped                                                ;
; C5_INITIAL                    ; 0                         ; Untyped                                                ;
; C6_INITIAL                    ; 0                         ; Untyped                                                ;
; C7_INITIAL                    ; 0                         ; Untyped                                                ;
; C8_INITIAL                    ; 0                         ; Untyped                                                ;
; C9_INITIAL                    ; 0                         ; Untyped                                                ;
; C0_MODE                       ; BYPASS                    ; Untyped                                                ;
; C1_MODE                       ; BYPASS                    ; Untyped                                                ;
; C2_MODE                       ; BYPASS                    ; Untyped                                                ;
; C3_MODE                       ; BYPASS                    ; Untyped                                                ;
; C4_MODE                       ; BYPASS                    ; Untyped                                                ;
; C5_MODE                       ; BYPASS                    ; Untyped                                                ;
; C6_MODE                       ; BYPASS                    ; Untyped                                                ;
; C7_MODE                       ; BYPASS                    ; Untyped                                                ;
; C8_MODE                       ; BYPASS                    ; Untyped                                                ;
; C9_MODE                       ; BYPASS                    ; Untyped                                                ;
; C0_PH                         ; 0                         ; Untyped                                                ;
; C1_PH                         ; 0                         ; Untyped                                                ;
; C2_PH                         ; 0                         ; Untyped                                                ;
; C3_PH                         ; 0                         ; Untyped                                                ;
; C4_PH                         ; 0                         ; Untyped                                                ;
; C5_PH                         ; 0                         ; Untyped                                                ;
; C6_PH                         ; 0                         ; Untyped                                                ;
; C7_PH                         ; 0                         ; Untyped                                                ;
; C8_PH                         ; 0                         ; Untyped                                                ;
; C9_PH                         ; 0                         ; Untyped                                                ;
; L0_HIGH                       ; 1                         ; Untyped                                                ;
; L1_HIGH                       ; 1                         ; Untyped                                                ;
; G0_HIGH                       ; 1                         ; Untyped                                                ;
; G1_HIGH                       ; 1                         ; Untyped                                                ;
; G2_HIGH                       ; 1                         ; Untyped                                                ;
; G3_HIGH                       ; 1                         ; Untyped                                                ;
; E0_HIGH                       ; 1                         ; Untyped                                                ;
; E1_HIGH                       ; 1                         ; Untyped                                                ;
; E2_HIGH                       ; 1                         ; Untyped                                                ;
; E3_HIGH                       ; 1                         ; Untyped                                                ;
; L0_LOW                        ; 1                         ; Untyped                                                ;
; L1_LOW                        ; 1                         ; Untyped                                                ;
; G0_LOW                        ; 1                         ; Untyped                                                ;
; G1_LOW                        ; 1                         ; Untyped                                                ;
; G2_LOW                        ; 1                         ; Untyped                                                ;
; G3_LOW                        ; 1                         ; Untyped                                                ;
; E0_LOW                        ; 1                         ; Untyped                                                ;
; E1_LOW                        ; 1                         ; Untyped                                                ;
; E2_LOW                        ; 1                         ; Untyped                                                ;
; E3_LOW                        ; 1                         ; Untyped                                                ;
; L0_INITIAL                    ; 1                         ; Untyped                                                ;
; L1_INITIAL                    ; 1                         ; Untyped                                                ;
; G0_INITIAL                    ; 1                         ; Untyped                                                ;
; G1_INITIAL                    ; 1                         ; Untyped                                                ;
; G2_INITIAL                    ; 1                         ; Untyped                                                ;
; G3_INITIAL                    ; 1                         ; Untyped                                                ;
; E0_INITIAL                    ; 1                         ; Untyped                                                ;
; E1_INITIAL                    ; 1                         ; Untyped                                                ;
; E2_INITIAL                    ; 1                         ; Untyped                                                ;
; E3_INITIAL                    ; 1                         ; Untyped                                                ;
; L0_MODE                       ; BYPASS                    ; Untyped                                                ;
; L1_MODE                       ; BYPASS                    ; Untyped                                                ;
; G0_MODE                       ; BYPASS                    ; Untyped                                                ;
; G1_MODE                       ; BYPASS                    ; Untyped                                                ;
; G2_MODE                       ; BYPASS                    ; Untyped                                                ;
; G3_MODE                       ; BYPASS                    ; Untyped                                                ;
; E0_MODE                       ; BYPASS                    ; Untyped                                                ;
; E1_MODE                       ; BYPASS                    ; Untyped                                                ;
; E2_MODE                       ; BYPASS                    ; Untyped                                                ;
; E3_MODE                       ; BYPASS                    ; Untyped                                                ;
; L0_PH                         ; 0                         ; Untyped                                                ;
; L1_PH                         ; 0                         ; Untyped                                                ;
; G0_PH                         ; 0                         ; Untyped                                                ;
; G1_PH                         ; 0                         ; Untyped                                                ;
; G2_PH                         ; 0                         ; Untyped                                                ;
; G3_PH                         ; 0                         ; Untyped                                                ;
; E0_PH                         ; 0                         ; Untyped                                                ;
; E1_PH                         ; 0                         ; Untyped                                                ;
; E2_PH                         ; 0                         ; Untyped                                                ;
; E3_PH                         ; 0                         ; Untyped                                                ;
; M_PH                          ; 0                         ; Untyped                                                ;
; C1_USE_CASC_IN                ; OFF                       ; Untyped                                                ;
; C2_USE_CASC_IN                ; OFF                       ; Untyped                                                ;
; C3_USE_CASC_IN                ; OFF                       ; Untyped                                                ;
; C4_USE_CASC_IN                ; OFF                       ; Untyped                                                ;
; C5_USE_CASC_IN                ; OFF                       ; Untyped                                                ;
; C6_USE_CASC_IN                ; OFF                       ; Untyped                                                ;
; C7_USE_CASC_IN                ; OFF                       ; Untyped                                                ;
; C8_USE_CASC_IN                ; OFF                       ; Untyped                                                ;
; C9_USE_CASC_IN                ; OFF                       ; Untyped                                                ;
; CLK0_COUNTER                  ; G0                        ; Untyped                                                ;
; CLK1_COUNTER                  ; G0                        ; Untyped                                                ;
; CLK2_COUNTER                  ; G0                        ; Untyped                                                ;
; CLK3_COUNTER                  ; G0                        ; Untyped                                                ;
; CLK4_COUNTER                  ; G0                        ; Untyped                                                ;
; CLK5_COUNTER                  ; G0                        ; Untyped                                                ;
; CLK6_COUNTER                  ; E0                        ; Untyped                                                ;
; CLK7_COUNTER                  ; E1                        ; Untyped                                                ;
; CLK8_COUNTER                  ; E2                        ; Untyped                                                ;
; CLK9_COUNTER                  ; E3                        ; Untyped                                                ;
; L0_TIME_DELAY                 ; 0                         ; Untyped                                                ;
; L1_TIME_DELAY                 ; 0                         ; Untyped                                                ;
; G0_TIME_DELAY                 ; 0                         ; Untyped                                                ;
; G1_TIME_DELAY                 ; 0                         ; Untyped                                                ;
; G2_TIME_DELAY                 ; 0                         ; Untyped                                                ;
; G3_TIME_DELAY                 ; 0                         ; Untyped                                                ;
; E0_TIME_DELAY                 ; 0                         ; Untyped                                                ;
; E1_TIME_DELAY                 ; 0                         ; Untyped                                                ;
; E2_TIME_DELAY                 ; 0                         ; Untyped                                                ;
; E3_TIME_DELAY                 ; 0                         ; Untyped                                                ;
; M_TIME_DELAY                  ; 0                         ; Untyped                                                ;
; N_TIME_DELAY                  ; 0                         ; Untyped                                                ;
; EXTCLK3_COUNTER               ; E3                        ; Untyped                                                ;
; EXTCLK2_COUNTER               ; E2                        ; Untyped                                                ;
; EXTCLK1_COUNTER               ; E1                        ; Untyped                                                ;
; EXTCLK0_COUNTER               ; E0                        ; Untyped                                                ;
; ENABLE0_COUNTER               ; L0                        ; Untyped                                                ;
; ENABLE1_COUNTER               ; L0                        ; Untyped                                                ;
; CHARGE_PUMP_CURRENT           ; 2                         ; Untyped                                                ;
; LOOP_FILTER_R                 ;  1.000000                 ; Untyped                                                ;
; LOOP_FILTER_C                 ; 5                         ; Untyped                                                ;
; CHARGE_PUMP_CURRENT_BITS      ; 9999                      ; Untyped                                                ;
; LOOP_FILTER_R_BITS            ; 9999                      ; Untyped                                                ;
; LOOP_FILTER_C_BITS            ; 9999                      ; Untyped                                                ;
; VCO_POST_SCALE                ; 0                         ; Untyped                                                ;
; CLK2_OUTPUT_FREQUENCY         ; 0                         ; Untyped                                                ;
; CLK1_OUTPUT_FREQUENCY         ; 0                         ; Untyped                                                ;
; CLK0_OUTPUT_FREQUENCY         ; 0                         ; Untyped                                                ;
; INTENDED_DEVICE_FAMILY        ; Cyclone V                 ; Untyped                                                ;
; PORT_CLKENA0                  ; PORT_CONNECTIVITY         ; Untyped                                                ;
; PORT_CLKENA1                  ; PORT_CONNECTIVITY         ; Untyped                                                ;
; PORT_CLKENA2                  ; PORT_CONNECTIVITY         ; Untyped                                                ;
; PORT_CLKENA3                  ; PORT_CONNECTIVITY         ; Untyped                                                ;
; PORT_CLKENA4                  ; PORT_CONNECTIVITY         ; Untyped                                                ;
; PORT_CLKENA5                  ; PORT_CONNECTIVITY         ; Untyped                                                ;
; PORT_EXTCLKENA0               ; PORT_CONNECTIVITY         ; Untyped                                                ;
; PORT_EXTCLKENA1               ; PORT_CONNECTIVITY         ; Untyped                                                ;
; PORT_EXTCLKENA2               ; PORT_CONNECTIVITY         ; Untyped                                                ;
; PORT_EXTCLKENA3               ; PORT_CONNECTIVITY         ; Untyped                                                ;
; PORT_EXTCLK0                  ; PORT_CONNECTIVITY         ; Untyped                                                ;
; PORT_EXTCLK1                  ; PORT_CONNECTIVITY         ; Untyped                                                ;
; PORT_EXTCLK2                  ; PORT_CONNECTIVITY         ; Untyped                                                ;
; PORT_EXTCLK3                  ; PORT_CONNECTIVITY         ; Untyped                                                ;
; PORT_CLKBAD0                  ; PORT_UNUSED               ; Untyped                                                ;
; PORT_CLKBAD1                  ; PORT_UNUSED               ; Untyped                                                ;
; PORT_CLK0                     ; PORT_USED                 ; Untyped                                                ;
; PORT_CLK1                     ; PORT_UNUSED               ; Untyped                                                ;
; PORT_CLK2                     ; PORT_UNUSED               ; Untyped                                                ;
; PORT_CLK3                     ; PORT_UNUSED               ; Untyped                                                ;
; PORT_CLK4                     ; PORT_UNUSED               ; Untyped                                                ;
; PORT_CLK5                     ; PORT_UNUSED               ; Untyped                                                ;
; PORT_CLK6                     ; PORT_UNUSED               ; Untyped                                                ;
; PORT_CLK7                     ; PORT_UNUSED               ; Untyped                                                ;
; PORT_CLK8                     ; PORT_UNUSED               ; Untyped                                                ;
; PORT_CLK9                     ; PORT_UNUSED               ; Untyped                                                ;
; PORT_SCANDATA                 ; PORT_UNUSED               ; Untyped                                                ;
; PORT_SCANDATAOUT              ; PORT_UNUSED               ; Untyped                                                ;
; PORT_SCANDONE                 ; PORT_UNUSED               ; Untyped                                                ;
; PORT_SCLKOUT1                 ; PORT_CONNECTIVITY         ; Untyped                                                ;
; PORT_SCLKOUT0                 ; PORT_CONNECTIVITY         ; Untyped                                                ;
; PORT_ACTIVECLOCK              ; PORT_UNUSED               ; Untyped                                                ;
; PORT_CLKLOSS                  ; PORT_UNUSED               ; Untyped                                                ;
; PORT_INCLK1                   ; PORT_UNUSED               ; Untyped                                                ;
; PORT_INCLK0                   ; PORT_USED                 ; Untyped                                                ;
; PORT_FBIN                     ; PORT_UNUSED               ; Untyped                                                ;
; PORT_PLLENA                   ; PORT_UNUSED               ; Untyped                                                ;
; PORT_CLKSWITCH                ; PORT_UNUSED               ; Untyped                                                ;
; PORT_ARESET                   ; PORT_USED                 ; Untyped                                                ;
; PORT_PFDENA                   ; PORT_UNUSED               ; Untyped                                                ;
; PORT_SCANCLK                  ; PORT_UNUSED               ; Untyped                                                ;
; PORT_SCANACLR                 ; PORT_UNUSED               ; Untyped                                                ;
; PORT_SCANREAD                 ; PORT_UNUSED               ; Untyped                                                ;
; PORT_SCANWRITE                ; PORT_UNUSED               ; Untyped                                                ;
; PORT_ENABLE0                  ; PORT_CONNECTIVITY         ; Untyped                                                ;
; PORT_ENABLE1                  ; PORT_CONNECTIVITY         ; Untyped                                                ;
; PORT_LOCKED                   ; PORT_USED                 ; Untyped                                                ;
; PORT_CONFIGUPDATE             ; PORT_UNUSED               ; Untyped                                                ;
; PORT_FBOUT                    ; PORT_CONNECTIVITY         ; Untyped                                                ;
; PORT_PHASEDONE                ; PORT_UNUSED               ; Untyped                                                ;
; PORT_PHASESTEP                ; PORT_UNUSED               ; Untyped                                                ;
; PORT_PHASEUPDOWN              ; PORT_UNUSED               ; Untyped                                                ;
; PORT_SCANCLKENA               ; PORT_UNUSED               ; Untyped                                                ;
; PORT_PHASECOUNTERSELECT       ; PORT_UNUSED               ; Untyped                                                ;
; PORT_VCOOVERRANGE             ; PORT_CONNECTIVITY         ; Untyped                                                ;
; PORT_VCOUNDERRANGE            ; PORT_CONNECTIVITY         ; Untyped                                                ;
; M_TEST_SOURCE                 ; 5                         ; Untyped                                                ;
; C0_TEST_SOURCE                ; 5                         ; Untyped                                                ;
; C1_TEST_SOURCE                ; 5                         ; Untyped                                                ;
; C2_TEST_SOURCE                ; 5                         ; Untyped                                                ;
; C3_TEST_SOURCE                ; 5                         ; Untyped                                                ;
; C4_TEST_SOURCE                ; 5                         ; Untyped                                                ;
; C5_TEST_SOURCE                ; 5                         ; Untyped                                                ;
; C6_TEST_SOURCE                ; 5                         ; Untyped                                                ;
; C7_TEST_SOURCE                ; 5                         ; Untyped                                                ;
; C8_TEST_SOURCE                ; 5                         ; Untyped                                                ;
; C9_TEST_SOURCE                ; 5                         ; Untyped                                                ;
; CBXI_PARAMETER                ; vga_pll_altpll            ; Untyped                                                ;
; VCO_FREQUENCY_CONTROL         ; AUTO                      ; Untyped                                                ;
; VCO_PHASE_SHIFT_STEP          ; 0                         ; Untyped                                                ;
; WIDTH_CLOCK                   ; 5                         ; Signed Integer                                         ;
; WIDTH_PHASECOUNTERSELECT      ; 4                         ; Untyped                                                ;
; USING_FBMIMICBIDIR_PORT       ; OFF                       ; Untyped                                                ;
; DEVICE_FAMILY                 ; Cyclone V                 ; Untyped                                                ;
; SCAN_CHAIN_MIF_FILE           ; UNUSED                    ; Untyped                                                ;
; SIM_GATE_LOCK_DEVICE_BEHAVIOR ; OFF                       ; Untyped                                                ;
; AUTO_CARRY_CHAINS             ; ON                        ; AUTO_CARRY                                             ;
; IGNORE_CARRY_BUFFERS          ; OFF                       ; IGNORE_CARRY                                           ;
; AUTO_CASCADE_CHAINS           ; ON                        ; AUTO_CASCADE                                           ;
; IGNORE_CASCADE_BUFFERS        ; OFF                       ; IGNORE_CASCADE                                         ;
+-------------------------------+---------------------------+--------------------------------------------------------+
Note: In order to hide this table in the UI and the text report file, please set the "Show Parameter Settings in Synthesis Report" option in "Analysis and Synthesis Settings -> More Settings" to "Off".


+---------------------------------------------------------------------------------------------------------------------+
; Parameter Settings for Inferred Entity Instance: soc_top:u_soc_top|img_tmp_bram:u_img_tmp_bram|altsyncram:mem_rtl_0 ;
+------------------------------------+-------------------------------------------------+------------------------------+
; Parameter Name                     ; Value                                           ; Type                         ;
+------------------------------------+-------------------------------------------------+------------------------------+
; BYTE_SIZE_BLOCK                    ; 8                                               ; Untyped                      ;
; AUTO_CARRY_CHAINS                  ; ON                                              ; AUTO_CARRY                   ;
; IGNORE_CARRY_BUFFERS               ; OFF                                             ; IGNORE_CARRY                 ;
; AUTO_CASCADE_CHAINS                ; ON                                              ; AUTO_CASCADE                 ;
; IGNORE_CASCADE_BUFFERS             ; OFF                                             ; IGNORE_CASCADE               ;
; WIDTH_BYTEENA                      ; 1                                               ; Untyped                      ;
; OPERATION_MODE                     ; DUAL_PORT                                       ; Untyped                      ;
; WIDTH_A                            ; 32                                              ; Untyped                      ;
; WIDTHAD_A                          ; 14                                              ; Untyped                      ;
; NUMWORDS_A                         ; 16384                                           ; Untyped                      ;
; OUTDATA_REG_A                      ; UNREGISTERED                                    ; Untyped                      ;
; ADDRESS_ACLR_A                     ; NONE                                            ; Untyped                      ;
; OUTDATA_ACLR_A                     ; NONE                                            ; Untyped                      ;
; WRCONTROL_ACLR_A                   ; NONE                                            ; Untyped                      ;
; INDATA_ACLR_A                      ; NONE                                            ; Untyped                      ;
; BYTEENA_ACLR_A                     ; NONE                                            ; Untyped                      ;
; WIDTH_B                            ; 32                                              ; Untyped                      ;
; WIDTHAD_B                          ; 14                                              ; Untyped                      ;
; NUMWORDS_B                         ; 16384                                           ; Untyped                      ;
; INDATA_REG_B                       ; CLOCK1                                          ; Untyped                      ;
; WRCONTROL_WRADDRESS_REG_B          ; CLOCK1                                          ; Untyped                      ;
; RDCONTROL_REG_B                    ; CLOCK0                                          ; Untyped                      ;
; ADDRESS_REG_B                      ; CLOCK0                                          ; Untyped                      ;
; OUTDATA_REG_B                      ; UNREGISTERED                                    ; Untyped                      ;
; BYTEENA_REG_B                      ; CLOCK1                                          ; Untyped                      ;
; INDATA_ACLR_B                      ; NONE                                            ; Untyped                      ;
; WRCONTROL_ACLR_B                   ; NONE                                            ; Untyped                      ;
; ADDRESS_ACLR_B                     ; NONE                                            ; Untyped                      ;
; OUTDATA_ACLR_B                     ; NONE                                            ; Untyped                      ;
; RDCONTROL_ACLR_B                   ; NONE                                            ; Untyped                      ;
; BYTEENA_ACLR_B                     ; NONE                                            ; Untyped                      ;
; WIDTH_BYTEENA_A                    ; 1                                               ; Untyped                      ;
; WIDTH_BYTEENA_B                    ; 1                                               ; Untyped                      ;
; RAM_BLOCK_TYPE                     ; M10K                                            ; Untyped                      ;
; BYTE_SIZE                          ; 8                                               ; Untyped                      ;
; READ_DURING_WRITE_MODE_MIXED_PORTS ; DONT_CARE                                       ; Untyped                      ;
; READ_DURING_WRITE_MODE_PORT_A      ; NEW_DATA_NO_NBE_READ                            ; Untyped                      ;
; READ_DURING_WRITE_MODE_PORT_B      ; NEW_DATA_NO_NBE_READ                            ; Untyped                      ;
; INIT_FILE                          ; db/thesis_v1.ram0_img_tmp_bram_bc9f8165.hdl.mif ; Untyped                      ;
; INIT_FILE_LAYOUT                   ; PORT_A                                          ; Untyped                      ;
; MAXIMUM_DEPTH                      ; 0                                               ; Untyped                      ;
; CLOCK_ENABLE_INPUT_A               ; NORMAL                                          ; Untyped                      ;
; CLOCK_ENABLE_INPUT_B               ; NORMAL                                          ; Untyped                      ;
; CLOCK_ENABLE_OUTPUT_A              ; NORMAL                                          ; Untyped                      ;
; CLOCK_ENABLE_OUTPUT_B              ; NORMAL                                          ; Untyped                      ;
; CLOCK_ENABLE_CORE_A                ; USE_INPUT_CLKEN                                 ; Untyped                      ;
; CLOCK_ENABLE_CORE_B                ; USE_INPUT_CLKEN                                 ; Untyped                      ;
; ENABLE_ECC                         ; FALSE                                           ; Untyped                      ;
; ECC_PIPELINE_STAGE_ENABLED         ; FALSE                                           ; Untyped                      ;
; WIDTH_ECCSTATUS                    ; 3                                               ; Untyped                      ;
; DEVICE_FAMILY                      ; Cyclone V                                       ; Untyped                      ;
; CBXI_PARAMETER                     ; altsyncram_q3t1                                 ; Untyped                      ;
+------------------------------------+-------------------------------------------------+------------------------------+
Note: In order to hide this table in the UI and the text report file, please set the "Show Parameter Settings in Synthesis Report" option in "Analysis and Synthesis Settings -> More Settings" to "Off".


+---------------------------------------------------------------------------------------------------------------------+
; Parameter Settings for Inferred Entity Instance: soc_top:u_soc_top|img_out_bram:u_img_out_bram|altsyncram:mem_rtl_0 ;
+------------------------------------+-------------------------------------------------+------------------------------+
; Parameter Name                     ; Value                                           ; Type                         ;
+------------------------------------+-------------------------------------------------+------------------------------+
; BYTE_SIZE_BLOCK                    ; 8                                               ; Untyped                      ;
; AUTO_CARRY_CHAINS                  ; ON                                              ; AUTO_CARRY                   ;
; IGNORE_CARRY_BUFFERS               ; OFF                                             ; IGNORE_CARRY                 ;
; AUTO_CASCADE_CHAINS                ; ON                                              ; AUTO_CASCADE                 ;
; IGNORE_CASCADE_BUFFERS             ; OFF                                             ; IGNORE_CASCADE               ;
; WIDTH_BYTEENA                      ; 1                                               ; Untyped                      ;
; OPERATION_MODE                     ; BIDIR_DUAL_PORT                                 ; Untyped                      ;
; WIDTH_A                            ; 32                                              ; Untyped                      ;
; WIDTHAD_A                          ; 14                                              ; Untyped                      ;
; NUMWORDS_A                         ; 16384                                           ; Untyped                      ;
; OUTDATA_REG_A                      ; UNREGISTERED                                    ; Untyped                      ;
; ADDRESS_ACLR_A                     ; NONE                                            ; Untyped                      ;
; OUTDATA_ACLR_A                     ; NONE                                            ; Untyped                      ;
; WRCONTROL_ACLR_A                   ; NONE                                            ; Untyped                      ;
; INDATA_ACLR_A                      ; NONE                                            ; Untyped                      ;
; BYTEENA_ACLR_A                     ; NONE                                            ; Untyped                      ;
; WIDTH_B                            ; 32                                              ; Untyped                      ;
; WIDTHAD_B                          ; 14                                              ; Untyped                      ;
; NUMWORDS_B                         ; 16384                                           ; Untyped                      ;
; INDATA_REG_B                       ; CLOCK0                                          ; Untyped                      ;
; WRCONTROL_WRADDRESS_REG_B          ; CLOCK0                                          ; Untyped                      ;
; RDCONTROL_REG_B                    ; CLOCK1                                          ; Untyped                      ;
; ADDRESS_REG_B                      ; CLOCK0                                          ; Untyped                      ;
; OUTDATA_REG_B                      ; UNREGISTERED                                    ; Untyped                      ;
; BYTEENA_REG_B                      ; CLOCK1                                          ; Untyped                      ;
; INDATA_ACLR_B                      ; NONE                                            ; Untyped                      ;
; WRCONTROL_ACLR_B                   ; NONE                                            ; Untyped                      ;
; ADDRESS_ACLR_B                     ; NONE                                            ; Untyped                      ;
; OUTDATA_ACLR_B                     ; NONE                                            ; Untyped                      ;
; RDCONTROL_ACLR_B                   ; NONE                                            ; Untyped                      ;
; BYTEENA_ACLR_B                     ; NONE                                            ; Untyped                      ;
; WIDTH_BYTEENA_A                    ; 1                                               ; Untyped                      ;
; WIDTH_BYTEENA_B                    ; 1                                               ; Untyped                      ;
; RAM_BLOCK_TYPE                     ; M10K                                            ; Untyped                      ;
; BYTE_SIZE                          ; 8                                               ; Untyped                      ;
; READ_DURING_WRITE_MODE_MIXED_PORTS ; DONT_CARE                                       ; Untyped                      ;
; READ_DURING_WRITE_MODE_PORT_A      ; NEW_DATA_NO_NBE_READ                            ; Untyped                      ;
; READ_DURING_WRITE_MODE_PORT_B      ; NEW_DATA_NO_NBE_READ                            ; Untyped                      ;
; INIT_FILE                          ; db/thesis_v1.ram0_img_out_bram_7d49a78e.hdl.mif ; Untyped                      ;
; INIT_FILE_LAYOUT                   ; PORT_A                                          ; Untyped                      ;
; MAXIMUM_DEPTH                      ; 0                                               ; Untyped                      ;
; CLOCK_ENABLE_INPUT_A               ; NORMAL                                          ; Untyped                      ;
; CLOCK_ENABLE_INPUT_B               ; NORMAL                                          ; Untyped                      ;
; CLOCK_ENABLE_OUTPUT_A              ; NORMAL                                          ; Untyped                      ;
; CLOCK_ENABLE_OUTPUT_B              ; NORMAL                                          ; Untyped                      ;
; CLOCK_ENABLE_CORE_A                ; USE_INPUT_CLKEN                                 ; Untyped                      ;
; CLOCK_ENABLE_CORE_B                ; USE_INPUT_CLKEN                                 ; Untyped                      ;
; ENABLE_ECC                         ; FALSE                                           ; Untyped                      ;
; ECC_PIPELINE_STAGE_ENABLED         ; FALSE                                           ; Untyped                      ;
; WIDTH_ECCSTATUS                    ; 3                                               ; Untyped                      ;
; DEVICE_FAMILY                      ; Cyclone V                                       ; Untyped                      ;
; CBXI_PARAMETER                     ; altsyncram_5252                                 ; Untyped                      ;
+------------------------------------+-------------------------------------------------+------------------------------+
Note: In order to hide this table in the UI and the text report file, please set the "Show Parameter Settings in Synthesis Report" option in "Analysis and Synthesis Settings -> More Settings" to "Off".


+-------------------------------------------------------------------------------------------------------------------+
; Parameter Settings for Inferred Entity Instance: soc_top:u_soc_top|img_in_bram:u_img_in_bram|altsyncram:mem_rtl_0 ;
+------------------------------------+------------------------------------------------+-----------------------------+
; Parameter Name                     ; Value                                          ; Type                        ;
+------------------------------------+------------------------------------------------+-----------------------------+
; BYTE_SIZE_BLOCK                    ; 8                                              ; Untyped                     ;
; AUTO_CARRY_CHAINS                  ; ON                                             ; AUTO_CARRY                  ;
; IGNORE_CARRY_BUFFERS               ; OFF                                            ; IGNORE_CARRY                ;
; AUTO_CASCADE_CHAINS                ; ON                                             ; AUTO_CASCADE                ;
; IGNORE_CASCADE_BUFFERS             ; OFF                                            ; IGNORE_CASCADE              ;
; WIDTH_BYTEENA                      ; 1                                              ; Untyped                     ;
; OPERATION_MODE                     ; BIDIR_DUAL_PORT                                ; Untyped                     ;
; WIDTH_A                            ; 32                                             ; Untyped                     ;
; WIDTHAD_A                          ; 14                                             ; Untyped                     ;
; NUMWORDS_A                         ; 16384                                          ; Untyped                     ;
; OUTDATA_REG_A                      ; UNREGISTERED                                   ; Untyped                     ;
; ADDRESS_ACLR_A                     ; NONE                                           ; Untyped                     ;
; OUTDATA_ACLR_A                     ; NONE                                           ; Untyped                     ;
; WRCONTROL_ACLR_A                   ; NONE                                           ; Untyped                     ;
; INDATA_ACLR_A                      ; NONE                                           ; Untyped                     ;
; BYTEENA_ACLR_A                     ; NONE                                           ; Untyped                     ;
; WIDTH_B                            ; 32                                             ; Untyped                     ;
; WIDTHAD_B                          ; 14                                             ; Untyped                     ;
; NUMWORDS_B                         ; 16384                                          ; Untyped                     ;
; INDATA_REG_B                       ; CLOCK0                                         ; Untyped                     ;
; WRCONTROL_WRADDRESS_REG_B          ; CLOCK0                                         ; Untyped                     ;
; RDCONTROL_REG_B                    ; CLOCK1                                         ; Untyped                     ;
; ADDRESS_REG_B                      ; CLOCK0                                         ; Untyped                     ;
; OUTDATA_REG_B                      ; UNREGISTERED                                   ; Untyped                     ;
; BYTEENA_REG_B                      ; CLOCK1                                         ; Untyped                     ;
; INDATA_ACLR_B                      ; NONE                                           ; Untyped                     ;
; WRCONTROL_ACLR_B                   ; NONE                                           ; Untyped                     ;
; ADDRESS_ACLR_B                     ; NONE                                           ; Untyped                     ;
; OUTDATA_ACLR_B                     ; NONE                                           ; Untyped                     ;
; RDCONTROL_ACLR_B                   ; NONE                                           ; Untyped                     ;
; BYTEENA_ACLR_B                     ; NONE                                           ; Untyped                     ;
; WIDTH_BYTEENA_A                    ; 1                                              ; Untyped                     ;
; WIDTH_BYTEENA_B                    ; 1                                              ; Untyped                     ;
; RAM_BLOCK_TYPE                     ; M10K                                           ; Untyped                     ;
; BYTE_SIZE                          ; 8                                              ; Untyped                     ;
; READ_DURING_WRITE_MODE_MIXED_PORTS ; DONT_CARE                                      ; Untyped                     ;
; READ_DURING_WRITE_MODE_PORT_A      ; NEW_DATA_NO_NBE_READ                           ; Untyped                     ;
; READ_DURING_WRITE_MODE_PORT_B      ; NEW_DATA_NO_NBE_READ                           ; Untyped                     ;
; INIT_FILE                          ; db/thesis_v1.ram0_img_in_bram_b0270046.hdl.mif ; Untyped                     ;
; INIT_FILE_LAYOUT                   ; PORT_A                                         ; Untyped                     ;
; MAXIMUM_DEPTH                      ; 0                                              ; Untyped                     ;
; CLOCK_ENABLE_INPUT_A               ; NORMAL                                         ; Untyped                     ;
; CLOCK_ENABLE_INPUT_B               ; NORMAL                                         ; Untyped                     ;
; CLOCK_ENABLE_OUTPUT_A              ; NORMAL                                         ; Untyped                     ;
; CLOCK_ENABLE_OUTPUT_B              ; NORMAL                                         ; Untyped                     ;
; CLOCK_ENABLE_CORE_A                ; USE_INPUT_CLKEN                                ; Untyped                     ;
; CLOCK_ENABLE_CORE_B                ; USE_INPUT_CLKEN                                ; Untyped                     ;
; ENABLE_ECC                         ; FALSE                                          ; Untyped                     ;
; ECC_PIPELINE_STAGE_ENABLED         ; FALSE                                          ; Untyped                     ;
; WIDTH_ECCSTATUS                    ; 3                                              ; Untyped                     ;
; DEVICE_FAMILY                      ; Cyclone V                                      ; Untyped                     ;
; CBXI_PARAMETER                     ; altsyncram_6h32                                ; Untyped                     ;
+------------------------------------+------------------------------------------------+-----------------------------+
Note: In order to hide this table in the UI and the text report file, please set the "Show Parameter Settings in Synthesis Report" option in "Analysis and Synthesis Settings -> More Settings" to "Off".


+---------------------------------------------------------------------------------------------------------------------------------------------------------------------------------------------------------------------------------------------------+
; Parameter Settings for Inferred Entity Instance: soc_top:u_soc_top|ipu_core:u_ipu_core|haze_removal_top:u_haze_removal_top|haze_removal_core:u_core|adc_estimation:u_adc_estimation|adc_line_buffer_5x5:u_line_buf_mc|altsyncram:line_buf_0_rtl_0 ;
+------------------------------------+--------------------------------------------------------+-----------------------------------------------------------------------------------------------------------------------------------------------------+
; Parameter Name                     ; Value                                                  ; Type                                                                                                                                                ;
+------------------------------------+--------------------------------------------------------+-----------------------------------------------------------------------------------------------------------------------------------------------------+
; BYTE_SIZE_BLOCK                    ; 8                                                      ; Untyped                                                                                                                                             ;
; AUTO_CARRY_CHAINS                  ; ON                                                     ; AUTO_CARRY                                                                                                                                          ;
; IGNORE_CARRY_BUFFERS               ; OFF                                                    ; IGNORE_CARRY                                                                                                                                        ;
; AUTO_CASCADE_CHAINS                ; ON                                                     ; AUTO_CASCADE                                                                                                                                        ;
; IGNORE_CASCADE_BUFFERS             ; OFF                                                    ; IGNORE_CASCADE                                                                                                                                      ;
; WIDTH_BYTEENA                      ; 1                                                      ; Untyped                                                                                                                                             ;
; OPERATION_MODE                     ; DUAL_PORT                                              ; Untyped                                                                                                                                             ;
; WIDTH_A                            ; 8                                                      ; Untyped                                                                                                                                             ;
; WIDTHAD_A                          ; 7                                                      ; Untyped                                                                                                                                             ;
; NUMWORDS_A                         ; 128                                                    ; Untyped                                                                                                                                             ;
; OUTDATA_REG_A                      ; UNREGISTERED                                           ; Untyped                                                                                                                                             ;
; ADDRESS_ACLR_A                     ; NONE                                                   ; Untyped                                                                                                                                             ;
; OUTDATA_ACLR_A                     ; NONE                                                   ; Untyped                                                                                                                                             ;
; WRCONTROL_ACLR_A                   ; NONE                                                   ; Untyped                                                                                                                                             ;
; INDATA_ACLR_A                      ; NONE                                                   ; Untyped                                                                                                                                             ;
; BYTEENA_ACLR_A                     ; NONE                                                   ; Untyped                                                                                                                                             ;
; WIDTH_B                            ; 8                                                      ; Untyped                                                                                                                                             ;
; WIDTHAD_B                          ; 7                                                      ; Untyped                                                                                                                                             ;
; NUMWORDS_B                         ; 128                                                    ; Untyped                                                                                                                                             ;
; INDATA_REG_B                       ; CLOCK1                                                 ; Untyped                                                                                                                                             ;
; WRCONTROL_WRADDRESS_REG_B          ; CLOCK1                                                 ; Untyped                                                                                                                                             ;
; RDCONTROL_REG_B                    ; CLOCK1                                                 ; Untyped                                                                                                                                             ;
; ADDRESS_REG_B                      ; CLOCK1                                                 ; Untyped                                                                                                                                             ;
; OUTDATA_REG_B                      ; UNREGISTERED                                           ; Untyped                                                                                                                                             ;
; BYTEENA_REG_B                      ; CLOCK1                                                 ; Untyped                                                                                                                                             ;
; INDATA_ACLR_B                      ; NONE                                                   ; Untyped                                                                                                                                             ;
; WRCONTROL_ACLR_B                   ; NONE                                                   ; Untyped                                                                                                                                             ;
; ADDRESS_ACLR_B                     ; NONE                                                   ; Untyped                                                                                                                                             ;
; OUTDATA_ACLR_B                     ; NONE                                                   ; Untyped                                                                                                                                             ;
; RDCONTROL_ACLR_B                   ; NONE                                                   ; Untyped                                                                                                                                             ;
; BYTEENA_ACLR_B                     ; NONE                                                   ; Untyped                                                                                                                                             ;
; WIDTH_BYTEENA_A                    ; 1                                                      ; Untyped                                                                                                                                             ;
; WIDTH_BYTEENA_B                    ; 1                                                      ; Untyped                                                                                                                                             ;
; RAM_BLOCK_TYPE                     ; M10K                                                   ; Untyped                                                                                                                                             ;
; BYTE_SIZE                          ; 8                                                      ; Untyped                                                                                                                                             ;
; READ_DURING_WRITE_MODE_MIXED_PORTS ; DONT_CARE                                              ; Untyped                                                                                                                                             ;
; READ_DURING_WRITE_MODE_PORT_A      ; NEW_DATA_NO_NBE_READ                                   ; Untyped                                                                                                                                             ;
; READ_DURING_WRITE_MODE_PORT_B      ; NEW_DATA_NO_NBE_READ                                   ; Untyped                                                                                                                                             ;
; INIT_FILE                          ; db/thesis_v1.ram0_adc_line_buffer_5x5_b18addee.hdl.mif ; Untyped                                                                                                                                             ;
; INIT_FILE_LAYOUT                   ; PORT_A                                                 ; Untyped                                                                                                                                             ;
; MAXIMUM_DEPTH                      ; 0                                                      ; Untyped                                                                                                                                             ;
; CLOCK_ENABLE_INPUT_A               ; NORMAL                                                 ; Untyped                                                                                                                                             ;
; CLOCK_ENABLE_INPUT_B               ; NORMAL                                                 ; Untyped                                                                                                                                             ;
; CLOCK_ENABLE_OUTPUT_A              ; NORMAL                                                 ; Untyped                                                                                                                                             ;
; CLOCK_ENABLE_OUTPUT_B              ; NORMAL                                                 ; Untyped                                                                                                                                             ;
; CLOCK_ENABLE_CORE_A                ; USE_INPUT_CLKEN                                        ; Untyped                                                                                                                                             ;
; CLOCK_ENABLE_CORE_B                ; USE_INPUT_CLKEN                                        ; Untyped                                                                                                                                             ;
; ENABLE_ECC                         ; FALSE                                                  ; Untyped                                                                                                                                             ;
; ECC_PIPELINE_STAGE_ENABLED         ; FALSE                                                  ; Untyped                                                                                                                                             ;
; WIDTH_ECCSTATUS                    ; 3                                                      ; Untyped                                                                                                                                             ;
; DEVICE_FAMILY                      ; Cyclone V                                              ; Untyped                                                                                                                                             ;
; CBXI_PARAMETER                     ; altsyncram_1ur1                                        ; Untyped                                                                                                                                             ;
+------------------------------------+--------------------------------------------------------+-----------------------------------------------------------------------------------------------------------------------------------------------------+
Note: In order to hide this table in the UI and the text report file, please set the "Show Parameter Settings in Synthesis Report" option in "Analysis and Synthesis Settings -> More Settings" to "Off".


+---------------------------------------------------------------------------------------------------------------------------------------------------------------------------------------------------------------------------------------------------+
; Parameter Settings for Inferred Entity Instance: soc_top:u_soc_top|ipu_core:u_ipu_core|haze_removal_top:u_haze_removal_top|haze_removal_core:u_core|adc_estimation:u_adc_estimation|adc_line_buffer_5x5:u_line_buf_mc|altsyncram:line_buf_1_rtl_0 ;
+------------------------------------+--------------------------------------------------------+-----------------------------------------------------------------------------------------------------------------------------------------------------+
; Parameter Name                     ; Value                                                  ; Type                                                                                                                                                ;
+------------------------------------+--------------------------------------------------------+-----------------------------------------------------------------------------------------------------------------------------------------------------+
; BYTE_SIZE_BLOCK                    ; 8                                                      ; Untyped                                                                                                                                             ;
; AUTO_CARRY_CHAINS                  ; ON                                                     ; AUTO_CARRY                                                                                                                                          ;
; IGNORE_CARRY_BUFFERS               ; OFF                                                    ; IGNORE_CARRY                                                                                                                                        ;
; AUTO_CASCADE_CHAINS                ; ON                                                     ; AUTO_CASCADE                                                                                                                                        ;
; IGNORE_CASCADE_BUFFERS             ; OFF                                                    ; IGNORE_CASCADE                                                                                                                                      ;
; WIDTH_BYTEENA                      ; 1                                                      ; Untyped                                                                                                                                             ;
; OPERATION_MODE                     ; DUAL_PORT                                              ; Untyped                                                                                                                                             ;
; WIDTH_A                            ; 8                                                      ; Untyped                                                                                                                                             ;
; WIDTHAD_A                          ; 7                                                      ; Untyped                                                                                                                                             ;
; NUMWORDS_A                         ; 128                                                    ; Untyped                                                                                                                                             ;
; OUTDATA_REG_A                      ; UNREGISTERED                                           ; Untyped                                                                                                                                             ;
; ADDRESS_ACLR_A                     ; NONE                                                   ; Untyped                                                                                                                                             ;
; OUTDATA_ACLR_A                     ; NONE                                                   ; Untyped                                                                                                                                             ;
; WRCONTROL_ACLR_A                   ; NONE                                                   ; Untyped                                                                                                                                             ;
; INDATA_ACLR_A                      ; NONE                                                   ; Untyped                                                                                                                                             ;
; BYTEENA_ACLR_A                     ; NONE                                                   ; Untyped                                                                                                                                             ;
; WIDTH_B                            ; 8                                                      ; Untyped                                                                                                                                             ;
; WIDTHAD_B                          ; 7                                                      ; Untyped                                                                                                                                             ;
; NUMWORDS_B                         ; 128                                                    ; Untyped                                                                                                                                             ;
; INDATA_REG_B                       ; CLOCK1                                                 ; Untyped                                                                                                                                             ;
; WRCONTROL_WRADDRESS_REG_B          ; CLOCK1                                                 ; Untyped                                                                                                                                             ;
; RDCONTROL_REG_B                    ; CLOCK1                                                 ; Untyped                                                                                                                                             ;
; ADDRESS_REG_B                      ; CLOCK1                                                 ; Untyped                                                                                                                                             ;
; OUTDATA_REG_B                      ; UNREGISTERED                                           ; Untyped                                                                                                                                             ;
; BYTEENA_REG_B                      ; CLOCK1                                                 ; Untyped                                                                                                                                             ;
; INDATA_ACLR_B                      ; NONE                                                   ; Untyped                                                                                                                                             ;
; WRCONTROL_ACLR_B                   ; NONE                                                   ; Untyped                                                                                                                                             ;
; ADDRESS_ACLR_B                     ; NONE                                                   ; Untyped                                                                                                                                             ;
; OUTDATA_ACLR_B                     ; NONE                                                   ; Untyped                                                                                                                                             ;
; RDCONTROL_ACLR_B                   ; NONE                                                   ; Untyped                                                                                                                                             ;
; BYTEENA_ACLR_B                     ; NONE                                                   ; Untyped                                                                                                                                             ;
; WIDTH_BYTEENA_A                    ; 1                                                      ; Untyped                                                                                                                                             ;
; WIDTH_BYTEENA_B                    ; 1                                                      ; Untyped                                                                                                                                             ;
; RAM_BLOCK_TYPE                     ; M10K                                                   ; Untyped                                                                                                                                             ;
; BYTE_SIZE                          ; 8                                                      ; Untyped                                                                                                                                             ;
; READ_DURING_WRITE_MODE_MIXED_PORTS ; DONT_CARE                                              ; Untyped                                                                                                                                             ;
; READ_DURING_WRITE_MODE_PORT_A      ; NEW_DATA_NO_NBE_READ                                   ; Untyped                                                                                                                                             ;
; READ_DURING_WRITE_MODE_PORT_B      ; NEW_DATA_NO_NBE_READ                                   ; Untyped                                                                                                                                             ;
; INIT_FILE                          ; db/thesis_v1.ram1_adc_line_buffer_5x5_b18addee.hdl.mif ; Untyped                                                                                                                                             ;
; INIT_FILE_LAYOUT                   ; PORT_A                                                 ; Untyped                                                                                                                                             ;
; MAXIMUM_DEPTH                      ; 0                                                      ; Untyped                                                                                                                                             ;
; CLOCK_ENABLE_INPUT_A               ; NORMAL                                                 ; Untyped                                                                                                                                             ;
; CLOCK_ENABLE_INPUT_B               ; NORMAL                                                 ; Untyped                                                                                                                                             ;
; CLOCK_ENABLE_OUTPUT_A              ; NORMAL                                                 ; Untyped                                                                                                                                             ;
; CLOCK_ENABLE_OUTPUT_B              ; NORMAL                                                 ; Untyped                                                                                                                                             ;
; CLOCK_ENABLE_CORE_A                ; USE_INPUT_CLKEN                                        ; Untyped                                                                                                                                             ;
; CLOCK_ENABLE_CORE_B                ; USE_INPUT_CLKEN                                        ; Untyped                                                                                                                                             ;
; ENABLE_ECC                         ; FALSE                                                  ; Untyped                                                                                                                                             ;
; ECC_PIPELINE_STAGE_ENABLED         ; FALSE                                                  ; Untyped                                                                                                                                             ;
; WIDTH_ECCSTATUS                    ; 3                                                      ; Untyped                                                                                                                                             ;
; DEVICE_FAMILY                      ; Cyclone V                                              ; Untyped                                                                                                                                             ;
; CBXI_PARAMETER                     ; altsyncram_2ur1                                        ; Untyped                                                                                                                                             ;
+------------------------------------+--------------------------------------------------------+-----------------------------------------------------------------------------------------------------------------------------------------------------+
Note: In order to hide this table in the UI and the text report file, please set the "Show Parameter Settings in Synthesis Report" option in "Analysis and Synthesis Settings -> More Settings" to "Off".


+---------------------------------------------------------------------------------------------------------------------------------------------------------------------------------------------------------------------------------------------------+
; Parameter Settings for Inferred Entity Instance: soc_top:u_soc_top|ipu_core:u_ipu_core|haze_removal_top:u_haze_removal_top|haze_removal_core:u_core|adc_estimation:u_adc_estimation|adc_line_buffer_5x5:u_line_buf_mc|altsyncram:line_buf_2_rtl_0 ;
+------------------------------------+--------------------------------------------------------+-----------------------------------------------------------------------------------------------------------------------------------------------------+
; Parameter Name                     ; Value                                                  ; Type                                                                                                                                                ;
+------------------------------------+--------------------------------------------------------+-----------------------------------------------------------------------------------------------------------------------------------------------------+
; BYTE_SIZE_BLOCK                    ; 8                                                      ; Untyped                                                                                                                                             ;
; AUTO_CARRY_CHAINS                  ; ON                                                     ; AUTO_CARRY                                                                                                                                          ;
; IGNORE_CARRY_BUFFERS               ; OFF                                                    ; IGNORE_CARRY                                                                                                                                        ;
; AUTO_CASCADE_CHAINS                ; ON                                                     ; AUTO_CASCADE                                                                                                                                        ;
; IGNORE_CASCADE_BUFFERS             ; OFF                                                    ; IGNORE_CASCADE                                                                                                                                      ;
; WIDTH_BYTEENA                      ; 1                                                      ; Untyped                                                                                                                                             ;
; OPERATION_MODE                     ; DUAL_PORT                                              ; Untyped                                                                                                                                             ;
; WIDTH_A                            ; 8                                                      ; Untyped                                                                                                                                             ;
; WIDTHAD_A                          ; 7                                                      ; Untyped                                                                                                                                             ;
; NUMWORDS_A                         ; 128                                                    ; Untyped                                                                                                                                             ;
; OUTDATA_REG_A                      ; UNREGISTERED                                           ; Untyped                                                                                                                                             ;
; ADDRESS_ACLR_A                     ; NONE                                                   ; Untyped                                                                                                                                             ;
; OUTDATA_ACLR_A                     ; NONE                                                   ; Untyped                                                                                                                                             ;
; WRCONTROL_ACLR_A                   ; NONE                                                   ; Untyped                                                                                                                                             ;
; INDATA_ACLR_A                      ; NONE                                                   ; Untyped                                                                                                                                             ;
; BYTEENA_ACLR_A                     ; NONE                                                   ; Untyped                                                                                                                                             ;
; WIDTH_B                            ; 8                                                      ; Untyped                                                                                                                                             ;
; WIDTHAD_B                          ; 7                                                      ; Untyped                                                                                                                                             ;
; NUMWORDS_B                         ; 128                                                    ; Untyped                                                                                                                                             ;
; INDATA_REG_B                       ; CLOCK1                                                 ; Untyped                                                                                                                                             ;
; WRCONTROL_WRADDRESS_REG_B          ; CLOCK1                                                 ; Untyped                                                                                                                                             ;
; RDCONTROL_REG_B                    ; CLOCK1                                                 ; Untyped                                                                                                                                             ;
; ADDRESS_REG_B                      ; CLOCK1                                                 ; Untyped                                                                                                                                             ;
; OUTDATA_REG_B                      ; UNREGISTERED                                           ; Untyped                                                                                                                                             ;
; BYTEENA_REG_B                      ; CLOCK1                                                 ; Untyped                                                                                                                                             ;
; INDATA_ACLR_B                      ; NONE                                                   ; Untyped                                                                                                                                             ;
; WRCONTROL_ACLR_B                   ; NONE                                                   ; Untyped                                                                                                                                             ;
; ADDRESS_ACLR_B                     ; NONE                                                   ; Untyped                                                                                                                                             ;
; OUTDATA_ACLR_B                     ; NONE                                                   ; Untyped                                                                                                                                             ;
; RDCONTROL_ACLR_B                   ; NONE                                                   ; Untyped                                                                                                                                             ;
; BYTEENA_ACLR_B                     ; NONE                                                   ; Untyped                                                                                                                                             ;
; WIDTH_BYTEENA_A                    ; 1                                                      ; Untyped                                                                                                                                             ;
; WIDTH_BYTEENA_B                    ; 1                                                      ; Untyped                                                                                                                                             ;
; RAM_BLOCK_TYPE                     ; M10K                                                   ; Untyped                                                                                                                                             ;
; BYTE_SIZE                          ; 8                                                      ; Untyped                                                                                                                                             ;
; READ_DURING_WRITE_MODE_MIXED_PORTS ; DONT_CARE                                              ; Untyped                                                                                                                                             ;
; READ_DURING_WRITE_MODE_PORT_A      ; NEW_DATA_NO_NBE_READ                                   ; Untyped                                                                                                                                             ;
; READ_DURING_WRITE_MODE_PORT_B      ; NEW_DATA_NO_NBE_READ                                   ; Untyped                                                                                                                                             ;
; INIT_FILE                          ; db/thesis_v1.ram2_adc_line_buffer_5x5_b18addee.hdl.mif ; Untyped                                                                                                                                             ;
; INIT_FILE_LAYOUT                   ; PORT_A                                                 ; Untyped                                                                                                                                             ;
; MAXIMUM_DEPTH                      ; 0                                                      ; Untyped                                                                                                                                             ;
; CLOCK_ENABLE_INPUT_A               ; NORMAL                                                 ; Untyped                                                                                                                                             ;
; CLOCK_ENABLE_INPUT_B               ; NORMAL                                                 ; Untyped                                                                                                                                             ;
; CLOCK_ENABLE_OUTPUT_A              ; NORMAL                                                 ; Untyped                                                                                                                                             ;
; CLOCK_ENABLE_OUTPUT_B              ; NORMAL                                                 ; Untyped                                                                                                                                             ;
; CLOCK_ENABLE_CORE_A                ; USE_INPUT_CLKEN                                        ; Untyped                                                                                                                                             ;
; CLOCK_ENABLE_CORE_B                ; USE_INPUT_CLKEN                                        ; Untyped                                                                                                                                             ;
; ENABLE_ECC                         ; FALSE                                                  ; Untyped                                                                                                                                             ;
; ECC_PIPELINE_STAGE_ENABLED         ; FALSE                                                  ; Untyped                                                                                                                                             ;
; WIDTH_ECCSTATUS                    ; 3                                                      ; Untyped                                                                                                                                             ;
; DEVICE_FAMILY                      ; Cyclone V                                              ; Untyped                                                                                                                                             ;
; CBXI_PARAMETER                     ; altsyncram_3ur1                                        ; Untyped                                                                                                                                             ;
+------------------------------------+--------------------------------------------------------+-----------------------------------------------------------------------------------------------------------------------------------------------------+
Note: In order to hide this table in the UI and the text report file, please set the "Show Parameter Settings in Synthesis Report" option in "Analysis and Synthesis Settings -> More Settings" to "Off".


+---------------------------------------------------------------------------------------------------------------------------------------------------------------------------------------------------------------------------------------------------+
; Parameter Settings for Inferred Entity Instance: soc_top:u_soc_top|ipu_core:u_ipu_core|haze_removal_top:u_haze_removal_top|haze_removal_core:u_core|adc_estimation:u_adc_estimation|adc_line_buffer_5x5:u_line_buf_mc|altsyncram:line_buf_3_rtl_0 ;
+------------------------------------+--------------------------------------------------------+-----------------------------------------------------------------------------------------------------------------------------------------------------+
; Parameter Name                     ; Value                                                  ; Type                                                                                                                                                ;
+------------------------------------+--------------------------------------------------------+-----------------------------------------------------------------------------------------------------------------------------------------------------+
; BYTE_SIZE_BLOCK                    ; 8                                                      ; Untyped                                                                                                                                             ;
; AUTO_CARRY_CHAINS                  ; ON                                                     ; AUTO_CARRY                                                                                                                                          ;
; IGNORE_CARRY_BUFFERS               ; OFF                                                    ; IGNORE_CARRY                                                                                                                                        ;
; AUTO_CASCADE_CHAINS                ; ON                                                     ; AUTO_CASCADE                                                                                                                                        ;
; IGNORE_CASCADE_BUFFERS             ; OFF                                                    ; IGNORE_CASCADE                                                                                                                                      ;
; WIDTH_BYTEENA                      ; 1                                                      ; Untyped                                                                                                                                             ;
; OPERATION_MODE                     ; DUAL_PORT                                              ; Untyped                                                                                                                                             ;
; WIDTH_A                            ; 8                                                      ; Untyped                                                                                                                                             ;
; WIDTHAD_A                          ; 7                                                      ; Untyped                                                                                                                                             ;
; NUMWORDS_A                         ; 128                                                    ; Untyped                                                                                                                                             ;
; OUTDATA_REG_A                      ; UNREGISTERED                                           ; Untyped                                                                                                                                             ;
; ADDRESS_ACLR_A                     ; NONE                                                   ; Untyped                                                                                                                                             ;
; OUTDATA_ACLR_A                     ; NONE                                                   ; Untyped                                                                                                                                             ;
; WRCONTROL_ACLR_A                   ; NONE                                                   ; Untyped                                                                                                                                             ;
; INDATA_ACLR_A                      ; NONE                                                   ; Untyped                                                                                                                                             ;
; BYTEENA_ACLR_A                     ; NONE                                                   ; Untyped                                                                                                                                             ;
; WIDTH_B                            ; 8                                                      ; Untyped                                                                                                                                             ;
; WIDTHAD_B                          ; 7                                                      ; Untyped                                                                                                                                             ;
; NUMWORDS_B                         ; 128                                                    ; Untyped                                                                                                                                             ;
; INDATA_REG_B                       ; CLOCK1                                                 ; Untyped                                                                                                                                             ;
; WRCONTROL_WRADDRESS_REG_B          ; CLOCK1                                                 ; Untyped                                                                                                                                             ;
; RDCONTROL_REG_B                    ; CLOCK1                                                 ; Untyped                                                                                                                                             ;
; ADDRESS_REG_B                      ; CLOCK1                                                 ; Untyped                                                                                                                                             ;
; OUTDATA_REG_B                      ; UNREGISTERED                                           ; Untyped                                                                                                                                             ;
; BYTEENA_REG_B                      ; CLOCK1                                                 ; Untyped                                                                                                                                             ;
; INDATA_ACLR_B                      ; NONE                                                   ; Untyped                                                                                                                                             ;
; WRCONTROL_ACLR_B                   ; NONE                                                   ; Untyped                                                                                                                                             ;
; ADDRESS_ACLR_B                     ; NONE                                                   ; Untyped                                                                                                                                             ;
; OUTDATA_ACLR_B                     ; NONE                                                   ; Untyped                                                                                                                                             ;
; RDCONTROL_ACLR_B                   ; NONE                                                   ; Untyped                                                                                                                                             ;
; BYTEENA_ACLR_B                     ; NONE                                                   ; Untyped                                                                                                                                             ;
; WIDTH_BYTEENA_A                    ; 1                                                      ; Untyped                                                                                                                                             ;
; WIDTH_BYTEENA_B                    ; 1                                                      ; Untyped                                                                                                                                             ;
; RAM_BLOCK_TYPE                     ; M10K                                                   ; Untyped                                                                                                                                             ;
; BYTE_SIZE                          ; 8                                                      ; Untyped                                                                                                                                             ;
; READ_DURING_WRITE_MODE_MIXED_PORTS ; DONT_CARE                                              ; Untyped                                                                                                                                             ;
; READ_DURING_WRITE_MODE_PORT_A      ; NEW_DATA_NO_NBE_READ                                   ; Untyped                                                                                                                                             ;
; READ_DURING_WRITE_MODE_PORT_B      ; NEW_DATA_NO_NBE_READ                                   ; Untyped                                                                                                                                             ;
; INIT_FILE                          ; db/thesis_v1.ram3_adc_line_buffer_5x5_b18addee.hdl.mif ; Untyped                                                                                                                                             ;
; INIT_FILE_LAYOUT                   ; PORT_A                                                 ; Untyped                                                                                                                                             ;
; MAXIMUM_DEPTH                      ; 0                                                      ; Untyped                                                                                                                                             ;
; CLOCK_ENABLE_INPUT_A               ; NORMAL                                                 ; Untyped                                                                                                                                             ;
; CLOCK_ENABLE_INPUT_B               ; NORMAL                                                 ; Untyped                                                                                                                                             ;
; CLOCK_ENABLE_OUTPUT_A              ; NORMAL                                                 ; Untyped                                                                                                                                             ;
; CLOCK_ENABLE_OUTPUT_B              ; NORMAL                                                 ; Untyped                                                                                                                                             ;
; CLOCK_ENABLE_CORE_A                ; USE_INPUT_CLKEN                                        ; Untyped                                                                                                                                             ;
; CLOCK_ENABLE_CORE_B                ; USE_INPUT_CLKEN                                        ; Untyped                                                                                                                                             ;
; ENABLE_ECC                         ; FALSE                                                  ; Untyped                                                                                                                                             ;
; ECC_PIPELINE_STAGE_ENABLED         ; FALSE                                                  ; Untyped                                                                                                                                             ;
; WIDTH_ECCSTATUS                    ; 3                                                      ; Untyped                                                                                                                                             ;
; DEVICE_FAMILY                      ; Cyclone V                                              ; Untyped                                                                                                                                             ;
; CBXI_PARAMETER                     ; altsyncram_4ur1                                        ; Untyped                                                                                                                                             ;
+------------------------------------+--------------------------------------------------------+-----------------------------------------------------------------------------------------------------------------------------------------------------+
Note: In order to hide this table in the UI and the text report file, please set the "Show Parameter Settings in Synthesis Report" option in "Analysis and Synthesis Settings -> More Settings" to "Off".


+-----------------------------------------------------------------------------------------------------------------------------------------------------------------------------------------------------------------------------------------------------+
; Parameter Settings for Inferred Entity Instance: soc_top:u_soc_top|ipu_core:u_ipu_core|haze_removal_top:u_haze_removal_top|haze_removal_core:u_core|adc_estimation:u_adc_estimation|adc_line_buffer_5x5:u_line_buf_gray|altsyncram:line_buf_0_rtl_0 ;
+------------------------------------+--------------------------------------------------------+-------------------------------------------------------------------------------------------------------------------------------------------------------+
; Parameter Name                     ; Value                                                  ; Type                                                                                                                                                  ;
+------------------------------------+--------------------------------------------------------+-------------------------------------------------------------------------------------------------------------------------------------------------------+
; BYTE_SIZE_BLOCK                    ; 8                                                      ; Untyped                                                                                                                                               ;
; AUTO_CARRY_CHAINS                  ; ON                                                     ; AUTO_CARRY                                                                                                                                            ;
; IGNORE_CARRY_BUFFERS               ; OFF                                                    ; IGNORE_CARRY                                                                                                                                          ;
; AUTO_CASCADE_CHAINS                ; ON                                                     ; AUTO_CASCADE                                                                                                                                          ;
; IGNORE_CASCADE_BUFFERS             ; OFF                                                    ; IGNORE_CASCADE                                                                                                                                        ;
; WIDTH_BYTEENA                      ; 1                                                      ; Untyped                                                                                                                                               ;
; OPERATION_MODE                     ; DUAL_PORT                                              ; Untyped                                                                                                                                               ;
; WIDTH_A                            ; 8                                                      ; Untyped                                                                                                                                               ;
; WIDTHAD_A                          ; 7                                                      ; Untyped                                                                                                                                               ;
; NUMWORDS_A                         ; 128                                                    ; Untyped                                                                                                                                               ;
; OUTDATA_REG_A                      ; UNREGISTERED                                           ; Untyped                                                                                                                                               ;
; ADDRESS_ACLR_A                     ; NONE                                                   ; Untyped                                                                                                                                               ;
; OUTDATA_ACLR_A                     ; NONE                                                   ; Untyped                                                                                                                                               ;
; WRCONTROL_ACLR_A                   ; NONE                                                   ; Untyped                                                                                                                                               ;
; INDATA_ACLR_A                      ; NONE                                                   ; Untyped                                                                                                                                               ;
; BYTEENA_ACLR_A                     ; NONE                                                   ; Untyped                                                                                                                                               ;
; WIDTH_B                            ; 8                                                      ; Untyped                                                                                                                                               ;
; WIDTHAD_B                          ; 7                                                      ; Untyped                                                                                                                                               ;
; NUMWORDS_B                         ; 128                                                    ; Untyped                                                                                                                                               ;
; INDATA_REG_B                       ; CLOCK1                                                 ; Untyped                                                                                                                                               ;
; WRCONTROL_WRADDRESS_REG_B          ; CLOCK1                                                 ; Untyped                                                                                                                                               ;
; RDCONTROL_REG_B                    ; CLOCK1                                                 ; Untyped                                                                                                                                               ;
; ADDRESS_REG_B                      ; CLOCK1                                                 ; Untyped                                                                                                                                               ;
; OUTDATA_REG_B                      ; UNREGISTERED                                           ; Untyped                                                                                                                                               ;
; BYTEENA_REG_B                      ; CLOCK1                                                 ; Untyped                                                                                                                                               ;
; INDATA_ACLR_B                      ; NONE                                                   ; Untyped                                                                                                                                               ;
; WRCONTROL_ACLR_B                   ; NONE                                                   ; Untyped                                                                                                                                               ;
; ADDRESS_ACLR_B                     ; NONE                                                   ; Untyped                                                                                                                                               ;
; OUTDATA_ACLR_B                     ; NONE                                                   ; Untyped                                                                                                                                               ;
; RDCONTROL_ACLR_B                   ; NONE                                                   ; Untyped                                                                                                                                               ;
; BYTEENA_ACLR_B                     ; NONE                                                   ; Untyped                                                                                                                                               ;
; WIDTH_BYTEENA_A                    ; 1                                                      ; Untyped                                                                                                                                               ;
; WIDTH_BYTEENA_B                    ; 1                                                      ; Untyped                                                                                                                                               ;
; RAM_BLOCK_TYPE                     ; M10K                                                   ; Untyped                                                                                                                                               ;
; BYTE_SIZE                          ; 8                                                      ; Untyped                                                                                                                                               ;
; READ_DURING_WRITE_MODE_MIXED_PORTS ; DONT_CARE                                              ; Untyped                                                                                                                                               ;
; READ_DURING_WRITE_MODE_PORT_A      ; NEW_DATA_NO_NBE_READ                                   ; Untyped                                                                                                                                               ;
; READ_DURING_WRITE_MODE_PORT_B      ; NEW_DATA_NO_NBE_READ                                   ; Untyped                                                                                                                                               ;
; INIT_FILE                          ; db/thesis_v1.ram0_adc_line_buffer_5x5_b18addee.hdl.mif ; Untyped                                                                                                                                               ;
; INIT_FILE_LAYOUT                   ; PORT_A                                                 ; Untyped                                                                                                                                               ;
; MAXIMUM_DEPTH                      ; 0                                                      ; Untyped                                                                                                                                               ;
; CLOCK_ENABLE_INPUT_A               ; NORMAL                                                 ; Untyped                                                                                                                                               ;
; CLOCK_ENABLE_INPUT_B               ; NORMAL                                                 ; Untyped                                                                                                                                               ;
; CLOCK_ENABLE_OUTPUT_A              ; NORMAL                                                 ; Untyped                                                                                                                                               ;
; CLOCK_ENABLE_OUTPUT_B              ; NORMAL                                                 ; Untyped                                                                                                                                               ;
; CLOCK_ENABLE_CORE_A                ; USE_INPUT_CLKEN                                        ; Untyped                                                                                                                                               ;
; CLOCK_ENABLE_CORE_B                ; USE_INPUT_CLKEN                                        ; Untyped                                                                                                                                               ;
; ENABLE_ECC                         ; FALSE                                                  ; Untyped                                                                                                                                               ;
; ECC_PIPELINE_STAGE_ENABLED         ; FALSE                                                  ; Untyped                                                                                                                                               ;
; WIDTH_ECCSTATUS                    ; 3                                                      ; Untyped                                                                                                                                               ;
; DEVICE_FAMILY                      ; Cyclone V                                              ; Untyped                                                                                                                                               ;
; CBXI_PARAMETER                     ; altsyncram_1ur1                                        ; Untyped                                                                                                                                               ;
+------------------------------------+--------------------------------------------------------+-------------------------------------------------------------------------------------------------------------------------------------------------------+
Note: In order to hide this table in the UI and the text report file, please set the "Show Parameter Settings in Synthesis Report" option in "Analysis and Synthesis Settings -> More Settings" to "Off".


+-----------------------------------------------------------------------------------------------------------------------------------------------------------------------------------------------------------------------------------------------------+
; Parameter Settings for Inferred Entity Instance: soc_top:u_soc_top|ipu_core:u_ipu_core|haze_removal_top:u_haze_removal_top|haze_removal_core:u_core|adc_estimation:u_adc_estimation|adc_line_buffer_5x5:u_line_buf_gray|altsyncram:line_buf_1_rtl_0 ;
+------------------------------------+--------------------------------------------------------+-------------------------------------------------------------------------------------------------------------------------------------------------------+
; Parameter Name                     ; Value                                                  ; Type                                                                                                                                                  ;
+------------------------------------+--------------------------------------------------------+-------------------------------------------------------------------------------------------------------------------------------------------------------+
; BYTE_SIZE_BLOCK                    ; 8                                                      ; Untyped                                                                                                                                               ;
; AUTO_CARRY_CHAINS                  ; ON                                                     ; AUTO_CARRY                                                                                                                                            ;
; IGNORE_CARRY_BUFFERS               ; OFF                                                    ; IGNORE_CARRY                                                                                                                                          ;
; AUTO_CASCADE_CHAINS                ; ON                                                     ; AUTO_CASCADE                                                                                                                                          ;
; IGNORE_CASCADE_BUFFERS             ; OFF                                                    ; IGNORE_CASCADE                                                                                                                                        ;
; WIDTH_BYTEENA                      ; 1                                                      ; Untyped                                                                                                                                               ;
; OPERATION_MODE                     ; DUAL_PORT                                              ; Untyped                                                                                                                                               ;
; WIDTH_A                            ; 8                                                      ; Untyped                                                                                                                                               ;
; WIDTHAD_A                          ; 7                                                      ; Untyped                                                                                                                                               ;
; NUMWORDS_A                         ; 128                                                    ; Untyped                                                                                                                                               ;
; OUTDATA_REG_A                      ; UNREGISTERED                                           ; Untyped                                                                                                                                               ;
; ADDRESS_ACLR_A                     ; NONE                                                   ; Untyped                                                                                                                                               ;
; OUTDATA_ACLR_A                     ; NONE                                                   ; Untyped                                                                                                                                               ;
; WRCONTROL_ACLR_A                   ; NONE                                                   ; Untyped                                                                                                                                               ;
; INDATA_ACLR_A                      ; NONE                                                   ; Untyped                                                                                                                                               ;
; BYTEENA_ACLR_A                     ; NONE                                                   ; Untyped                                                                                                                                               ;
; WIDTH_B                            ; 8                                                      ; Untyped                                                                                                                                               ;
; WIDTHAD_B                          ; 7                                                      ; Untyped                                                                                                                                               ;
; NUMWORDS_B                         ; 128                                                    ; Untyped                                                                                                                                               ;
; INDATA_REG_B                       ; CLOCK1                                                 ; Untyped                                                                                                                                               ;
; WRCONTROL_WRADDRESS_REG_B          ; CLOCK1                                                 ; Untyped                                                                                                                                               ;
; RDCONTROL_REG_B                    ; CLOCK1                                                 ; Untyped                                                                                                                                               ;
; ADDRESS_REG_B                      ; CLOCK1                                                 ; Untyped                                                                                                                                               ;
; OUTDATA_REG_B                      ; UNREGISTERED                                           ; Untyped                                                                                                                                               ;
; BYTEENA_REG_B                      ; CLOCK1                                                 ; Untyped                                                                                                                                               ;
; INDATA_ACLR_B                      ; NONE                                                   ; Untyped                                                                                                                                               ;
; WRCONTROL_ACLR_B                   ; NONE                                                   ; Untyped                                                                                                                                               ;
; ADDRESS_ACLR_B                     ; NONE                                                   ; Untyped                                                                                                                                               ;
; OUTDATA_ACLR_B                     ; NONE                                                   ; Untyped                                                                                                                                               ;
; RDCONTROL_ACLR_B                   ; NONE                                                   ; Untyped                                                                                                                                               ;
; BYTEENA_ACLR_B                     ; NONE                                                   ; Untyped                                                                                                                                               ;
; WIDTH_BYTEENA_A                    ; 1                                                      ; Untyped                                                                                                                                               ;
; WIDTH_BYTEENA_B                    ; 1                                                      ; Untyped                                                                                                                                               ;
; RAM_BLOCK_TYPE                     ; M10K                                                   ; Untyped                                                                                                                                               ;
; BYTE_SIZE                          ; 8                                                      ; Untyped                                                                                                                                               ;
; READ_DURING_WRITE_MODE_MIXED_PORTS ; DONT_CARE                                              ; Untyped                                                                                                                                               ;
; READ_DURING_WRITE_MODE_PORT_A      ; NEW_DATA_NO_NBE_READ                                   ; Untyped                                                                                                                                               ;
; READ_DURING_WRITE_MODE_PORT_B      ; NEW_DATA_NO_NBE_READ                                   ; Untyped                                                                                                                                               ;
; INIT_FILE                          ; db/thesis_v1.ram1_adc_line_buffer_5x5_b18addee.hdl.mif ; Untyped                                                                                                                                               ;
; INIT_FILE_LAYOUT                   ; PORT_A                                                 ; Untyped                                                                                                                                               ;
; MAXIMUM_DEPTH                      ; 0                                                      ; Untyped                                                                                                                                               ;
; CLOCK_ENABLE_INPUT_A               ; NORMAL                                                 ; Untyped                                                                                                                                               ;
; CLOCK_ENABLE_INPUT_B               ; NORMAL                                                 ; Untyped                                                                                                                                               ;
; CLOCK_ENABLE_OUTPUT_A              ; NORMAL                                                 ; Untyped                                                                                                                                               ;
; CLOCK_ENABLE_OUTPUT_B              ; NORMAL                                                 ; Untyped                                                                                                                                               ;
; CLOCK_ENABLE_CORE_A                ; USE_INPUT_CLKEN                                        ; Untyped                                                                                                                                               ;
; CLOCK_ENABLE_CORE_B                ; USE_INPUT_CLKEN                                        ; Untyped                                                                                                                                               ;
; ENABLE_ECC                         ; FALSE                                                  ; Untyped                                                                                                                                               ;
; ECC_PIPELINE_STAGE_ENABLED         ; FALSE                                                  ; Untyped                                                                                                                                               ;
; WIDTH_ECCSTATUS                    ; 3                                                      ; Untyped                                                                                                                                               ;
; DEVICE_FAMILY                      ; Cyclone V                                              ; Untyped                                                                                                                                               ;
; CBXI_PARAMETER                     ; altsyncram_2ur1                                        ; Untyped                                                                                                                                               ;
+------------------------------------+--------------------------------------------------------+-------------------------------------------------------------------------------------------------------------------------------------------------------+
Note: In order to hide this table in the UI and the text report file, please set the "Show Parameter Settings in Synthesis Report" option in "Analysis and Synthesis Settings -> More Settings" to "Off".


+-----------------------------------------------------------------------------------------------------------------------------------------------------------------------------------------------------------------------------------------------------+
; Parameter Settings for Inferred Entity Instance: soc_top:u_soc_top|ipu_core:u_ipu_core|haze_removal_top:u_haze_removal_top|haze_removal_core:u_core|adc_estimation:u_adc_estimation|adc_line_buffer_5x5:u_line_buf_gray|altsyncram:line_buf_2_rtl_0 ;
+------------------------------------+--------------------------------------------------------+-------------------------------------------------------------------------------------------------------------------------------------------------------+
; Parameter Name                     ; Value                                                  ; Type                                                                                                                                                  ;
+------------------------------------+--------------------------------------------------------+-------------------------------------------------------------------------------------------------------------------------------------------------------+
; BYTE_SIZE_BLOCK                    ; 8                                                      ; Untyped                                                                                                                                               ;
; AUTO_CARRY_CHAINS                  ; ON                                                     ; AUTO_CARRY                                                                                                                                            ;
; IGNORE_CARRY_BUFFERS               ; OFF                                                    ; IGNORE_CARRY                                                                                                                                          ;
; AUTO_CASCADE_CHAINS                ; ON                                                     ; AUTO_CASCADE                                                                                                                                          ;
; IGNORE_CASCADE_BUFFERS             ; OFF                                                    ; IGNORE_CASCADE                                                                                                                                        ;
; WIDTH_BYTEENA                      ; 1                                                      ; Untyped                                                                                                                                               ;
; OPERATION_MODE                     ; DUAL_PORT                                              ; Untyped                                                                                                                                               ;
; WIDTH_A                            ; 8                                                      ; Untyped                                                                                                                                               ;
; WIDTHAD_A                          ; 7                                                      ; Untyped                                                                                                                                               ;
; NUMWORDS_A                         ; 128                                                    ; Untyped                                                                                                                                               ;
; OUTDATA_REG_A                      ; UNREGISTERED                                           ; Untyped                                                                                                                                               ;
; ADDRESS_ACLR_A                     ; NONE                                                   ; Untyped                                                                                                                                               ;
; OUTDATA_ACLR_A                     ; NONE                                                   ; Untyped                                                                                                                                               ;
; WRCONTROL_ACLR_A                   ; NONE                                                   ; Untyped                                                                                                                                               ;
; INDATA_ACLR_A                      ; NONE                                                   ; Untyped                                                                                                                                               ;
; BYTEENA_ACLR_A                     ; NONE                                                   ; Untyped                                                                                                                                               ;
; WIDTH_B                            ; 8                                                      ; Untyped                                                                                                                                               ;
; WIDTHAD_B                          ; 7                                                      ; Untyped                                                                                                                                               ;
; NUMWORDS_B                         ; 128                                                    ; Untyped                                                                                                                                               ;
; INDATA_REG_B                       ; CLOCK1                                                 ; Untyped                                                                                                                                               ;
; WRCONTROL_WRADDRESS_REG_B          ; CLOCK1                                                 ; Untyped                                                                                                                                               ;
; RDCONTROL_REG_B                    ; CLOCK1                                                 ; Untyped                                                                                                                                               ;
; ADDRESS_REG_B                      ; CLOCK1                                                 ; Untyped                                                                                                                                               ;
; OUTDATA_REG_B                      ; UNREGISTERED                                           ; Untyped                                                                                                                                               ;
; BYTEENA_REG_B                      ; CLOCK1                                                 ; Untyped                                                                                                                                               ;
; INDATA_ACLR_B                      ; NONE                                                   ; Untyped                                                                                                                                               ;
; WRCONTROL_ACLR_B                   ; NONE                                                   ; Untyped                                                                                                                                               ;
; ADDRESS_ACLR_B                     ; NONE                                                   ; Untyped                                                                                                                                               ;
; OUTDATA_ACLR_B                     ; NONE                                                   ; Untyped                                                                                                                                               ;
; RDCONTROL_ACLR_B                   ; NONE                                                   ; Untyped                                                                                                                                               ;
; BYTEENA_ACLR_B                     ; NONE                                                   ; Untyped                                                                                                                                               ;
; WIDTH_BYTEENA_A                    ; 1                                                      ; Untyped                                                                                                                                               ;
; WIDTH_BYTEENA_B                    ; 1                                                      ; Untyped                                                                                                                                               ;
; RAM_BLOCK_TYPE                     ; M10K                                                   ; Untyped                                                                                                                                               ;
; BYTE_SIZE                          ; 8                                                      ; Untyped                                                                                                                                               ;
; READ_DURING_WRITE_MODE_MIXED_PORTS ; DONT_CARE                                              ; Untyped                                                                                                                                               ;
; READ_DURING_WRITE_MODE_PORT_A      ; NEW_DATA_NO_NBE_READ                                   ; Untyped                                                                                                                                               ;
; READ_DURING_WRITE_MODE_PORT_B      ; NEW_DATA_NO_NBE_READ                                   ; Untyped                                                                                                                                               ;
; INIT_FILE                          ; db/thesis_v1.ram2_adc_line_buffer_5x5_b18addee.hdl.mif ; Untyped                                                                                                                                               ;
; INIT_FILE_LAYOUT                   ; PORT_A                                                 ; Untyped                                                                                                                                               ;
; MAXIMUM_DEPTH                      ; 0                                                      ; Untyped                                                                                                                                               ;
; CLOCK_ENABLE_INPUT_A               ; NORMAL                                                 ; Untyped                                                                                                                                               ;
; CLOCK_ENABLE_INPUT_B               ; NORMAL                                                 ; Untyped                                                                                                                                               ;
; CLOCK_ENABLE_OUTPUT_A              ; NORMAL                                                 ; Untyped                                                                                                                                               ;
; CLOCK_ENABLE_OUTPUT_B              ; NORMAL                                                 ; Untyped                                                                                                                                               ;
; CLOCK_ENABLE_CORE_A                ; USE_INPUT_CLKEN                                        ; Untyped                                                                                                                                               ;
; CLOCK_ENABLE_CORE_B                ; USE_INPUT_CLKEN                                        ; Untyped                                                                                                                                               ;
; ENABLE_ECC                         ; FALSE                                                  ; Untyped                                                                                                                                               ;
; ECC_PIPELINE_STAGE_ENABLED         ; FALSE                                                  ; Untyped                                                                                                                                               ;
; WIDTH_ECCSTATUS                    ; 3                                                      ; Untyped                                                                                                                                               ;
; DEVICE_FAMILY                      ; Cyclone V                                              ; Untyped                                                                                                                                               ;
; CBXI_PARAMETER                     ; altsyncram_3ur1                                        ; Untyped                                                                                                                                               ;
+------------------------------------+--------------------------------------------------------+-------------------------------------------------------------------------------------------------------------------------------------------------------+
Note: In order to hide this table in the UI and the text report file, please set the "Show Parameter Settings in Synthesis Report" option in "Analysis and Synthesis Settings -> More Settings" to "Off".


+-----------------------------------------------------------------------------------------------------------------------------------------------------------------------------------------------------------------------------------------------------+
; Parameter Settings for Inferred Entity Instance: soc_top:u_soc_top|ipu_core:u_ipu_core|haze_removal_top:u_haze_removal_top|haze_removal_core:u_core|adc_estimation:u_adc_estimation|adc_line_buffer_5x5:u_line_buf_gray|altsyncram:line_buf_3_rtl_0 ;
+------------------------------------+--------------------------------------------------------+-------------------------------------------------------------------------------------------------------------------------------------------------------+
; Parameter Name                     ; Value                                                  ; Type                                                                                                                                                  ;
+------------------------------------+--------------------------------------------------------+-------------------------------------------------------------------------------------------------------------------------------------------------------+
; BYTE_SIZE_BLOCK                    ; 8                                                      ; Untyped                                                                                                                                               ;
; AUTO_CARRY_CHAINS                  ; ON                                                     ; AUTO_CARRY                                                                                                                                            ;
; IGNORE_CARRY_BUFFERS               ; OFF                                                    ; IGNORE_CARRY                                                                                                                                          ;
; AUTO_CASCADE_CHAINS                ; ON                                                     ; AUTO_CASCADE                                                                                                                                          ;
; IGNORE_CASCADE_BUFFERS             ; OFF                                                    ; IGNORE_CASCADE                                                                                                                                        ;
; WIDTH_BYTEENA                      ; 1                                                      ; Untyped                                                                                                                                               ;
; OPERATION_MODE                     ; DUAL_PORT                                              ; Untyped                                                                                                                                               ;
; WIDTH_A                            ; 8                                                      ; Untyped                                                                                                                                               ;
; WIDTHAD_A                          ; 7                                                      ; Untyped                                                                                                                                               ;
; NUMWORDS_A                         ; 128                                                    ; Untyped                                                                                                                                               ;
; OUTDATA_REG_A                      ; UNREGISTERED                                           ; Untyped                                                                                                                                               ;
; ADDRESS_ACLR_A                     ; NONE                                                   ; Untyped                                                                                                                                               ;
; OUTDATA_ACLR_A                     ; NONE                                                   ; Untyped                                                                                                                                               ;
; WRCONTROL_ACLR_A                   ; NONE                                                   ; Untyped                                                                                                                                               ;
; INDATA_ACLR_A                      ; NONE                                                   ; Untyped                                                                                                                                               ;
; BYTEENA_ACLR_A                     ; NONE                                                   ; Untyped                                                                                                                                               ;
; WIDTH_B                            ; 8                                                      ; Untyped                                                                                                                                               ;
; WIDTHAD_B                          ; 7                                                      ; Untyped                                                                                                                                               ;
; NUMWORDS_B                         ; 128                                                    ; Untyped                                                                                                                                               ;
; INDATA_REG_B                       ; CLOCK1                                                 ; Untyped                                                                                                                                               ;
; WRCONTROL_WRADDRESS_REG_B          ; CLOCK1                                                 ; Untyped                                                                                                                                               ;
; RDCONTROL_REG_B                    ; CLOCK1                                                 ; Untyped                                                                                                                                               ;
; ADDRESS_REG_B                      ; CLOCK1                                                 ; Untyped                                                                                                                                               ;
; OUTDATA_REG_B                      ; UNREGISTERED                                           ; Untyped                                                                                                                                               ;
; BYTEENA_REG_B                      ; CLOCK1                                                 ; Untyped                                                                                                                                               ;
; INDATA_ACLR_B                      ; NONE                                                   ; Untyped                                                                                                                                               ;
; WRCONTROL_ACLR_B                   ; NONE                                                   ; Untyped                                                                                                                                               ;
; ADDRESS_ACLR_B                     ; NONE                                                   ; Untyped                                                                                                                                               ;
; OUTDATA_ACLR_B                     ; NONE                                                   ; Untyped                                                                                                                                               ;
; RDCONTROL_ACLR_B                   ; NONE                                                   ; Untyped                                                                                                                                               ;
; BYTEENA_ACLR_B                     ; NONE                                                   ; Untyped                                                                                                                                               ;
; WIDTH_BYTEENA_A                    ; 1                                                      ; Untyped                                                                                                                                               ;
; WIDTH_BYTEENA_B                    ; 1                                                      ; Untyped                                                                                                                                               ;
; RAM_BLOCK_TYPE                     ; M10K                                                   ; Untyped                                                                                                                                               ;
; BYTE_SIZE                          ; 8                                                      ; Untyped                                                                                                                                               ;
; READ_DURING_WRITE_MODE_MIXED_PORTS ; DONT_CARE                                              ; Untyped                                                                                                                                               ;
; READ_DURING_WRITE_MODE_PORT_A      ; NEW_DATA_NO_NBE_READ                                   ; Untyped                                                                                                                                               ;
; READ_DURING_WRITE_MODE_PORT_B      ; NEW_DATA_NO_NBE_READ                                   ; Untyped                                                                                                                                               ;
; INIT_FILE                          ; db/thesis_v1.ram3_adc_line_buffer_5x5_b18addee.hdl.mif ; Untyped                                                                                                                                               ;
; INIT_FILE_LAYOUT                   ; PORT_A                                                 ; Untyped                                                                                                                                               ;
; MAXIMUM_DEPTH                      ; 0                                                      ; Untyped                                                                                                                                               ;
; CLOCK_ENABLE_INPUT_A               ; NORMAL                                                 ; Untyped                                                                                                                                               ;
; CLOCK_ENABLE_INPUT_B               ; NORMAL                                                 ; Untyped                                                                                                                                               ;
; CLOCK_ENABLE_OUTPUT_A              ; NORMAL                                                 ; Untyped                                                                                                                                               ;
; CLOCK_ENABLE_OUTPUT_B              ; NORMAL                                                 ; Untyped                                                                                                                                               ;
; CLOCK_ENABLE_CORE_A                ; USE_INPUT_CLKEN                                        ; Untyped                                                                                                                                               ;
; CLOCK_ENABLE_CORE_B                ; USE_INPUT_CLKEN                                        ; Untyped                                                                                                                                               ;
; ENABLE_ECC                         ; FALSE                                                  ; Untyped                                                                                                                                               ;
; ECC_PIPELINE_STAGE_ENABLED         ; FALSE                                                  ; Untyped                                                                                                                                               ;
; WIDTH_ECCSTATUS                    ; 3                                                      ; Untyped                                                                                                                                               ;
; DEVICE_FAMILY                      ; Cyclone V                                              ; Untyped                                                                                                                                               ;
; CBXI_PARAMETER                     ; altsyncram_4ur1                                        ; Untyped                                                                                                                                               ;
+------------------------------------+--------------------------------------------------------+-------------------------------------------------------------------------------------------------------------------------------------------------------+
Note: In order to hide this table in the UI and the text report file, please set the "Show Parameter Settings in Synthesis Report" option in "Analysis and Synthesis Settings -> More Settings" to "Off".


+---------------------------------------------------------------------------------------------------------------------------------------------------------------------------------------------------------------------------------------------------------------------+
; Parameter Settings for Inferred Entity Instance: soc_top:u_soc_top|ipu_core:u_ipu_core|haze_removal_top:u_haze_removal_top|haze_removal_core:u_core|atm_light_coarse_tx:u_atm_light_coarse_tx|bank_pingpong_stream:u_bank_tx|bank_bram:u_bank2|altsyncram:mem_rtl_0 ;
+------------------------------------+----------------------------------------------+---------------------------------------------------------------------------------------------------------------------------------------------------------------------------------+
; Parameter Name                     ; Value                                        ; Type                                                                                                                                                                            ;
+------------------------------------+----------------------------------------------+---------------------------------------------------------------------------------------------------------------------------------------------------------------------------------+
; BYTE_SIZE_BLOCK                    ; 8                                            ; Untyped                                                                                                                                                                         ;
; AUTO_CARRY_CHAINS                  ; ON                                           ; AUTO_CARRY                                                                                                                                                                      ;
; IGNORE_CARRY_BUFFERS               ; OFF                                          ; IGNORE_CARRY                                                                                                                                                                    ;
; AUTO_CASCADE_CHAINS                ; ON                                           ; AUTO_CASCADE                                                                                                                                                                    ;
; IGNORE_CASCADE_BUFFERS             ; OFF                                          ; IGNORE_CASCADE                                                                                                                                                                  ;
; WIDTH_BYTEENA                      ; 1                                            ; Untyped                                                                                                                                                                         ;
; OPERATION_MODE                     ; DUAL_PORT                                    ; Untyped                                                                                                                                                                         ;
; WIDTH_A                            ; 8                                            ; Untyped                                                                                                                                                                         ;
; WIDTHAD_A                          ; 14                                           ; Untyped                                                                                                                                                                         ;
; NUMWORDS_A                         ; 16384                                        ; Untyped                                                                                                                                                                         ;
; OUTDATA_REG_A                      ; UNREGISTERED                                 ; Untyped                                                                                                                                                                         ;
; ADDRESS_ACLR_A                     ; NONE                                         ; Untyped                                                                                                                                                                         ;
; OUTDATA_ACLR_A                     ; NONE                                         ; Untyped                                                                                                                                                                         ;
; WRCONTROL_ACLR_A                   ; NONE                                         ; Untyped                                                                                                                                                                         ;
; INDATA_ACLR_A                      ; NONE                                         ; Untyped                                                                                                                                                                         ;
; BYTEENA_ACLR_A                     ; NONE                                         ; Untyped                                                                                                                                                                         ;
; WIDTH_B                            ; 8                                            ; Untyped                                                                                                                                                                         ;
; WIDTHAD_B                          ; 14                                           ; Untyped                                                                                                                                                                         ;
; NUMWORDS_B                         ; 16384                                        ; Untyped                                                                                                                                                                         ;
; INDATA_REG_B                       ; CLOCK1                                       ; Untyped                                                                                                                                                                         ;
; WRCONTROL_WRADDRESS_REG_B          ; CLOCK1                                       ; Untyped                                                                                                                                                                         ;
; RDCONTROL_REG_B                    ; CLOCK0                                       ; Untyped                                                                                                                                                                         ;
; ADDRESS_REG_B                      ; CLOCK0                                       ; Untyped                                                                                                                                                                         ;
; OUTDATA_REG_B                      ; UNREGISTERED                                 ; Untyped                                                                                                                                                                         ;
; BYTEENA_REG_B                      ; CLOCK1                                       ; Untyped                                                                                                                                                                         ;
; INDATA_ACLR_B                      ; NONE                                         ; Untyped                                                                                                                                                                         ;
; WRCONTROL_ACLR_B                   ; NONE                                         ; Untyped                                                                                                                                                                         ;
; ADDRESS_ACLR_B                     ; NONE                                         ; Untyped                                                                                                                                                                         ;
; OUTDATA_ACLR_B                     ; NONE                                         ; Untyped                                                                                                                                                                         ;
; RDCONTROL_ACLR_B                   ; NONE                                         ; Untyped                                                                                                                                                                         ;
; BYTEENA_ACLR_B                     ; NONE                                         ; Untyped                                                                                                                                                                         ;
; WIDTH_BYTEENA_A                    ; 1                                            ; Untyped                                                                                                                                                                         ;
; WIDTH_BYTEENA_B                    ; 1                                            ; Untyped                                                                                                                                                                         ;
; RAM_BLOCK_TYPE                     ; M10K                                         ; Untyped                                                                                                                                                                         ;
; BYTE_SIZE                          ; 8                                            ; Untyped                                                                                                                                                                         ;
; READ_DURING_WRITE_MODE_MIXED_PORTS ; OLD_DATA                                     ; Untyped                                                                                                                                                                         ;
; READ_DURING_WRITE_MODE_PORT_A      ; NEW_DATA_NO_NBE_READ                         ; Untyped                                                                                                                                                                         ;
; READ_DURING_WRITE_MODE_PORT_B      ; NEW_DATA_NO_NBE_READ                         ; Untyped                                                                                                                                                                         ;
; INIT_FILE                          ; db/thesis_v1.ram0_bank_bram_42e900fc.hdl.mif ; Untyped                                                                                                                                                                         ;
; INIT_FILE_LAYOUT                   ; PORT_A                                       ; Untyped                                                                                                                                                                         ;
; MAXIMUM_DEPTH                      ; 0                                            ; Untyped                                                                                                                                                                         ;
; CLOCK_ENABLE_INPUT_A               ; NORMAL                                       ; Untyped                                                                                                                                                                         ;
; CLOCK_ENABLE_INPUT_B               ; NORMAL                                       ; Untyped                                                                                                                                                                         ;
; CLOCK_ENABLE_OUTPUT_A              ; NORMAL                                       ; Untyped                                                                                                                                                                         ;
; CLOCK_ENABLE_OUTPUT_B              ; NORMAL                                       ; Untyped                                                                                                                                                                         ;
; CLOCK_ENABLE_CORE_A                ; USE_INPUT_CLKEN                              ; Untyped                                                                                                                                                                         ;
; CLOCK_ENABLE_CORE_B                ; USE_INPUT_CLKEN                              ; Untyped                                                                                                                                                                         ;
; ENABLE_ECC                         ; FALSE                                        ; Untyped                                                                                                                                                                         ;
; ECC_PIPELINE_STAGE_ENABLED         ; FALSE                                        ; Untyped                                                                                                                                                                         ;
; WIDTH_ECCSTATUS                    ; 3                                            ; Untyped                                                                                                                                                                         ;
; DEVICE_FAMILY                      ; Cyclone V                                    ; Untyped                                                                                                                                                                         ;
; CBXI_PARAMETER                     ; altsyncram_s512                              ; Untyped                                                                                                                                                                         ;
+------------------------------------+----------------------------------------------+---------------------------------------------------------------------------------------------------------------------------------------------------------------------------------+
Note: In order to hide this table in the UI and the text report file, please set the "Show Parameter Settings in Synthesis Report" option in "Analysis and Synthesis Settings -> More Settings" to "Off".


+---------------------------------------------------------------------------------------------------------------------------------------------------------------------------------------------------------------------------------------------------------------------+
; Parameter Settings for Inferred Entity Instance: soc_top:u_soc_top|ipu_core:u_ipu_core|haze_removal_top:u_haze_removal_top|haze_removal_core:u_core|atm_light_coarse_tx:u_atm_light_coarse_tx|bank_pingpong_stream:u_bank_tx|bank_bram:u_bank1|altsyncram:mem_rtl_0 ;
+------------------------------------+----------------------------------------------+---------------------------------------------------------------------------------------------------------------------------------------------------------------------------------+
; Parameter Name                     ; Value                                        ; Type                                                                                                                                                                            ;
+------------------------------------+----------------------------------------------+---------------------------------------------------------------------------------------------------------------------------------------------------------------------------------+
; BYTE_SIZE_BLOCK                    ; 8                                            ; Untyped                                                                                                                                                                         ;
; AUTO_CARRY_CHAINS                  ; ON                                           ; AUTO_CARRY                                                                                                                                                                      ;
; IGNORE_CARRY_BUFFERS               ; OFF                                          ; IGNORE_CARRY                                                                                                                                                                    ;
; AUTO_CASCADE_CHAINS                ; ON                                           ; AUTO_CASCADE                                                                                                                                                                    ;
; IGNORE_CASCADE_BUFFERS             ; OFF                                          ; IGNORE_CASCADE                                                                                                                                                                  ;
; WIDTH_BYTEENA                      ; 1                                            ; Untyped                                                                                                                                                                         ;
; OPERATION_MODE                     ; DUAL_PORT                                    ; Untyped                                                                                                                                                                         ;
; WIDTH_A                            ; 8                                            ; Untyped                                                                                                                                                                         ;
; WIDTHAD_A                          ; 14                                           ; Untyped                                                                                                                                                                         ;
; NUMWORDS_A                         ; 16384                                        ; Untyped                                                                                                                                                                         ;
; OUTDATA_REG_A                      ; UNREGISTERED                                 ; Untyped                                                                                                                                                                         ;
; ADDRESS_ACLR_A                     ; NONE                                         ; Untyped                                                                                                                                                                         ;
; OUTDATA_ACLR_A                     ; NONE                                         ; Untyped                                                                                                                                                                         ;
; WRCONTROL_ACLR_A                   ; NONE                                         ; Untyped                                                                                                                                                                         ;
; INDATA_ACLR_A                      ; NONE                                         ; Untyped                                                                                                                                                                         ;
; BYTEENA_ACLR_A                     ; NONE                                         ; Untyped                                                                                                                                                                         ;
; WIDTH_B                            ; 8                                            ; Untyped                                                                                                                                                                         ;
; WIDTHAD_B                          ; 14                                           ; Untyped                                                                                                                                                                         ;
; NUMWORDS_B                         ; 16384                                        ; Untyped                                                                                                                                                                         ;
; INDATA_REG_B                       ; CLOCK1                                       ; Untyped                                                                                                                                                                         ;
; WRCONTROL_WRADDRESS_REG_B          ; CLOCK1                                       ; Untyped                                                                                                                                                                         ;
; RDCONTROL_REG_B                    ; CLOCK0                                       ; Untyped                                                                                                                                                                         ;
; ADDRESS_REG_B                      ; CLOCK0                                       ; Untyped                                                                                                                                                                         ;
; OUTDATA_REG_B                      ; UNREGISTERED                                 ; Untyped                                                                                                                                                                         ;
; BYTEENA_REG_B                      ; CLOCK1                                       ; Untyped                                                                                                                                                                         ;
; INDATA_ACLR_B                      ; NONE                                         ; Untyped                                                                                                                                                                         ;
; WRCONTROL_ACLR_B                   ; NONE                                         ; Untyped                                                                                                                                                                         ;
; ADDRESS_ACLR_B                     ; NONE                                         ; Untyped                                                                                                                                                                         ;
; OUTDATA_ACLR_B                     ; NONE                                         ; Untyped                                                                                                                                                                         ;
; RDCONTROL_ACLR_B                   ; NONE                                         ; Untyped                                                                                                                                                                         ;
; BYTEENA_ACLR_B                     ; NONE                                         ; Untyped                                                                                                                                                                         ;
; WIDTH_BYTEENA_A                    ; 1                                            ; Untyped                                                                                                                                                                         ;
; WIDTH_BYTEENA_B                    ; 1                                            ; Untyped                                                                                                                                                                         ;
; RAM_BLOCK_TYPE                     ; M10K                                         ; Untyped                                                                                                                                                                         ;
; BYTE_SIZE                          ; 8                                            ; Untyped                                                                                                                                                                         ;
; READ_DURING_WRITE_MODE_MIXED_PORTS ; OLD_DATA                                     ; Untyped                                                                                                                                                                         ;
; READ_DURING_WRITE_MODE_PORT_A      ; NEW_DATA_NO_NBE_READ                         ; Untyped                                                                                                                                                                         ;
; READ_DURING_WRITE_MODE_PORT_B      ; NEW_DATA_NO_NBE_READ                         ; Untyped                                                                                                                                                                         ;
; INIT_FILE                          ; db/thesis_v1.ram0_bank_bram_42e900fc.hdl.mif ; Untyped                                                                                                                                                                         ;
; INIT_FILE_LAYOUT                   ; PORT_A                                       ; Untyped                                                                                                                                                                         ;
; MAXIMUM_DEPTH                      ; 0                                            ; Untyped                                                                                                                                                                         ;
; CLOCK_ENABLE_INPUT_A               ; NORMAL                                       ; Untyped                                                                                                                                                                         ;
; CLOCK_ENABLE_INPUT_B               ; NORMAL                                       ; Untyped                                                                                                                                                                         ;
; CLOCK_ENABLE_OUTPUT_A              ; NORMAL                                       ; Untyped                                                                                                                                                                         ;
; CLOCK_ENABLE_OUTPUT_B              ; NORMAL                                       ; Untyped                                                                                                                                                                         ;
; CLOCK_ENABLE_CORE_A                ; USE_INPUT_CLKEN                              ; Untyped                                                                                                                                                                         ;
; CLOCK_ENABLE_CORE_B                ; USE_INPUT_CLKEN                              ; Untyped                                                                                                                                                                         ;
; ENABLE_ECC                         ; FALSE                                        ; Untyped                                                                                                                                                                         ;
; ECC_PIPELINE_STAGE_ENABLED         ; FALSE                                        ; Untyped                                                                                                                                                                         ;
; WIDTH_ECCSTATUS                    ; 3                                            ; Untyped                                                                                                                                                                         ;
; DEVICE_FAMILY                      ; Cyclone V                                    ; Untyped                                                                                                                                                                         ;
; CBXI_PARAMETER                     ; altsyncram_s512                              ; Untyped                                                                                                                                                                         ;
+------------------------------------+----------------------------------------------+---------------------------------------------------------------------------------------------------------------------------------------------------------------------------------+
Note: In order to hide this table in the UI and the text report file, please set the "Show Parameter Settings in Synthesis Report" option in "Analysis and Synthesis Settings -> More Settings" to "Off".


+---------------------------------------------------------------------------------------------------------------------------------------------------------------------------------------------------+
; Parameter Settings for Inferred Entity Instance: soc_top:u_soc_top|ipu_core:u_ipu_core|haze_removal_top:u_haze_removal_top|haze_removal_core:u_core|bank_bram:u_tx_frame_map|altsyncram:mem_rtl_0 ;
+------------------------------------+----------------------------------------------+---------------------------------------------------------------------------------------------------------------+
; Parameter Name                     ; Value                                        ; Type                                                                                                          ;
+------------------------------------+----------------------------------------------+---------------------------------------------------------------------------------------------------------------+
; BYTE_SIZE_BLOCK                    ; 8                                            ; Untyped                                                                                                       ;
; AUTO_CARRY_CHAINS                  ; ON                                           ; AUTO_CARRY                                                                                                    ;
; IGNORE_CARRY_BUFFERS               ; OFF                                          ; IGNORE_CARRY                                                                                                  ;
; AUTO_CASCADE_CHAINS                ; ON                                           ; AUTO_CASCADE                                                                                                  ;
; IGNORE_CASCADE_BUFFERS             ; OFF                                          ; IGNORE_CASCADE                                                                                                ;
; WIDTH_BYTEENA                      ; 1                                            ; Untyped                                                                                                       ;
; OPERATION_MODE                     ; DUAL_PORT                                    ; Untyped                                                                                                       ;
; WIDTH_A                            ; 8                                            ; Untyped                                                                                                       ;
; WIDTHAD_A                          ; 14                                           ; Untyped                                                                                                       ;
; NUMWORDS_A                         ; 16384                                        ; Untyped                                                                                                       ;
; OUTDATA_REG_A                      ; UNREGISTERED                                 ; Untyped                                                                                                       ;
; ADDRESS_ACLR_A                     ; NONE                                         ; Untyped                                                                                                       ;
; OUTDATA_ACLR_A                     ; NONE                                         ; Untyped                                                                                                       ;
; WRCONTROL_ACLR_A                   ; NONE                                         ; Untyped                                                                                                       ;
; INDATA_ACLR_A                      ; NONE                                         ; Untyped                                                                                                       ;
; BYTEENA_ACLR_A                     ; NONE                                         ; Untyped                                                                                                       ;
; WIDTH_B                            ; 8                                            ; Untyped                                                                                                       ;
; WIDTHAD_B                          ; 14                                           ; Untyped                                                                                                       ;
; NUMWORDS_B                         ; 16384                                        ; Untyped                                                                                                       ;
; INDATA_REG_B                       ; CLOCK1                                       ; Untyped                                                                                                       ;
; WRCONTROL_WRADDRESS_REG_B          ; CLOCK1                                       ; Untyped                                                                                                       ;
; RDCONTROL_REG_B                    ; CLOCK0                                       ; Untyped                                                                                                       ;
; ADDRESS_REG_B                      ; CLOCK0                                       ; Untyped                                                                                                       ;
; OUTDATA_REG_B                      ; UNREGISTERED                                 ; Untyped                                                                                                       ;
; BYTEENA_REG_B                      ; CLOCK1                                       ; Untyped                                                                                                       ;
; INDATA_ACLR_B                      ; NONE                                         ; Untyped                                                                                                       ;
; WRCONTROL_ACLR_B                   ; NONE                                         ; Untyped                                                                                                       ;
; ADDRESS_ACLR_B                     ; NONE                                         ; Untyped                                                                                                       ;
; OUTDATA_ACLR_B                     ; NONE                                         ; Untyped                                                                                                       ;
; RDCONTROL_ACLR_B                   ; NONE                                         ; Untyped                                                                                                       ;
; BYTEENA_ACLR_B                     ; NONE                                         ; Untyped                                                                                                       ;
; WIDTH_BYTEENA_A                    ; 1                                            ; Untyped                                                                                                       ;
; WIDTH_BYTEENA_B                    ; 1                                            ; Untyped                                                                                                       ;
; RAM_BLOCK_TYPE                     ; M10K                                         ; Untyped                                                                                                       ;
; BYTE_SIZE                          ; 8                                            ; Untyped                                                                                                       ;
; READ_DURING_WRITE_MODE_MIXED_PORTS ; OLD_DATA                                     ; Untyped                                                                                                       ;
; READ_DURING_WRITE_MODE_PORT_A      ; NEW_DATA_NO_NBE_READ                         ; Untyped                                                                                                       ;
; READ_DURING_WRITE_MODE_PORT_B      ; NEW_DATA_NO_NBE_READ                         ; Untyped                                                                                                       ;
; INIT_FILE                          ; db/thesis_v1.ram0_bank_bram_42e900fc.hdl.mif ; Untyped                                                                                                       ;
; INIT_FILE_LAYOUT                   ; PORT_A                                       ; Untyped                                                                                                       ;
; MAXIMUM_DEPTH                      ; 0                                            ; Untyped                                                                                                       ;
; CLOCK_ENABLE_INPUT_A               ; NORMAL                                       ; Untyped                                                                                                       ;
; CLOCK_ENABLE_INPUT_B               ; NORMAL                                       ; Untyped                                                                                                       ;
; CLOCK_ENABLE_OUTPUT_A              ; NORMAL                                       ; Untyped                                                                                                       ;
; CLOCK_ENABLE_OUTPUT_B              ; NORMAL                                       ; Untyped                                                                                                       ;
; CLOCK_ENABLE_CORE_A                ; USE_INPUT_CLKEN                              ; Untyped                                                                                                       ;
; CLOCK_ENABLE_CORE_B                ; USE_INPUT_CLKEN                              ; Untyped                                                                                                       ;
; ENABLE_ECC                         ; FALSE                                        ; Untyped                                                                                                       ;
; ECC_PIPELINE_STAGE_ENABLED         ; FALSE                                        ; Untyped                                                                                                       ;
; WIDTH_ECCSTATUS                    ; 3                                            ; Untyped                                                                                                       ;
; DEVICE_FAMILY                      ; Cyclone V                                    ; Untyped                                                                                                       ;
; CBXI_PARAMETER                     ; altsyncram_s512                              ; Untyped                                                                                                       ;
+------------------------------------+----------------------------------------------+---------------------------------------------------------------------------------------------------------------+
Note: In order to hide this table in the UI and the text report file, please set the "Show Parameter Settings in Synthesis Report" option in "Analysis and Synthesis Settings -> More Settings" to "Off".


+----------------------------------------------------------------------------------------------------------------------------------------------------------------------------------------------------+
; Parameter Settings for Inferred Entity Instance: soc_top:u_soc_top|ipu_core:u_ipu_core|haze_removal_top:u_haze_removal_top|haze_removal_core:u_core|bank_bram:u_adc_frame_map|altsyncram:mem_rtl_0 ;
+------------------------------------+----------------------------------------------+----------------------------------------------------------------------------------------------------------------+
; Parameter Name                     ; Value                                        ; Type                                                                                                           ;
+------------------------------------+----------------------------------------------+----------------------------------------------------------------------------------------------------------------+
; BYTE_SIZE_BLOCK                    ; 8                                            ; Untyped                                                                                                        ;
; AUTO_CARRY_CHAINS                  ; ON                                           ; AUTO_CARRY                                                                                                     ;
; IGNORE_CARRY_BUFFERS               ; OFF                                          ; IGNORE_CARRY                                                                                                   ;
; AUTO_CASCADE_CHAINS                ; ON                                           ; AUTO_CASCADE                                                                                                   ;
; IGNORE_CASCADE_BUFFERS             ; OFF                                          ; IGNORE_CASCADE                                                                                                 ;
; WIDTH_BYTEENA                      ; 1                                            ; Untyped                                                                                                        ;
; OPERATION_MODE                     ; DUAL_PORT                                    ; Untyped                                                                                                        ;
; WIDTH_A                            ; 8                                            ; Untyped                                                                                                        ;
; WIDTHAD_A                          ; 14                                           ; Untyped                                                                                                        ;
; NUMWORDS_A                         ; 16384                                        ; Untyped                                                                                                        ;
; OUTDATA_REG_A                      ; UNREGISTERED                                 ; Untyped                                                                                                        ;
; ADDRESS_ACLR_A                     ; NONE                                         ; Untyped                                                                                                        ;
; OUTDATA_ACLR_A                     ; NONE                                         ; Untyped                                                                                                        ;
; WRCONTROL_ACLR_A                   ; NONE                                         ; Untyped                                                                                                        ;
; INDATA_ACLR_A                      ; NONE                                         ; Untyped                                                                                                        ;
; BYTEENA_ACLR_A                     ; NONE                                         ; Untyped                                                                                                        ;
; WIDTH_B                            ; 8                                            ; Untyped                                                                                                        ;
; WIDTHAD_B                          ; 14                                           ; Untyped                                                                                                        ;
; NUMWORDS_B                         ; 16384                                        ; Untyped                                                                                                        ;
; INDATA_REG_B                       ; CLOCK1                                       ; Untyped                                                                                                        ;
; WRCONTROL_WRADDRESS_REG_B          ; CLOCK1                                       ; Untyped                                                                                                        ;
; RDCONTROL_REG_B                    ; CLOCK0                                       ; Untyped                                                                                                        ;
; ADDRESS_REG_B                      ; CLOCK0                                       ; Untyped                                                                                                        ;
; OUTDATA_REG_B                      ; UNREGISTERED                                 ; Untyped                                                                                                        ;
; BYTEENA_REG_B                      ; CLOCK1                                       ; Untyped                                                                                                        ;
; INDATA_ACLR_B                      ; NONE                                         ; Untyped                                                                                                        ;
; WRCONTROL_ACLR_B                   ; NONE                                         ; Untyped                                                                                                        ;
; ADDRESS_ACLR_B                     ; NONE                                         ; Untyped                                                                                                        ;
; OUTDATA_ACLR_B                     ; NONE                                         ; Untyped                                                                                                        ;
; RDCONTROL_ACLR_B                   ; NONE                                         ; Untyped                                                                                                        ;
; BYTEENA_ACLR_B                     ; NONE                                         ; Untyped                                                                                                        ;
; WIDTH_BYTEENA_A                    ; 1                                            ; Untyped                                                                                                        ;
; WIDTH_BYTEENA_B                    ; 1                                            ; Untyped                                                                                                        ;
; RAM_BLOCK_TYPE                     ; M10K                                         ; Untyped                                                                                                        ;
; BYTE_SIZE                          ; 8                                            ; Untyped                                                                                                        ;
; READ_DURING_WRITE_MODE_MIXED_PORTS ; OLD_DATA                                     ; Untyped                                                                                                        ;
; READ_DURING_WRITE_MODE_PORT_A      ; NEW_DATA_NO_NBE_READ                         ; Untyped                                                                                                        ;
; READ_DURING_WRITE_MODE_PORT_B      ; NEW_DATA_NO_NBE_READ                         ; Untyped                                                                                                        ;
; INIT_FILE                          ; db/thesis_v1.ram0_bank_bram_42e900fc.hdl.mif ; Untyped                                                                                                        ;
; INIT_FILE_LAYOUT                   ; PORT_A                                       ; Untyped                                                                                                        ;
; MAXIMUM_DEPTH                      ; 0                                            ; Untyped                                                                                                        ;
; CLOCK_ENABLE_INPUT_A               ; NORMAL                                       ; Untyped                                                                                                        ;
; CLOCK_ENABLE_INPUT_B               ; NORMAL                                       ; Untyped                                                                                                        ;
; CLOCK_ENABLE_OUTPUT_A              ; NORMAL                                       ; Untyped                                                                                                        ;
; CLOCK_ENABLE_OUTPUT_B              ; NORMAL                                       ; Untyped                                                                                                        ;
; CLOCK_ENABLE_CORE_A                ; USE_INPUT_CLKEN                              ; Untyped                                                                                                        ;
; CLOCK_ENABLE_CORE_B                ; USE_INPUT_CLKEN                              ; Untyped                                                                                                        ;
; ENABLE_ECC                         ; FALSE                                        ; Untyped                                                                                                        ;
; ECC_PIPELINE_STAGE_ENABLED         ; FALSE                                        ; Untyped                                                                                                        ;
; WIDTH_ECCSTATUS                    ; 3                                            ; Untyped                                                                                                        ;
; DEVICE_FAMILY                      ; Cyclone V                                    ; Untyped                                                                                                        ;
; CBXI_PARAMETER                     ; altsyncram_s512                              ; Untyped                                                                                                        ;
+------------------------------------+----------------------------------------------+----------------------------------------------------------------------------------------------------------------+
Note: In order to hide this table in the UI and the text report file, please set the "Show Parameter Settings in Synthesis Report" option in "Analysis and Synthesis Settings -> More Settings" to "Off".


+-------------------------------------------------------------------------------------------------------------------------------------------+
; Parameter Settings for Inferred Entity Instance: soc_top:u_soc_top|single_cycle:u_single_cycle|lsu:lsu|memory:mem|altsyncram:mem_b0_rtl_0 ;
+------------------------------------+------------------------------------------+-----------------------------------------------------------+
; Parameter Name                     ; Value                                    ; Type                                                      ;
+------------------------------------+------------------------------------------+-----------------------------------------------------------+
; BYTE_SIZE_BLOCK                    ; 8                                        ; Untyped                                                   ;
; AUTO_CARRY_CHAINS                  ; ON                                       ; AUTO_CARRY                                                ;
; IGNORE_CARRY_BUFFERS               ; OFF                                      ; IGNORE_CARRY                                              ;
; AUTO_CASCADE_CHAINS                ; ON                                       ; AUTO_CASCADE                                              ;
; IGNORE_CASCADE_BUFFERS             ; OFF                                      ; IGNORE_CASCADE                                            ;
; WIDTH_BYTEENA                      ; 1                                        ; Untyped                                                   ;
; OPERATION_MODE                     ; BIDIR_DUAL_PORT                          ; Untyped                                                   ;
; WIDTH_A                            ; 8                                        ; Untyped                                                   ;
; WIDTHAD_A                          ; 12                                       ; Untyped                                                   ;
; NUMWORDS_A                         ; 4096                                     ; Untyped                                                   ;
; OUTDATA_REG_A                      ; UNREGISTERED                             ; Untyped                                                   ;
; ADDRESS_ACLR_A                     ; NONE                                     ; Untyped                                                   ;
; OUTDATA_ACLR_A                     ; NONE                                     ; Untyped                                                   ;
; WRCONTROL_ACLR_A                   ; NONE                                     ; Untyped                                                   ;
; INDATA_ACLR_A                      ; NONE                                     ; Untyped                                                   ;
; BYTEENA_ACLR_A                     ; NONE                                     ; Untyped                                                   ;
; WIDTH_B                            ; 8                                        ; Untyped                                                   ;
; WIDTHAD_B                          ; 12                                       ; Untyped                                                   ;
; NUMWORDS_B                         ; 4096                                     ; Untyped                                                   ;
; INDATA_REG_B                       ; CLOCK0                                   ; Untyped                                                   ;
; WRCONTROL_WRADDRESS_REG_B          ; CLOCK0                                   ; Untyped                                                   ;
; RDCONTROL_REG_B                    ; CLOCK1                                   ; Untyped                                                   ;
; ADDRESS_REG_B                      ; CLOCK0                                   ; Untyped                                                   ;
; OUTDATA_REG_B                      ; UNREGISTERED                             ; Untyped                                                   ;
; BYTEENA_REG_B                      ; CLOCK1                                   ; Untyped                                                   ;
; INDATA_ACLR_B                      ; NONE                                     ; Untyped                                                   ;
; WRCONTROL_ACLR_B                   ; NONE                                     ; Untyped                                                   ;
; ADDRESS_ACLR_B                     ; NONE                                     ; Untyped                                                   ;
; OUTDATA_ACLR_B                     ; NONE                                     ; Untyped                                                   ;
; RDCONTROL_ACLR_B                   ; NONE                                     ; Untyped                                                   ;
; BYTEENA_ACLR_B                     ; NONE                                     ; Untyped                                                   ;
; WIDTH_BYTEENA_A                    ; 1                                        ; Untyped                                                   ;
; WIDTH_BYTEENA_B                    ; 1                                        ; Untyped                                                   ;
; RAM_BLOCK_TYPE                     ; M10K                                     ; Untyped                                                   ;
; BYTE_SIZE                          ; 8                                        ; Untyped                                                   ;
; READ_DURING_WRITE_MODE_MIXED_PORTS ; DONT_CARE                                ; Untyped                                                   ;
; READ_DURING_WRITE_MODE_PORT_A      ; NEW_DATA_NO_NBE_READ                     ; Untyped                                                   ;
; READ_DURING_WRITE_MODE_PORT_B      ; NEW_DATA_NO_NBE_READ                     ; Untyped                                                   ;
; INIT_FILE                          ; db/thesis_v1.ram0_memory_739a0be.hdl.mif ; Untyped                                                   ;
; INIT_FILE_LAYOUT                   ; PORT_A                                   ; Untyped                                                   ;
; MAXIMUM_DEPTH                      ; 0                                        ; Untyped                                                   ;
; CLOCK_ENABLE_INPUT_A               ; NORMAL                                   ; Untyped                                                   ;
; CLOCK_ENABLE_INPUT_B               ; NORMAL                                   ; Untyped                                                   ;
; CLOCK_ENABLE_OUTPUT_A              ; NORMAL                                   ; Untyped                                                   ;
; CLOCK_ENABLE_OUTPUT_B              ; NORMAL                                   ; Untyped                                                   ;
; CLOCK_ENABLE_CORE_A                ; USE_INPUT_CLKEN                          ; Untyped                                                   ;
; CLOCK_ENABLE_CORE_B                ; USE_INPUT_CLKEN                          ; Untyped                                                   ;
; ENABLE_ECC                         ; FALSE                                    ; Untyped                                                   ;
; ECC_PIPELINE_STAGE_ENABLED         ; FALSE                                    ; Untyped                                                   ;
; WIDTH_ECCSTATUS                    ; 3                                        ; Untyped                                                   ;
; DEVICE_FAMILY                      ; Cyclone V                                ; Untyped                                                   ;
; CBXI_PARAMETER                     ; altsyncram_tt22                          ; Untyped                                                   ;
+------------------------------------+------------------------------------------+-----------------------------------------------------------+
Note: In order to hide this table in the UI and the text report file, please set the "Show Parameter Settings in Synthesis Report" option in "Analysis and Synthesis Settings -> More Settings" to "Off".


+-------------------------------------------------------------------------------------------------------------------------------------------+
; Parameter Settings for Inferred Entity Instance: soc_top:u_soc_top|single_cycle:u_single_cycle|lsu:lsu|memory:mem|altsyncram:mem_b1_rtl_0 ;
+------------------------------------+------------------------------------------+-----------------------------------------------------------+
; Parameter Name                     ; Value                                    ; Type                                                      ;
+------------------------------------+------------------------------------------+-----------------------------------------------------------+
; BYTE_SIZE_BLOCK                    ; 8                                        ; Untyped                                                   ;
; AUTO_CARRY_CHAINS                  ; ON                                       ; AUTO_CARRY                                                ;
; IGNORE_CARRY_BUFFERS               ; OFF                                      ; IGNORE_CARRY                                              ;
; AUTO_CASCADE_CHAINS                ; ON                                       ; AUTO_CASCADE                                              ;
; IGNORE_CASCADE_BUFFERS             ; OFF                                      ; IGNORE_CASCADE                                            ;
; WIDTH_BYTEENA                      ; 1                                        ; Untyped                                                   ;
; OPERATION_MODE                     ; BIDIR_DUAL_PORT                          ; Untyped                                                   ;
; WIDTH_A                            ; 8                                        ; Untyped                                                   ;
; WIDTHAD_A                          ; 12                                       ; Untyped                                                   ;
; NUMWORDS_A                         ; 4096                                     ; Untyped                                                   ;
; OUTDATA_REG_A                      ; UNREGISTERED                             ; Untyped                                                   ;
; ADDRESS_ACLR_A                     ; NONE                                     ; Untyped                                                   ;
; OUTDATA_ACLR_A                     ; NONE                                     ; Untyped                                                   ;
; WRCONTROL_ACLR_A                   ; NONE                                     ; Untyped                                                   ;
; INDATA_ACLR_A                      ; NONE                                     ; Untyped                                                   ;
; BYTEENA_ACLR_A                     ; NONE                                     ; Untyped                                                   ;
; WIDTH_B                            ; 8                                        ; Untyped                                                   ;
; WIDTHAD_B                          ; 12                                       ; Untyped                                                   ;
; NUMWORDS_B                         ; 4096                                     ; Untyped                                                   ;
; INDATA_REG_B                       ; CLOCK0                                   ; Untyped                                                   ;
; WRCONTROL_WRADDRESS_REG_B          ; CLOCK0                                   ; Untyped                                                   ;
; RDCONTROL_REG_B                    ; CLOCK1                                   ; Untyped                                                   ;
; ADDRESS_REG_B                      ; CLOCK0                                   ; Untyped                                                   ;
; OUTDATA_REG_B                      ; UNREGISTERED                             ; Untyped                                                   ;
; BYTEENA_REG_B                      ; CLOCK1                                   ; Untyped                                                   ;
; INDATA_ACLR_B                      ; NONE                                     ; Untyped                                                   ;
; WRCONTROL_ACLR_B                   ; NONE                                     ; Untyped                                                   ;
; ADDRESS_ACLR_B                     ; NONE                                     ; Untyped                                                   ;
; OUTDATA_ACLR_B                     ; NONE                                     ; Untyped                                                   ;
; RDCONTROL_ACLR_B                   ; NONE                                     ; Untyped                                                   ;
; BYTEENA_ACLR_B                     ; NONE                                     ; Untyped                                                   ;
; WIDTH_BYTEENA_A                    ; 1                                        ; Untyped                                                   ;
; WIDTH_BYTEENA_B                    ; 1                                        ; Untyped                                                   ;
; RAM_BLOCK_TYPE                     ; M10K                                     ; Untyped                                                   ;
; BYTE_SIZE                          ; 8                                        ; Untyped                                                   ;
; READ_DURING_WRITE_MODE_MIXED_PORTS ; DONT_CARE                                ; Untyped                                                   ;
; READ_DURING_WRITE_MODE_PORT_A      ; NEW_DATA_NO_NBE_READ                     ; Untyped                                                   ;
; READ_DURING_WRITE_MODE_PORT_B      ; NEW_DATA_NO_NBE_READ                     ; Untyped                                                   ;
; INIT_FILE                          ; db/thesis_v1.ram1_memory_739a0be.hdl.mif ; Untyped                                                   ;
; INIT_FILE_LAYOUT                   ; PORT_A                                   ; Untyped                                                   ;
; MAXIMUM_DEPTH                      ; 0                                        ; Untyped                                                   ;
; CLOCK_ENABLE_INPUT_A               ; NORMAL                                   ; Untyped                                                   ;
; CLOCK_ENABLE_INPUT_B               ; NORMAL                                   ; Untyped                                                   ;
; CLOCK_ENABLE_OUTPUT_A              ; NORMAL                                   ; Untyped                                                   ;
; CLOCK_ENABLE_OUTPUT_B              ; NORMAL                                   ; Untyped                                                   ;
; CLOCK_ENABLE_CORE_A                ; USE_INPUT_CLKEN                          ; Untyped                                                   ;
; CLOCK_ENABLE_CORE_B                ; USE_INPUT_CLKEN                          ; Untyped                                                   ;
; ENABLE_ECC                         ; FALSE                                    ; Untyped                                                   ;
; ECC_PIPELINE_STAGE_ENABLED         ; FALSE                                    ; Untyped                                                   ;
; WIDTH_ECCSTATUS                    ; 3                                        ; Untyped                                                   ;
; DEVICE_FAMILY                      ; Cyclone V                                ; Untyped                                                   ;
; CBXI_PARAMETER                     ; altsyncram_ut22                          ; Untyped                                                   ;
+------------------------------------+------------------------------------------+-----------------------------------------------------------+
Note: In order to hide this table in the UI and the text report file, please set the "Show Parameter Settings in Synthesis Report" option in "Analysis and Synthesis Settings -> More Settings" to "Off".


+-------------------------------------------------------------------------------------------------------------------------------------------+
; Parameter Settings for Inferred Entity Instance: soc_top:u_soc_top|single_cycle:u_single_cycle|lsu:lsu|memory:mem|altsyncram:mem_b2_rtl_0 ;
+------------------------------------+------------------------------------------+-----------------------------------------------------------+
; Parameter Name                     ; Value                                    ; Type                                                      ;
+------------------------------------+------------------------------------------+-----------------------------------------------------------+
; BYTE_SIZE_BLOCK                    ; 8                                        ; Untyped                                                   ;
; AUTO_CARRY_CHAINS                  ; ON                                       ; AUTO_CARRY                                                ;
; IGNORE_CARRY_BUFFERS               ; OFF                                      ; IGNORE_CARRY                                              ;
; AUTO_CASCADE_CHAINS                ; ON                                       ; AUTO_CASCADE                                              ;
; IGNORE_CASCADE_BUFFERS             ; OFF                                      ; IGNORE_CASCADE                                            ;
; WIDTH_BYTEENA                      ; 1                                        ; Untyped                                                   ;
; OPERATION_MODE                     ; BIDIR_DUAL_PORT                          ; Untyped                                                   ;
; WIDTH_A                            ; 8                                        ; Untyped                                                   ;
; WIDTHAD_A                          ; 12                                       ; Untyped                                                   ;
; NUMWORDS_A                         ; 4096                                     ; Untyped                                                   ;
; OUTDATA_REG_A                      ; UNREGISTERED                             ; Untyped                                                   ;
; ADDRESS_ACLR_A                     ; NONE                                     ; Untyped                                                   ;
; OUTDATA_ACLR_A                     ; NONE                                     ; Untyped                                                   ;
; WRCONTROL_ACLR_A                   ; NONE                                     ; Untyped                                                   ;
; INDATA_ACLR_A                      ; NONE                                     ; Untyped                                                   ;
; BYTEENA_ACLR_A                     ; NONE                                     ; Untyped                                                   ;
; WIDTH_B                            ; 8                                        ; Untyped                                                   ;
; WIDTHAD_B                          ; 12                                       ; Untyped                                                   ;
; NUMWORDS_B                         ; 4096                                     ; Untyped                                                   ;
; INDATA_REG_B                       ; CLOCK0                                   ; Untyped                                                   ;
; WRCONTROL_WRADDRESS_REG_B          ; CLOCK0                                   ; Untyped                                                   ;
; RDCONTROL_REG_B                    ; CLOCK1                                   ; Untyped                                                   ;
; ADDRESS_REG_B                      ; CLOCK0                                   ; Untyped                                                   ;
; OUTDATA_REG_B                      ; UNREGISTERED                             ; Untyped                                                   ;
; BYTEENA_REG_B                      ; CLOCK1                                   ; Untyped                                                   ;
; INDATA_ACLR_B                      ; NONE                                     ; Untyped                                                   ;
; WRCONTROL_ACLR_B                   ; NONE                                     ; Untyped                                                   ;
; ADDRESS_ACLR_B                     ; NONE                                     ; Untyped                                                   ;
; OUTDATA_ACLR_B                     ; NONE                                     ; Untyped                                                   ;
; RDCONTROL_ACLR_B                   ; NONE                                     ; Untyped                                                   ;
; BYTEENA_ACLR_B                     ; NONE                                     ; Untyped                                                   ;
; WIDTH_BYTEENA_A                    ; 1                                        ; Untyped                                                   ;
; WIDTH_BYTEENA_B                    ; 1                                        ; Untyped                                                   ;
; RAM_BLOCK_TYPE                     ; M10K                                     ; Untyped                                                   ;
; BYTE_SIZE                          ; 8                                        ; Untyped                                                   ;
; READ_DURING_WRITE_MODE_MIXED_PORTS ; DONT_CARE                                ; Untyped                                                   ;
; READ_DURING_WRITE_MODE_PORT_A      ; NEW_DATA_NO_NBE_READ                     ; Untyped                                                   ;
; READ_DURING_WRITE_MODE_PORT_B      ; NEW_DATA_NO_NBE_READ                     ; Untyped                                                   ;
; INIT_FILE                          ; db/thesis_v1.ram2_memory_739a0be.hdl.mif ; Untyped                                                   ;
; INIT_FILE_LAYOUT                   ; PORT_A                                   ; Untyped                                                   ;
; MAXIMUM_DEPTH                      ; 0                                        ; Untyped                                                   ;
; CLOCK_ENABLE_INPUT_A               ; NORMAL                                   ; Untyped                                                   ;
; CLOCK_ENABLE_INPUT_B               ; NORMAL                                   ; Untyped                                                   ;
; CLOCK_ENABLE_OUTPUT_A              ; NORMAL                                   ; Untyped                                                   ;
; CLOCK_ENABLE_OUTPUT_B              ; NORMAL                                   ; Untyped                                                   ;
; CLOCK_ENABLE_CORE_A                ; USE_INPUT_CLKEN                          ; Untyped                                                   ;
; CLOCK_ENABLE_CORE_B                ; USE_INPUT_CLKEN                          ; Untyped                                                   ;
; ENABLE_ECC                         ; FALSE                                    ; Untyped                                                   ;
; ECC_PIPELINE_STAGE_ENABLED         ; FALSE                                    ; Untyped                                                   ;
; WIDTH_ECCSTATUS                    ; 3                                        ; Untyped                                                   ;
; DEVICE_FAMILY                      ; Cyclone V                                ; Untyped                                                   ;
; CBXI_PARAMETER                     ; altsyncram_vt22                          ; Untyped                                                   ;
+------------------------------------+------------------------------------------+-----------------------------------------------------------+
Note: In order to hide this table in the UI and the text report file, please set the "Show Parameter Settings in Synthesis Report" option in "Analysis and Synthesis Settings -> More Settings" to "Off".


+-------------------------------------------------------------------------------------------------------------------------------------------+
; Parameter Settings for Inferred Entity Instance: soc_top:u_soc_top|single_cycle:u_single_cycle|lsu:lsu|memory:mem|altsyncram:mem_b3_rtl_0 ;
+------------------------------------+------------------------------------------+-----------------------------------------------------------+
; Parameter Name                     ; Value                                    ; Type                                                      ;
+------------------------------------+------------------------------------------+-----------------------------------------------------------+
; BYTE_SIZE_BLOCK                    ; 8                                        ; Untyped                                                   ;
; AUTO_CARRY_CHAINS                  ; ON                                       ; AUTO_CARRY                                                ;
; IGNORE_CARRY_BUFFERS               ; OFF                                      ; IGNORE_CARRY                                              ;
; AUTO_CASCADE_CHAINS                ; ON                                       ; AUTO_CASCADE                                              ;
; IGNORE_CASCADE_BUFFERS             ; OFF                                      ; IGNORE_CASCADE                                            ;
; WIDTH_BYTEENA                      ; 1                                        ; Untyped                                                   ;
; OPERATION_MODE                     ; BIDIR_DUAL_PORT                          ; Untyped                                                   ;
; WIDTH_A                            ; 8                                        ; Untyped                                                   ;
; WIDTHAD_A                          ; 12                                       ; Untyped                                                   ;
; NUMWORDS_A                         ; 4096                                     ; Untyped                                                   ;
; OUTDATA_REG_A                      ; UNREGISTERED                             ; Untyped                                                   ;
; ADDRESS_ACLR_A                     ; NONE                                     ; Untyped                                                   ;
; OUTDATA_ACLR_A                     ; NONE                                     ; Untyped                                                   ;
; WRCONTROL_ACLR_A                   ; NONE                                     ; Untyped                                                   ;
; INDATA_ACLR_A                      ; NONE                                     ; Untyped                                                   ;
; BYTEENA_ACLR_A                     ; NONE                                     ; Untyped                                                   ;
; WIDTH_B                            ; 8                                        ; Untyped                                                   ;
; WIDTHAD_B                          ; 12                                       ; Untyped                                                   ;
; NUMWORDS_B                         ; 4096                                     ; Untyped                                                   ;
; INDATA_REG_B                       ; CLOCK0                                   ; Untyped                                                   ;
; WRCONTROL_WRADDRESS_REG_B          ; CLOCK0                                   ; Untyped                                                   ;
; RDCONTROL_REG_B                    ; CLOCK1                                   ; Untyped                                                   ;
; ADDRESS_REG_B                      ; CLOCK0                                   ; Untyped                                                   ;
; OUTDATA_REG_B                      ; UNREGISTERED                             ; Untyped                                                   ;
; BYTEENA_REG_B                      ; CLOCK1                                   ; Untyped                                                   ;
; INDATA_ACLR_B                      ; NONE                                     ; Untyped                                                   ;
; WRCONTROL_ACLR_B                   ; NONE                                     ; Untyped                                                   ;
; ADDRESS_ACLR_B                     ; NONE                                     ; Untyped                                                   ;
; OUTDATA_ACLR_B                     ; NONE                                     ; Untyped                                                   ;
; RDCONTROL_ACLR_B                   ; NONE                                     ; Untyped                                                   ;
; BYTEENA_ACLR_B                     ; NONE                                     ; Untyped                                                   ;
; WIDTH_BYTEENA_A                    ; 1                                        ; Untyped                                                   ;
; WIDTH_BYTEENA_B                    ; 1                                        ; Untyped                                                   ;
; RAM_BLOCK_TYPE                     ; M10K                                     ; Untyped                                                   ;
; BYTE_SIZE                          ; 8                                        ; Untyped                                                   ;
; READ_DURING_WRITE_MODE_MIXED_PORTS ; DONT_CARE                                ; Untyped                                                   ;
; READ_DURING_WRITE_MODE_PORT_A      ; NEW_DATA_NO_NBE_READ                     ; Untyped                                                   ;
; READ_DURING_WRITE_MODE_PORT_B      ; NEW_DATA_NO_NBE_READ                     ; Untyped                                                   ;
; INIT_FILE                          ; db/thesis_v1.ram3_memory_739a0be.hdl.mif ; Untyped                                                   ;
; INIT_FILE_LAYOUT                   ; PORT_A                                   ; Untyped                                                   ;
; MAXIMUM_DEPTH                      ; 0                                        ; Untyped                                                   ;
; CLOCK_ENABLE_INPUT_A               ; NORMAL                                   ; Untyped                                                   ;
; CLOCK_ENABLE_INPUT_B               ; NORMAL                                   ; Untyped                                                   ;
; CLOCK_ENABLE_OUTPUT_A              ; NORMAL                                   ; Untyped                                                   ;
; CLOCK_ENABLE_OUTPUT_B              ; NORMAL                                   ; Untyped                                                   ;
; CLOCK_ENABLE_CORE_A                ; USE_INPUT_CLKEN                          ; Untyped                                                   ;
; CLOCK_ENABLE_CORE_B                ; USE_INPUT_CLKEN                          ; Untyped                                                   ;
; ENABLE_ECC                         ; FALSE                                    ; Untyped                                                   ;
; ECC_PIPELINE_STAGE_ENABLED         ; FALSE                                    ; Untyped                                                   ;
; WIDTH_ECCSTATUS                    ; 3                                        ; Untyped                                                   ;
; DEVICE_FAMILY                      ; Cyclone V                                ; Untyped                                                   ;
; CBXI_PARAMETER                     ; altsyncram_ej22                          ; Untyped                                                   ;
+------------------------------------+------------------------------------------+-----------------------------------------------------------+
Note: In order to hide this table in the UI and the text report file, please set the "Show Parameter Settings in Synthesis Report" option in "Analysis and Synthesis Settings -> More Settings" to "Off".


+-----------------------------------------------------------------------------------------------------------------------------------------------+
; Parameter Settings for Inferred Entity Instance: soc_top:u_soc_top|single_cycle:u_single_cycle|instr_mem:instr_mem_inst|altsyncram:IMem_rtl_0 ;
+------------------------------------+----------------------------------------------+-----------------------------------------------------------+
; Parameter Name                     ; Value                                        ; Type                                                      ;
+------------------------------------+----------------------------------------------+-----------------------------------------------------------+
; BYTE_SIZE_BLOCK                    ; 8                                            ; Untyped                                                   ;
; AUTO_CARRY_CHAINS                  ; ON                                           ; AUTO_CARRY                                                ;
; IGNORE_CARRY_BUFFERS               ; OFF                                          ; IGNORE_CARRY                                              ;
; AUTO_CASCADE_CHAINS                ; ON                                           ; AUTO_CASCADE                                              ;
; IGNORE_CASCADE_BUFFERS             ; OFF                                          ; IGNORE_CASCADE                                            ;
; WIDTH_BYTEENA                      ; 1                                            ; Untyped                                                   ;
; OPERATION_MODE                     ; ROM                                          ; Untyped                                                   ;
; WIDTH_A                            ; 32                                           ; Untyped                                                   ;
; WIDTHAD_A                          ; 11                                           ; Untyped                                                   ;
; NUMWORDS_A                         ; 2000                                         ; Untyped                                                   ;
; OUTDATA_REG_A                      ; UNREGISTERED                                 ; Untyped                                                   ;
; ADDRESS_ACLR_A                     ; NONE                                         ; Untyped                                                   ;
; OUTDATA_ACLR_A                     ; NONE                                         ; Untyped                                                   ;
; WRCONTROL_ACLR_A                   ; NONE                                         ; Untyped                                                   ;
; INDATA_ACLR_A                      ; NONE                                         ; Untyped                                                   ;
; BYTEENA_ACLR_A                     ; NONE                                         ; Untyped                                                   ;
; WIDTH_B                            ; 1                                            ; Untyped                                                   ;
; WIDTHAD_B                          ; 1                                            ; Untyped                                                   ;
; NUMWORDS_B                         ; 1                                            ; Untyped                                                   ;
; INDATA_REG_B                       ; CLOCK1                                       ; Untyped                                                   ;
; WRCONTROL_WRADDRESS_REG_B          ; CLOCK1                                       ; Untyped                                                   ;
; RDCONTROL_REG_B                    ; CLOCK1                                       ; Untyped                                                   ;
; ADDRESS_REG_B                      ; CLOCK1                                       ; Untyped                                                   ;
; OUTDATA_REG_B                      ; UNREGISTERED                                 ; Untyped                                                   ;
; BYTEENA_REG_B                      ; CLOCK1                                       ; Untyped                                                   ;
; INDATA_ACLR_B                      ; NONE                                         ; Untyped                                                   ;
; WRCONTROL_ACLR_B                   ; NONE                                         ; Untyped                                                   ;
; ADDRESS_ACLR_B                     ; NONE                                         ; Untyped                                                   ;
; OUTDATA_ACLR_B                     ; NONE                                         ; Untyped                                                   ;
; RDCONTROL_ACLR_B                   ; NONE                                         ; Untyped                                                   ;
; BYTEENA_ACLR_B                     ; NONE                                         ; Untyped                                                   ;
; WIDTH_BYTEENA_A                    ; 1                                            ; Untyped                                                   ;
; WIDTH_BYTEENA_B                    ; 1                                            ; Untyped                                                   ;
; RAM_BLOCK_TYPE                     ; M10K                                         ; Untyped                                                   ;
; BYTE_SIZE                          ; 8                                            ; Untyped                                                   ;
; READ_DURING_WRITE_MODE_MIXED_PORTS ; DONT_CARE                                    ; Untyped                                                   ;
; READ_DURING_WRITE_MODE_PORT_A      ; NEW_DATA_NO_NBE_READ                         ; Untyped                                                   ;
; READ_DURING_WRITE_MODE_PORT_B      ; NEW_DATA_NO_NBE_READ                         ; Untyped                                                   ;
; INIT_FILE                          ; db/thesis_v1.ram0_instr_mem_8ff0214b.hdl.mif ; Untyped                                                   ;
; INIT_FILE_LAYOUT                   ; PORT_A                                       ; Untyped                                                   ;
; MAXIMUM_DEPTH                      ; 0                                            ; Untyped                                                   ;
; CLOCK_ENABLE_INPUT_A               ; NORMAL                                       ; Untyped                                                   ;
; CLOCK_ENABLE_INPUT_B               ; NORMAL                                       ; Untyped                                                   ;
; CLOCK_ENABLE_OUTPUT_A              ; NORMAL                                       ; Untyped                                                   ;
; CLOCK_ENABLE_OUTPUT_B              ; NORMAL                                       ; Untyped                                                   ;
; CLOCK_ENABLE_CORE_A                ; USE_INPUT_CLKEN                              ; Untyped                                                   ;
; CLOCK_ENABLE_CORE_B                ; USE_INPUT_CLKEN                              ; Untyped                                                   ;
; ENABLE_ECC                         ; FALSE                                        ; Untyped                                                   ;
; ECC_PIPELINE_STAGE_ENABLED         ; FALSE                                        ; Untyped                                                   ;
; WIDTH_ECCSTATUS                    ; 3                                            ; Untyped                                                   ;
; DEVICE_FAMILY                      ; Cyclone V                                    ; Untyped                                                   ;
; CBXI_PARAMETER                     ; altsyncram_8if1                              ; Untyped                                                   ;
+------------------------------------+----------------------------------------------+-----------------------------------------------------------+
Note: In order to hide this table in the UI and the text report file, please set the "Show Parameter Settings in Synthesis Report" option in "Analysis and Synthesis Settings -> More Settings" to "Off".


+-------------------------------------------------------------------------------------------------------+
; altpll Parameter Settings by Entity Instance                                                          ;
+-------------------------------+-----------------------------------------------------------------------+
; Name                          ; Value                                                                 ;
+-------------------------------+-----------------------------------------------------------------------+
; Number of entity instances    ; 1                                                                     ;
; Entity Instance               ; vga_controller:u_vga_controller|vga_pll:pll_u|altpll:altpll_component ;
;     -- OPERATION_MODE         ; NORMAL                                                                ;
;     -- PLL_TYPE               ; AUTO                                                                  ;
;     -- PRIMARY_CLOCK          ; INCLK0                                                                ;
;     -- INCLK0_INPUT_FREQUENCY ; 20000                                                                 ;
;     -- INCLK1_INPUT_FREQUENCY ; 0                                                                     ;
;     -- VCO_MULTIPLY_BY        ; 0                                                                     ;
;     -- VCO_DIVIDE_BY          ; 0                                                                     ;
+-------------------------------+-----------------------------------------------------------------------+


+----------------------------------------------------------------------------------------------------------------------------------------------------------------------------------------------------------------------------------------------------------------+
; altsyncram Parameter Settings by Entity Instance                                                                                                                                                                                                               ;
+-------------------------------------------+--------------------------------------------------------------------------------------------------------------------------------------------------------------------------------------------------------------------+
; Name                                      ; Value                                                                                                                                                                                                              ;
+-------------------------------------------+--------------------------------------------------------------------------------------------------------------------------------------------------------------------------------------------------------------------+
; Number of entity instances                ; 20                                                                                                                                                                                                                 ;
; Entity Instance                           ; soc_top:u_soc_top|img_tmp_bram:u_img_tmp_bram|altsyncram:mem_rtl_0                                                                                                                                                 ;
;     -- OPERATION_MODE                     ; DUAL_PORT                                                                                                                                                                                                          ;
;     -- WIDTH_A                            ; 32                                                                                                                                                                                                                 ;
;     -- NUMWORDS_A                         ; 16384                                                                                                                                                                                                              ;
;     -- OUTDATA_REG_A                      ; UNREGISTERED                                                                                                                                                                                                       ;
;     -- WIDTH_B                            ; 32                                                                                                                                                                                                                 ;
;     -- NUMWORDS_B                         ; 16384                                                                                                                                                                                                              ;
;     -- ADDRESS_REG_B                      ; CLOCK0                                                                                                                                                                                                             ;
;     -- OUTDATA_REG_B                      ; UNREGISTERED                                                                                                                                                                                                       ;
;     -- RAM_BLOCK_TYPE                     ; M10K                                                                                                                                                                                                               ;
;     -- READ_DURING_WRITE_MODE_MIXED_PORTS ; DONT_CARE                                                                                                                                                                                                          ;
; Entity Instance                           ; soc_top:u_soc_top|img_out_bram:u_img_out_bram|altsyncram:mem_rtl_0                                                                                                                                                 ;
;     -- OPERATION_MODE                     ; BIDIR_DUAL_PORT                                                                                                                                                                                                    ;
;     -- WIDTH_A                            ; 32                                                                                                                                                                                                                 ;
;     -- NUMWORDS_A                         ; 16384                                                                                                                                                                                                              ;
;     -- OUTDATA_REG_A                      ; UNREGISTERED                                                                                                                                                                                                       ;
;     -- WIDTH_B                            ; 32                                                                                                                                                                                                                 ;
;     -- NUMWORDS_B                         ; 16384                                                                                                                                                                                                              ;
;     -- ADDRESS_REG_B                      ; CLOCK0                                                                                                                                                                                                             ;
;     -- OUTDATA_REG_B                      ; UNREGISTERED                                                                                                                                                                                                       ;
;     -- RAM_BLOCK_TYPE                     ; M10K                                                                                                                                                                                                               ;
;     -- READ_DURING_WRITE_MODE_MIXED_PORTS ; DONT_CARE                                                                                                                                                                                                          ;
; Entity Instance                           ; soc_top:u_soc_top|img_in_bram:u_img_in_bram|altsyncram:mem_rtl_0                                                                                                                                                   ;
;     -- OPERATION_MODE                     ; BIDIR_DUAL_PORT                                                                                                                                                                                                    ;
;     -- WIDTH_A                            ; 32                                                                                                                                                                                                                 ;
;     -- NUMWORDS_A                         ; 16384                                                                                                                                                                                                              ;
;     -- OUTDATA_REG_A                      ; UNREGISTERED                                                                                                                                                                                                       ;
;     -- WIDTH_B                            ; 32                                                                                                                                                                                                                 ;
;     -- NUMWORDS_B                         ; 16384                                                                                                                                                                                                              ;
;     -- ADDRESS_REG_B                      ; CLOCK0                                                                                                                                                                                                             ;
;     -- OUTDATA_REG_B                      ; UNREGISTERED                                                                                                                                                                                                       ;
;     -- RAM_BLOCK_TYPE                     ; M10K                                                                                                                                                                                                               ;
;     -- READ_DURING_WRITE_MODE_MIXED_PORTS ; DONT_CARE                                                                                                                                                                                                          ;
; Entity Instance                           ; soc_top:u_soc_top|ipu_core:u_ipu_core|haze_removal_top:u_haze_removal_top|haze_removal_core:u_core|adc_estimation:u_adc_estimation|adc_line_buffer_5x5:u_line_buf_mc|altsyncram:line_buf_0_rtl_0                   ;
;     -- OPERATION_MODE                     ; DUAL_PORT                                                                                                                                                                                                          ;
;     -- WIDTH_A                            ; 8                                                                                                                                                                                                                  ;
;     -- NUMWORDS_A                         ; 128                                                                                                                                                                                                                ;
;     -- OUTDATA_REG_A                      ; UNREGISTERED                                                                                                                                                                                                       ;
;     -- WIDTH_B                            ; 8                                                                                                                                                                                                                  ;
;     -- NUMWORDS_B                         ; 128                                                                                                                                                                                                                ;
;     -- ADDRESS_REG_B                      ; CLOCK1                                                                                                                                                                                                             ;
;     -- OUTDATA_REG_B                      ; UNREGISTERED                                                                                                                                                                                                       ;
;     -- RAM_BLOCK_TYPE                     ; M10K                                                                                                                                                                                                               ;
;     -- READ_DURING_WRITE_MODE_MIXED_PORTS ; DONT_CARE                                                                                                                                                                                                          ;
; Entity Instance                           ; soc_top:u_soc_top|ipu_core:u_ipu_core|haze_removal_top:u_haze_removal_top|haze_removal_core:u_core|adc_estimation:u_adc_estimation|adc_line_buffer_5x5:u_line_buf_mc|altsyncram:line_buf_1_rtl_0                   ;
;     -- OPERATION_MODE                     ; DUAL_PORT                                                                                                                                                                                                          ;
;     -- WIDTH_A                            ; 8                                                                                                                                                                                                                  ;
;     -- NUMWORDS_A                         ; 128                                                                                                                                                                                                                ;
;     -- OUTDATA_REG_A                      ; UNREGISTERED                                                                                                                                                                                                       ;
;     -- WIDTH_B                            ; 8                                                                                                                                                                                                                  ;
;     -- NUMWORDS_B                         ; 128                                                                                                                                                                                                                ;
;     -- ADDRESS_REG_B                      ; CLOCK1                                                                                                                                                                                                             ;
;     -- OUTDATA_REG_B                      ; UNREGISTERED                                                                                                                                                                                                       ;
;     -- RAM_BLOCK_TYPE                     ; M10K                                                                                                                                                                                                               ;
;     -- READ_DURING_WRITE_MODE_MIXED_PORTS ; DONT_CARE                                                                                                                                                                                                          ;
; Entity Instance                           ; soc_top:u_soc_top|ipu_core:u_ipu_core|haze_removal_top:u_haze_removal_top|haze_removal_core:u_core|adc_estimation:u_adc_estimation|adc_line_buffer_5x5:u_line_buf_mc|altsyncram:line_buf_2_rtl_0                   ;
;     -- OPERATION_MODE                     ; DUAL_PORT                                                                                                                                                                                                          ;
;     -- WIDTH_A                            ; 8                                                                                                                                                                                                                  ;
;     -- NUMWORDS_A                         ; 128                                                                                                                                                                                                                ;
;     -- OUTDATA_REG_A                      ; UNREGISTERED                                                                                                                                                                                                       ;
;     -- WIDTH_B                            ; 8                                                                                                                                                                                                                  ;
;     -- NUMWORDS_B                         ; 128                                                                                                                                                                                                                ;
;     -- ADDRESS_REG_B                      ; CLOCK1                                                                                                                                                                                                             ;
;     -- OUTDATA_REG_B                      ; UNREGISTERED                                                                                                                                                                                                       ;
;     -- RAM_BLOCK_TYPE                     ; M10K                                                                                                                                                                                                               ;
;     -- READ_DURING_WRITE_MODE_MIXED_PORTS ; DONT_CARE                                                                                                                                                                                                          ;
; Entity Instance                           ; soc_top:u_soc_top|ipu_core:u_ipu_core|haze_removal_top:u_haze_removal_top|haze_removal_core:u_core|adc_estimation:u_adc_estimation|adc_line_buffer_5x5:u_line_buf_mc|altsyncram:line_buf_3_rtl_0                   ;
;     -- OPERATION_MODE                     ; DUAL_PORT                                                                                                                                                                                                          ;
;     -- WIDTH_A                            ; 8                                                                                                                                                                                                                  ;
;     -- NUMWORDS_A                         ; 128                                                                                                                                                                                                                ;
;     -- OUTDATA_REG_A                      ; UNREGISTERED                                                                                                                                                                                                       ;
;     -- WIDTH_B                            ; 8                                                                                                                                                                                                                  ;
;     -- NUMWORDS_B                         ; 128                                                                                                                                                                                                                ;
;     -- ADDRESS_REG_B                      ; CLOCK1                                                                                                                                                                                                             ;
;     -- OUTDATA_REG_B                      ; UNREGISTERED                                                                                                                                                                                                       ;
;     -- RAM_BLOCK_TYPE                     ; M10K                                                                                                                                                                                                               ;
;     -- READ_DURING_WRITE_MODE_MIXED_PORTS ; DONT_CARE                                                                                                                                                                                                          ;
; Entity Instance                           ; soc_top:u_soc_top|ipu_core:u_ipu_core|haze_removal_top:u_haze_removal_top|haze_removal_core:u_core|adc_estimation:u_adc_estimation|adc_line_buffer_5x5:u_line_buf_gray|altsyncram:line_buf_0_rtl_0                 ;
;     -- OPERATION_MODE                     ; DUAL_PORT                                                                                                                                                                                                          ;
;     -- WIDTH_A                            ; 8                                                                                                                                                                                                                  ;
;     -- NUMWORDS_A                         ; 128                                                                                                                                                                                                                ;
;     -- OUTDATA_REG_A                      ; UNREGISTERED                                                                                                                                                                                                       ;
;     -- WIDTH_B                            ; 8                                                                                                                                                                                                                  ;
;     -- NUMWORDS_B                         ; 128                                                                                                                                                                                                                ;
;     -- ADDRESS_REG_B                      ; CLOCK1                                                                                                                                                                                                             ;
;     -- OUTDATA_REG_B                      ; UNREGISTERED                                                                                                                                                                                                       ;
;     -- RAM_BLOCK_TYPE                     ; M10K                                                                                                                                                                                                               ;
;     -- READ_DURING_WRITE_MODE_MIXED_PORTS ; DONT_CARE                                                                                                                                                                                                          ;
; Entity Instance                           ; soc_top:u_soc_top|ipu_core:u_ipu_core|haze_removal_top:u_haze_removal_top|haze_removal_core:u_core|adc_estimation:u_adc_estimation|adc_line_buffer_5x5:u_line_buf_gray|altsyncram:line_buf_1_rtl_0                 ;
;     -- OPERATION_MODE                     ; DUAL_PORT                                                                                                                                                                                                          ;
;     -- WIDTH_A                            ; 8                                                                                                                                                                                                                  ;
;     -- NUMWORDS_A                         ; 128                                                                                                                                                                                                                ;
;     -- OUTDATA_REG_A                      ; UNREGISTERED                                                                                                                                                                                                       ;
;     -- WIDTH_B                            ; 8                                                                                                                                                                                                                  ;
;     -- NUMWORDS_B                         ; 128                                                                                                                                                                                                                ;
;     -- ADDRESS_REG_B                      ; CLOCK1                                                                                                                                                                                                             ;
;     -- OUTDATA_REG_B                      ; UNREGISTERED                                                                                                                                                                                                       ;
;     -- RAM_BLOCK_TYPE                     ; M10K                                                                                                                                                                                                               ;
;     -- READ_DURING_WRITE_MODE_MIXED_PORTS ; DONT_CARE                                                                                                                                                                                                          ;
; Entity Instance                           ; soc_top:u_soc_top|ipu_core:u_ipu_core|haze_removal_top:u_haze_removal_top|haze_removal_core:u_core|adc_estimation:u_adc_estimation|adc_line_buffer_5x5:u_line_buf_gray|altsyncram:line_buf_2_rtl_0                 ;
;     -- OPERATION_MODE                     ; DUAL_PORT                                                                                                                                                                                                          ;
;     -- WIDTH_A                            ; 8                                                                                                                                                                                                                  ;
;     -- NUMWORDS_A                         ; 128                                                                                                                                                                                                                ;
;     -- OUTDATA_REG_A                      ; UNREGISTERED                                                                                                                                                                                                       ;
;     -- WIDTH_B                            ; 8                                                                                                                                                                                                                  ;
;     -- NUMWORDS_B                         ; 128                                                                                                                                                                                                                ;
;     -- ADDRESS_REG_B                      ; CLOCK1                                                                                                                                                                                                             ;
;     -- OUTDATA_REG_B                      ; UNREGISTERED                                                                                                                                                                                                       ;
;     -- RAM_BLOCK_TYPE                     ; M10K                                                                                                                                                                                                               ;
;     -- READ_DURING_WRITE_MODE_MIXED_PORTS ; DONT_CARE                                                                                                                                                                                                          ;
; Entity Instance                           ; soc_top:u_soc_top|ipu_core:u_ipu_core|haze_removal_top:u_haze_removal_top|haze_removal_core:u_core|adc_estimation:u_adc_estimation|adc_line_buffer_5x5:u_line_buf_gray|altsyncram:line_buf_3_rtl_0                 ;
;     -- OPERATION_MODE                     ; DUAL_PORT                                                                                                                                                                                                          ;
;     -- WIDTH_A                            ; 8                                                                                                                                                                                                                  ;
;     -- NUMWORDS_A                         ; 128                                                                                                                                                                                                                ;
;     -- OUTDATA_REG_A                      ; UNREGISTERED                                                                                                                                                                                                       ;
;     -- WIDTH_B                            ; 8                                                                                                                                                                                                                  ;
;     -- NUMWORDS_B                         ; 128                                                                                                                                                                                                                ;
;     -- ADDRESS_REG_B                      ; CLOCK1                                                                                                                                                                                                             ;
;     -- OUTDATA_REG_B                      ; UNREGISTERED                                                                                                                                                                                                       ;
;     -- RAM_BLOCK_TYPE                     ; M10K                                                                                                                                                                                                               ;
;     -- READ_DURING_WRITE_MODE_MIXED_PORTS ; DONT_CARE                                                                                                                                                                                                          ;
; Entity Instance                           ; soc_top:u_soc_top|ipu_core:u_ipu_core|haze_removal_top:u_haze_removal_top|haze_removal_core:u_core|atm_light_coarse_tx:u_atm_light_coarse_tx|bank_pingpong_stream:u_bank_tx|bank_bram:u_bank2|altsyncram:mem_rtl_0 ;
;     -- OPERATION_MODE                     ; DUAL_PORT                                                                                                                                                                                                          ;
;     -- WIDTH_A                            ; 8                                                                                                                                                                                                                  ;
;     -- NUMWORDS_A                         ; 16384                                                                                                                                                                                                              ;
;     -- OUTDATA_REG_A                      ; UNREGISTERED                                                                                                                                                                                                       ;
;     -- WIDTH_B                            ; 8                                                                                                                                                                                                                  ;
;     -- NUMWORDS_B                         ; 16384                                                                                                                                                                                                              ;
;     -- ADDRESS_REG_B                      ; CLOCK0                                                                                                                                                                                                             ;
;     -- OUTDATA_REG_B                      ; UNREGISTERED                                                                                                                                                                                                       ;
;     -- RAM_BLOCK_TYPE                     ; M10K                                                                                                                                                                                                               ;
;     -- READ_DURING_WRITE_MODE_MIXED_PORTS ; OLD_DATA                                                                                                                                                                                                           ;
; Entity Instance                           ; soc_top:u_soc_top|ipu_core:u_ipu_core|haze_removal_top:u_haze_removal_top|haze_removal_core:u_core|atm_light_coarse_tx:u_atm_light_coarse_tx|bank_pingpong_stream:u_bank_tx|bank_bram:u_bank1|altsyncram:mem_rtl_0 ;
;     -- OPERATION_MODE                     ; DUAL_PORT                                                                                                                                                                                                          ;
;     -- WIDTH_A                            ; 8                                                                                                                                                                                                                  ;
;     -- NUMWORDS_A                         ; 16384                                                                                                                                                                                                              ;
;     -- OUTDATA_REG_A                      ; UNREGISTERED                                                                                                                                                                                                       ;
;     -- WIDTH_B                            ; 8                                                                                                                                                                                                                  ;
;     -- NUMWORDS_B                         ; 16384                                                                                                                                                                                                              ;
;     -- ADDRESS_REG_B                      ; CLOCK0                                                                                                                                                                                                             ;
;     -- OUTDATA_REG_B                      ; UNREGISTERED                                                                                                                                                                                                       ;
;     -- RAM_BLOCK_TYPE                     ; M10K                                                                                                                                                                                                               ;
;     -- READ_DURING_WRITE_MODE_MIXED_PORTS ; OLD_DATA                                                                                                                                                                                                           ;
; Entity Instance                           ; soc_top:u_soc_top|ipu_core:u_ipu_core|haze_removal_top:u_haze_removal_top|haze_removal_core:u_core|bank_bram:u_tx_frame_map|altsyncram:mem_rtl_0                                                                   ;
;     -- OPERATION_MODE                     ; DUAL_PORT                                                                                                                                                                                                          ;
;     -- WIDTH_A                            ; 8                                                                                                                                                                                                                  ;
;     -- NUMWORDS_A                         ; 16384                                                                                                                                                                                                              ;
;     -- OUTDATA_REG_A                      ; UNREGISTERED                                                                                                                                                                                                       ;
;     -- WIDTH_B                            ; 8                                                                                                                                                                                                                  ;
;     -- NUMWORDS_B                         ; 16384                                                                                                                                                                                                              ;
;     -- ADDRESS_REG_B                      ; CLOCK0                                                                                                                                                                                                             ;
;     -- OUTDATA_REG_B                      ; UNREGISTERED                                                                                                                                                                                                       ;
;     -- RAM_BLOCK_TYPE                     ; M10K                                                                                                                                                                                                               ;
;     -- READ_DURING_WRITE_MODE_MIXED_PORTS ; OLD_DATA                                                                                                                                                                                                           ;
; Entity Instance                           ; soc_top:u_soc_top|ipu_core:u_ipu_core|haze_removal_top:u_haze_removal_top|haze_removal_core:u_core|bank_bram:u_adc_frame_map|altsyncram:mem_rtl_0                                                                  ;
;     -- OPERATION_MODE                     ; DUAL_PORT                                                                                                                                                                                                          ;
;     -- WIDTH_A                            ; 8                                                                                                                                                                                                                  ;
;     -- NUMWORDS_A                         ; 16384                                                                                                                                                                                                              ;
;     -- OUTDATA_REG_A                      ; UNREGISTERED                                                                                                                                                                                                       ;
;     -- WIDTH_B                            ; 8                                                                                                                                                                                                                  ;
;     -- NUMWORDS_B                         ; 16384                                                                                                                                                                                                              ;
;     -- ADDRESS_REG_B                      ; CLOCK0                                                                                                                                                                                                             ;
;     -- OUTDATA_REG_B                      ; UNREGISTERED                                                                                                                                                                                                       ;
;     -- RAM_BLOCK_TYPE                     ; M10K                                                                                                                                                                                                               ;
;     -- READ_DURING_WRITE_MODE_MIXED_PORTS ; OLD_DATA                                                                                                                                                                                                           ;
; Entity Instance                           ; soc_top:u_soc_top|single_cycle:u_single_cycle|lsu:lsu|memory:mem|altsyncram:mem_b0_rtl_0                                                                                                                           ;
;     -- OPERATION_MODE                     ; BIDIR_DUAL_PORT                                                                                                                                                                                                    ;
;     -- WIDTH_A                            ; 8                                                                                                                                                                                                                  ;
;     -- NUMWORDS_A                         ; 4096                                                                                                                                                                                                               ;
;     -- OUTDATA_REG_A                      ; UNREGISTERED                                                                                                                                                                                                       ;
;     -- WIDTH_B                            ; 8                                                                                                                                                                                                                  ;
;     -- NUMWORDS_B                         ; 4096                                                                                                                                                                                                               ;
;     -- ADDRESS_REG_B                      ; CLOCK0                                                                                                                                                                                                             ;
;     -- OUTDATA_REG_B                      ; UNREGISTERED                                                                                                                                                                                                       ;
;     -- RAM_BLOCK_TYPE                     ; M10K                                                                                                                                                                                                               ;
;     -- READ_DURING_WRITE_MODE_MIXED_PORTS ; DONT_CARE                                                                                                                                                                                                          ;
; Entity Instance                           ; soc_top:u_soc_top|single_cycle:u_single_cycle|lsu:lsu|memory:mem|altsyncram:mem_b1_rtl_0                                                                                                                           ;
;     -- OPERATION_MODE                     ; BIDIR_DUAL_PORT                                                                                                                                                                                                    ;
;     -- WIDTH_A                            ; 8                                                                                                                                                                                                                  ;
;     -- NUMWORDS_A                         ; 4096                                                                                                                                                                                                               ;
;     -- OUTDATA_REG_A                      ; UNREGISTERED                                                                                                                                                                                                       ;
;     -- WIDTH_B                            ; 8                                                                                                                                                                                                                  ;
;     -- NUMWORDS_B                         ; 4096                                                                                                                                                                                                               ;
;     -- ADDRESS_REG_B                      ; CLOCK0                                                                                                                                                                                                             ;
;     -- OUTDATA_REG_B                      ; UNREGISTERED                                                                                                                                                                                                       ;
;     -- RAM_BLOCK_TYPE                     ; M10K                                                                                                                                                                                                               ;
;     -- READ_DURING_WRITE_MODE_MIXED_PORTS ; DONT_CARE                                                                                                                                                                                                          ;
; Entity Instance                           ; soc_top:u_soc_top|single_cycle:u_single_cycle|lsu:lsu|memory:mem|altsyncram:mem_b2_rtl_0                                                                                                                           ;
;     -- OPERATION_MODE                     ; BIDIR_DUAL_PORT                                                                                                                                                                                                    ;
;     -- WIDTH_A                            ; 8                                                                                                                                                                                                                  ;
;     -- NUMWORDS_A                         ; 4096                                                                                                                                                                                                               ;
;     -- OUTDATA_REG_A                      ; UNREGISTERED                                                                                                                                                                                                       ;
;     -- WIDTH_B                            ; 8                                                                                                                                                                                                                  ;
;     -- NUMWORDS_B                         ; 4096                                                                                                                                                                                                               ;
;     -- ADDRESS_REG_B                      ; CLOCK0                                                                                                                                                                                                             ;
;     -- OUTDATA_REG_B                      ; UNREGISTERED                                                                                                                                                                                                       ;
;     -- RAM_BLOCK_TYPE                     ; M10K                                                                                                                                                                                                               ;
;     -- READ_DURING_WRITE_MODE_MIXED_PORTS ; DONT_CARE                                                                                                                                                                                                          ;
; Entity Instance                           ; soc_top:u_soc_top|single_cycle:u_single_cycle|lsu:lsu|memory:mem|altsyncram:mem_b3_rtl_0                                                                                                                           ;
;     -- OPERATION_MODE                     ; BIDIR_DUAL_PORT                                                                                                                                                                                                    ;
;     -- WIDTH_A                            ; 8                                                                                                                                                                                                                  ;
;     -- NUMWORDS_A                         ; 4096                                                                                                                                                                                                               ;
;     -- OUTDATA_REG_A                      ; UNREGISTERED                                                                                                                                                                                                       ;
;     -- WIDTH_B                            ; 8                                                                                                                                                                                                                  ;
;     -- NUMWORDS_B                         ; 4096                                                                                                                                                                                                               ;
;     -- ADDRESS_REG_B                      ; CLOCK0                                                                                                                                                                                                             ;
;     -- OUTDATA_REG_B                      ; UNREGISTERED                                                                                                                                                                                                       ;
;     -- RAM_BLOCK_TYPE                     ; M10K                                                                                                                                                                                                               ;
;     -- READ_DURING_WRITE_MODE_MIXED_PORTS ; DONT_CARE                                                                                                                                                                                                          ;
; Entity Instance                           ; soc_top:u_soc_top|single_cycle:u_single_cycle|instr_mem:instr_mem_inst|altsyncram:IMem_rtl_0                                                                                                                       ;
;     -- OPERATION_MODE                     ; ROM                                                                                                                                                                                                                ;
;     -- WIDTH_A                            ; 32                                                                                                                                                                                                                 ;
;     -- NUMWORDS_A                         ; 2000                                                                                                                                                                                                               ;
;     -- OUTDATA_REG_A                      ; UNREGISTERED                                                                                                                                                                                                       ;
;     -- WIDTH_B                            ; 1                                                                                                                                                                                                                  ;
;     -- NUMWORDS_B                         ; 1                                                                                                                                                                                                                  ;
;     -- ADDRESS_REG_B                      ; CLOCK1                                                                                                                                                                                                             ;
;     -- OUTDATA_REG_B                      ; UNREGISTERED                                                                                                                                                                                                       ;
;     -- RAM_BLOCK_TYPE                     ; M10K                                                                                                                                                                                                               ;
;     -- READ_DURING_WRITE_MODE_MIXED_PORTS ; DONT_CARE                                                                                                                                                                                                          ;
+-------------------------------------------+--------------------------------------------------------------------------------------------------------------------------------------------------------------------------------------------------------------------+


+------------------------------------------------------------------------------------------------------------------+
; Port Connectivity Checks: "vga_controller:u_vga_controller|vga_pll:pll_u"                                        ;
+--------+--------+----------+-------------------------------------------------------------------------------------+
; Port   ; Type   ; Severity ; Details                                                                             ;
+--------+--------+----------+-------------------------------------------------------------------------------------+
; locked ; Output ; Info     ; Connected to dangling logic. Logic that only feeds a dangling port will be removed. ;
+--------+--------+----------+-------------------------------------------------------------------------------------+


+------------------------------------------------------------------------------------------------------------------------------------------------------------------------------------------------------------------+
; Port Connectivity Checks: "soc_top:u_soc_top|ipu_core:u_ipu_core|haze_removal_top:u_haze_removal_top|haze_removal_core:u_core|t_compute_fuse:u_t_compute_fuse|t_computing:u_t_computing|recip_lut_q16:u_recip_A" ;
+-------------+--------+----------+--------------------------------------------------------------------------------------------------------------------------------------------------------------------------------+
; Port        ; Type   ; Severity ; Details                                                                                                                                                                        ;
+-------------+--------+----------+--------------------------------------------------------------------------------------------------------------------------------------------------------------------------------+
; o_recip_q16 ; Output ; Info     ; Connected to dangling logic. Logic that only feeds a dangling port will be removed.                                                                                            ;
+-------------+--------+----------+--------------------------------------------------------------------------------------------------------------------------------------------------------------------------------+


+------------------------------------------------------------------------------------------------------------------------------------------------------------------------------------------+
; Port Connectivity Checks: "soc_top:u_soc_top|ipu_core:u_ipu_core|haze_removal_top:u_haze_removal_top|haze_removal_core:u_core|t_compute_fuse:u_t_compute_fuse|t_computing:u_t_computing" ;
+-----------+--------+----------+----------------------------------------------------------------------------------------------------------------------------------------------------------+
; Port      ; Type   ; Severity ; Details                                                                                                                                                  ;
+-----------+--------+----------+----------------------------------------------------------------------------------------------------------------------------------------------------------+
; o_tx_used ; Output ; Info     ; Explicitly unconnected                                                                                                                                   ;
+-----------+--------+----------+----------------------------------------------------------------------------------------------------------------------------------------------------------+


+----------------------------------------------------------------------------------------------------------------------------------------------------------------+
; Port Connectivity Checks: "soc_top:u_soc_top|ipu_core:u_ipu_core|haze_removal_top:u_haze_removal_top|haze_removal_core:u_core|t_compute_fuse:u_t_compute_fuse" ;
+-----------+--------+----------+--------------------------------------------------------------------------------------------------------------------------------+
; Port      ; Type   ; Severity ; Details                                                                                                                        ;
+-----------+--------+----------+--------------------------------------------------------------------------------------------------------------------------------+
; o_valid   ; Output ; Info     ; Connected to dangling logic. Logic that only feeds a dangling port will be removed.                                            ;
; o_tx_raw  ; Output ; Info     ; Connected to dangling logic. Logic that only feeds a dangling port will be removed.                                            ;
; o_tx_used ; Output ; Info     ; Connected to dangling logic. Logic that only feeds a dangling port will be removed.                                            ;
; o_out_r   ; Output ; Info     ; Connected to dangling logic. Logic that only feeds a dangling port will be removed.                                            ;
; o_out_g   ; Output ; Info     ; Connected to dangling logic. Logic that only feeds a dangling port will be removed.                                            ;
; o_out_b   ; Output ; Info     ; Connected to dangling logic. Logic that only feeds a dangling port will be removed.                                            ;
+-----------+--------+----------+--------------------------------------------------------------------------------------------------------------------------------+


+----------------------------------------------------------------------------------------------------------------------------------------------------------------+
; Port Connectivity Checks: "soc_top:u_soc_top|ipu_core:u_ipu_core|haze_removal_top:u_haze_removal_top|haze_removal_core:u_core|adc_estimation:u_adc_estimation" ;
+--------+--------+----------+-----------------------------------------------------------------------------------------------------------------------------------+
; Port   ; Type   ; Severity ; Details                                                                                                                           ;
+--------+--------+----------+-----------------------------------------------------------------------------------------------------------------------------------+
; o_done ; Output ; Info     ; Connected to dangling logic. Logic that only feeds a dangling port will be removed.                                               ;
+--------+--------+----------+-----------------------------------------------------------------------------------------------------------------------------------+


+-------------------------------------------------------------------------------------------------------------------------------------------------------------------------------------------------------------------------------------------+
; Port Connectivity Checks: "soc_top:u_soc_top|ipu_core:u_ipu_core|haze_removal_top:u_haze_removal_top|haze_removal_core:u_core|atm_light_coarse_tx:u_atm_light_coarse_tx|bank_pingpong_stream:u_bank_tx|frame_linear_counter:u_wr_counter" ;
+-------------+--------+----------+---------------------------------------------------------------------------------------------------------------------------------------------------------------------------------------------------------+
; Port        ; Type   ; Severity ; Details                                                                                                                                                                                                 ;
+-------------+--------+----------+---------------------------------------------------------------------------------------------------------------------------------------------------------------------------------------------------------+
; o_row       ; Output ; Info     ; Connected to dangling logic. Logic that only feeds a dangling port will be removed.                                                                                                                     ;
; o_col       ; Output ; Info     ; Connected to dangling logic. Logic that only feeds a dangling port will be removed.                                                                                                                     ;
; o_at_top    ; Output ; Info     ; Connected to dangling logic. Logic that only feeds a dangling port will be removed.                                                                                                                     ;
; o_at_bottom ; Output ; Info     ; Connected to dangling logic. Logic that only feeds a dangling port will be removed.                                                                                                                     ;
; o_at_left   ; Output ; Info     ; Connected to dangling logic. Logic that only feeds a dangling port will be removed.                                                                                                                     ;
; o_at_right  ; Output ; Info     ; Connected to dangling logic. Logic that only feeds a dangling port will be removed.                                                                                                                     ;
+-------------+--------+----------+---------------------------------------------------------------------------------------------------------------------------------------------------------------------------------------------------------+


+---------------------------------------------------------------------------------------------------------------------------------------------------------------------------------------------------------+
; Port Connectivity Checks: "soc_top:u_soc_top|ipu_core:u_ipu_core|haze_removal_top:u_haze_removal_top|haze_removal_core:u_core|atm_light_coarse_tx:u_atm_light_coarse_tx|bank_pingpong_stream:u_bank_tx" ;
+-------------+--------+----------+-----------------------------------------------------------------------------------------------------------------------------------------------------------------------+
; Port        ; Type   ; Severity ; Details                                                                                                                                                               ;
+-------------+--------+----------+-----------------------------------------------------------------------------------------------------------------------------------------------------------------------+
; o_rd_row    ; Output ; Info     ; Explicitly unconnected                                                                                                                                                ;
; o_rd_col    ; Output ; Info     ; Explicitly unconnected                                                                                                                                                ;
; o_at_top    ; Output ; Info     ; Explicitly unconnected                                                                                                                                                ;
; o_at_bottom ; Output ; Info     ; Explicitly unconnected                                                                                                                                                ;
; o_at_left   ; Output ; Info     ; Explicitly unconnected                                                                                                                                                ;
; o_at_right  ; Output ; Info     ; Explicitly unconnected                                                                                                                                                ;
+-------------+--------+----------+-----------------------------------------------------------------------------------------------------------------------------------------------------------------------+


+------------------------------------------------------------------------------------------------------------------------------------------------------------------------------------------------------+
; Port Connectivity Checks: "soc_top:u_soc_top|ipu_core:u_ipu_core|haze_removal_top:u_haze_removal_top|haze_removal_core:u_core|atm_light_coarse_tx:u_atm_light_coarse_tx|sky_recognition:u_sky_recog" ;
+----------+--------+----------+-----------------------------------------------------------------------------------------------------------------------------------------------------------------------+
; Port     ; Type   ; Severity ; Details                                                                                                                                                               ;
+----------+--------+----------+-----------------------------------------------------------------------------------------------------------------------------------------------------------------------+
; o_sky_bw ; Output ; Info     ; Explicitly unconnected                                                                                                                                                ;
+----------+--------+----------+-----------------------------------------------------------------------------------------------------------------------------------------------------------------------+


+------------------------------------------------------------------------------------------------------------------------------------------------------------------------------------------------------+
; Port Connectivity Checks: "soc_top:u_soc_top|ipu_core:u_ipu_core|haze_removal_top:u_haze_removal_top|haze_removal_core:u_core|atm_light_coarse_tx:u_atm_light_coarse_tx|dark_channel:u_dark_channel" ;
+---------+--------+----------+------------------------------------------------------------------------------------------------------------------------------------------------------------------------+
; Port    ; Type   ; Severity ; Details                                                                                                                                                                ;
+---------+--------+----------+------------------------------------------------------------------------------------------------------------------------------------------------------------------------+
; o_valid ; Output ; Info     ; Connected to dangling logic. Logic that only feeds a dangling port will be removed.                                                                                    ;
+---------+--------+----------+------------------------------------------------------------------------------------------------------------------------------------------------------------------------+


+------------------------------------------------------------------------------------------------------------------------------------------------------------------------------------------------+
; Port Connectivity Checks: "soc_top:u_soc_top|ipu_core:u_ipu_core|haze_removal_top:u_haze_removal_top|haze_removal_core:u_core|atm_light_coarse_tx:u_atm_light_coarse_tx|grayscale:u_grayscale" ;
+---------+-------+----------+-------------------------------------------------------------------------------------------------------------------------------------------------------------------+
; Port    ; Type  ; Severity ; Details                                                                                                                                                           ;
+---------+-------+----------+-------------------------------------------------------------------------------------------------------------------------------------------------------------------+
; mode[1] ; Input ; Info     ; Stuck at VCC                                                                                                                                                      ;
; mode[0] ; Input ; Info     ; Stuck at GND                                                                                                                                                      ;
+---------+-------+----------+-------------------------------------------------------------------------------------------------------------------------------------------------------------------+


+--------------------------------------------------------------------------------------------------------------------------------------------------------------------------+
; Port Connectivity Checks: "soc_top:u_soc_top|ipu_core:u_ipu_core|haze_removal_top:u_haze_removal_top|haze_removal_core:u_core|atm_light_coarse_tx:u_atm_light_coarse_tx" ;
+----------------+--------+----------+-------------------------------------------------------------------------------------------------------------------------------------+
; Port           ; Type   ; Severity ; Details                                                                                                                             ;
+----------------+--------+----------+-------------------------------------------------------------------------------------------------------------------------------------+
; i_A0[2..1]     ; Input  ; Info     ; Stuck at VCC                                                                                                                        ;
; i_A0[6..5]     ; Input  ; Info     ; Stuck at GND                                                                                                                        ;
; i_A0[7]        ; Input  ; Info     ; Stuck at VCC                                                                                                                        ;
; i_A0[4]        ; Input  ; Info     ; Stuck at VCC                                                                                                                        ;
; i_A0[3]        ; Input  ; Info     ; Stuck at GND                                                                                                                        ;
; i_A0[0]        ; Input  ; Info     ; Stuck at GND                                                                                                                        ;
; i_use_dark     ; Input  ; Info     ; Stuck at GND                                                                                                                        ;
; i_use_sky      ; Input  ; Info     ; Stuck at VCC                                                                                                                        ;
; i_t_sky        ; Input  ; Info     ; Stuck at VCC                                                                                                                        ;
; o_dark_valid   ; Output ; Info     ; Connected to dangling logic. Logic that only feeds a dangling port will be removed.                                                 ;
; o_dark_ch      ; Output ; Info     ; Connected to dangling logic. Logic that only feeds a dangling port will be removed.                                                 ;
; o_sky_valid    ; Output ; Info     ; Connected to dangling logic. Logic that only feeds a dangling port will be removed.                                                 ;
; o_sky          ; Output ; Info     ; Connected to dangling logic. Logic that only feeds a dangling port will be removed.                                                 ;
; o_tx           ; Output ; Info     ; Connected to dangling logic. Logic that only feeds a dangling port will be removed.                                                 ;
; o_bank_rd_addr ; Output ; Info     ; Connected to dangling logic. Logic that only feeds a dangling port will be removed.                                                 ;
; o_bank_wr_sel  ; Output ; Info     ; Connected to dangling logic. Logic that only feeds a dangling port will be removed.                                                 ;
; o_bank_rd_sel  ; Output ; Info     ; Connected to dangling logic. Logic that only feeds a dangling port will be removed.                                                 ;
+----------------+--------+----------+-------------------------------------------------------------------------------------------------------------------------------------+


+--------------------------------------------------------------------------------------------------------------------------+
; Port Connectivity Checks: "soc_top:u_soc_top|ipu_core:u_ipu_core|ipu_bram_reader:u_ipu_bram_reader"                      ;
+----------------+--------+----------+-------------------------------------------------------------------------------------+
; Port           ; Type   ; Severity ; Details                                                                             ;
+----------------+--------+----------+-------------------------------------------------------------------------------------+
; pre_frame_href ; Output ; Info     ; Connected to dangling logic. Logic that only feeds a dangling port will be removed. ;
+----------------+--------+----------+-------------------------------------------------------------------------------------+


+---------------------------------------------------------------------------------+
; Port Connectivity Checks: "soc_top:u_soc_top|ipu_apb_wrapper:u_ipu_apb_wrapper" ;
+---------+--------+----------+---------------------------------------------------+
; Port    ; Type   ; Severity ; Details                                           ;
+---------+--------+----------+---------------------------------------------------+
; PSLVERR ; Output ; Info     ; Explicitly unconnected                            ;
+---------+--------+----------+---------------------------------------------------+


+-----------------------------------------------------------------------------------+
; Port Connectivity Checks: "soc_top:u_soc_top|peri_apb_wrapper:u_peri_apb_wrapper" ;
+---------+--------+----------+-----------------------------------------------------+
; Port    ; Type   ; Severity ; Details                                             ;
+---------+--------+----------+-----------------------------------------------------+
; PSLVERR ; Output ; Info     ; Explicitly unconnected                              ;
+---------+--------+----------+-----------------------------------------------------+


+----------------------------------------------------------------------------------------------------------------------+
; Port Connectivity Checks: "soc_top:u_soc_top|single_cycle:u_single_cycle|brc:brc|cla_32bit:subtractor"               ;
+------------+--------+----------+-------------------------------------------------------------------------------------+
; Port       ; Type   ; Severity ; Details                                                                             ;
+------------+--------+----------+-------------------------------------------------------------------------------------+
; i_ci       ; Input  ; Info     ; Stuck at VCC                                                                        ;
; o_s[30..0] ; Output ; Info     ; Connected to dangling logic. Logic that only feeds a dangling port will be removed. ;
+------------+--------+----------+-------------------------------------------------------------------------------------+


+-------------------------------------------------------------------------------------------------------------------------------+
; Port Connectivity Checks: "soc_top:u_soc_top"                                                                                 ;
+---------------------+--------+----------+-------------------------------------------------------------------------------------+
; Port                ; Type   ; Severity ; Details                                                                             ;
+---------------------+--------+----------+-------------------------------------------------------------------------------------+
; i_io_sw[31..18]     ; Input  ; Info     ; Stuck at GND                                                                        ;
; o_io_ledr[31..18]   ; Output ; Info     ; Connected to dangling logic. Logic that only feeds a dangling port will be removed. ;
; o_io_ledg[31..9]    ; Output ; Info     ; Connected to dangling logic. Logic that only feeds a dangling port will be removed. ;
; o_io_lcd[31..11]    ; Output ; Info     ; Connected to dangling logic. Logic that only feeds a dangling port will be removed. ;
; o_insn_vld          ; Output ; Info     ; Explicitly unconnected                                                              ;
; o_ipu_irq           ; Output ; Info     ; Explicitly unconnected                                                              ;
; vga_rd_en           ; Input  ; Info     ; Stuck at VCC                                                                        ;
; vga_rd_addr[15..14] ; Input  ; Info     ; Stuck at GND                                                                        ;
; vga_rd_data[31..24] ; Output ; Info     ; Connected to dangling logic. Logic that only feeds a dangling port will be removed. ;
; vga_rd_data[19..16] ; Output ; Info     ; Connected to dangling logic. Logic that only feeds a dangling port will be removed. ;
; vga_rd_data[11..8]  ; Output ; Info     ; Connected to dangling logic. Logic that only feeds a dangling port will be removed. ;
; vga_rd_data[3..0]   ; Output ; Info     ; Connected to dangling logic. Logic that only feeds a dangling port will be removed. ;
+---------------------+--------+----------+-------------------------------------------------------------------------------------+


+-----------------------------------------------------+
; Post-Synthesis Netlist Statistics for Top Partition ;
+-----------------------+-----------------------------+
; Type                  ; Count                       ;
+-----------------------+-----------------------------+
; arriav_ff             ; 10571                       ;
;     CLR               ; 168                         ;
;     CLR SCLR          ; 3                           ;
;     CLR SLD           ; 15                          ;
;     ENA               ; 6234                        ;
;     ENA CLR           ; 3710                        ;
;     ENA CLR SCLR      ; 284                         ;
;     ENA CLR SLD       ; 94                          ;
;     ENA SCLR          ; 10                          ;
;     SCLR              ; 10                          ;
;     SLD               ; 14                          ;
;     plain             ; 29                          ;
; arriav_lcell_comb     ; 8435                        ;
;     arith             ; 1362                        ;
;         0 data inputs ; 75                          ;
;         1 data inputs ; 680                         ;
;         2 data inputs ; 216                         ;
;         3 data inputs ; 100                         ;
;         4 data inputs ; 57                          ;
;         5 data inputs ; 234                         ;
;     extend            ; 1627                        ;
;         7 data inputs ; 1627                        ;
;     normal            ; 4845                        ;
;         0 data inputs ; 2                           ;
;         1 data inputs ; 42                          ;
;         2 data inputs ; 326                         ;
;         3 data inputs ; 693                         ;
;         4 data inputs ; 617                         ;
;         5 data inputs ; 803                         ;
;         6 data inputs ; 2362                        ;
;     shared            ; 601                         ;
;         0 data inputs ; 34                          ;
;         1 data inputs ; 47                          ;
;         2 data inputs ; 377                         ;
;         3 data inputs ; 109                         ;
;         4 data inputs ; 34                          ;
; arriav_mac            ; 38                          ;
; boundary_port         ; 180                         ;
; generic_pll           ; 1                           ;
; stratixv_ram_block    ; 384                         ;
;                       ;                             ;
; Max LUT depth         ; 23.50                       ;
; Average LUT depth     ; 6.59                        ;
+-----------------------+-----------------------------+


+-------------------------------+
; Elapsed Time Per Partition    ;
+----------------+--------------+
; Partition Name ; Elapsed Time ;
+----------------+--------------+
; Top            ; 00:00:42     ;
+----------------+--------------+


+-------------------------------+
; Analysis & Synthesis Messages ;
+-------------------------------+
Info: *******************************************************************
Info: Running Quartus Prime Analysis & Synthesis
    Info: Version 20.1.1 Build 720 11/11/2020 SJ Lite Edition
    Info: Processing started: Sun Apr 19 15:47:17 2026
Info: Command: quartus_map --read_settings_files=on --write_settings_files=off thesis_v1 -c thesis_v1
Info (20032): Parallel compilation is enabled and will use up to 4 processors
Info (12021): Found 1 design units, including 1 entities, in source file /users/ms khanh/onedrive - hcmut.edu.vn/desktop/datn/works_code_da2/00_src/vga/vga_line_buffer.sv
    Info (12023): Found entity 1: vga_line_buffer File: C:/Users/Ms Khanh/OneDrive - hcmut.edu.vn/Desktop/DATN/works_code_DA2/00_src/VGA/vga_line_buffer.sv Line: 1
Info (12021): Found 1 design units, including 1 entities, in source file /users/ms khanh/onedrive - hcmut.edu.vn/desktop/datn/works_code_da2/00_src/vga/buffer_ram.v
    Info (12023): Found entity 1: buffer_ram File: C:/Users/Ms Khanh/OneDrive - hcmut.edu.vn/Desktop/DATN/works_code_DA2/00_src/VGA/buffer_ram.v Line: 40
Info (12021): Found 1 design units, including 1 entities, in source file /users/ms khanh/onedrive - hcmut.edu.vn/desktop/datn/works_code_da2/06_fgpa_imple/wrapper.sv
    Info (12023): Found entity 1: wrapper File: C:/Users/Ms Khanh/OneDrive - hcmut.edu.vn/Desktop/DATN/works_code_DA2/06_FGPA_Imple/wrapper.sv Line: 8
Info (12021): Found 1 design units, including 1 entities, in source file /users/ms khanh/onedrive - hcmut.edu.vn/desktop/datn/works_code_da2/00_src/soc/soc_top.sv
    Info (12023): Found entity 1: soc_top File: C:/Users/Ms Khanh/OneDrive - hcmut.edu.vn/Desktop/DATN/works_code_DA2/00_src/soc/soc_top.sv Line: 22
Info (12021): Found 1 design units, including 1 entities, in source file /users/ms khanh/onedrive - hcmut.edu.vn/desktop/datn/works_code_da2/00_src/soc/peri_apb_wrapper.sv
    Info (12023): Found entity 1: peri_apb_wrapper File: C:/Users/Ms Khanh/OneDrive - hcmut.edu.vn/Desktop/DATN/works_code_DA2/00_src/soc/peri_apb_wrapper.sv Line: 20
Info (12021): Found 1 design units, including 1 entities, in source file /users/ms khanh/onedrive - hcmut.edu.vn/desktop/datn/works_code_da2/00_src/soc/ipu_apb_wrapper.sv
    Info (12023): Found entity 1: ipu_apb_wrapper File: C:/Users/Ms Khanh/OneDrive - hcmut.edu.vn/Desktop/DATN/works_code_DA2/00_src/soc/ipu_apb_wrapper.sv Line: 4
Info (12021): Found 1 design units, including 1 entities, in source file /users/ms khanh/onedrive - hcmut.edu.vn/desktop/datn/works_code_da2/00_src/ipu/mem/ipu_bram_writer.v
    Info (12023): Found entity 1: ipu_bram_writer File: C:/Users/Ms Khanh/OneDrive - hcmut.edu.vn/Desktop/DATN/works_code_DA2/00_src/IPU/mem/ipu_bram_writer.v Line: 1
Info (12021): Found 1 design units, including 1 entities, in source file /users/ms khanh/onedrive - hcmut.edu.vn/desktop/datn/works_code_da2/00_src/ipu/mem/ipu_bram_reader.v
    Info (12023): Found entity 1: ipu_bram_reader File: C:/Users/Ms Khanh/OneDrive - hcmut.edu.vn/Desktop/DATN/works_code_DA2/00_src/IPU/mem/ipu_bram_reader.v Line: 1
Info (12021): Found 1 design units, including 1 entities, in source file /users/ms khanh/onedrive - hcmut.edu.vn/desktop/datn/works_code_da2/00_src/ipu/mem/img_out_bram.v
    Info (12023): Found entity 1: img_out_bram File: C:/Users/Ms Khanh/OneDrive - hcmut.edu.vn/Desktop/DATN/works_code_DA2/00_src/IPU/mem/img_out_bram.v Line: 1
Info (12021): Found 1 design units, including 1 entities, in source file /users/ms khanh/onedrive - hcmut.edu.vn/desktop/datn/works_code_da2/00_src/ipu/mem/img_tmp_bram.v
    Info (12023): Found entity 1: img_tmp_bram File: C:/Users/Ms Khanh/OneDrive - hcmut.edu.vn/Desktop/DATN/works_code_DA2/00_src/IPU/mem/img_tmp_bram.v Line: 1
Info (12021): Found 1 design units, including 1 entities, in source file /users/ms khanh/onedrive - hcmut.edu.vn/desktop/datn/works_code_da2/00_src/ipu/mem/img_in_bram.v
    Info (12023): Found entity 1: img_in_bram File: C:/Users/Ms Khanh/OneDrive - hcmut.edu.vn/Desktop/DATN/works_code_DA2/00_src/IPU/mem/img_in_bram.v Line: 1
Info (12021): Found 1 design units, including 1 entities, in source file /users/ms khanh/onedrive - hcmut.edu.vn/desktop/datn/works_code_da2/00_src/ipu/t_computing.sv
    Info (12023): Found entity 1: t_computing File: C:/Users/Ms Khanh/OneDrive - hcmut.edu.vn/Desktop/DATN/works_code_DA2/00_src/IPU/t_computing.sv Line: 16
Info (12021): Found 1 design units, including 1 entities, in source file /users/ms khanh/onedrive - hcmut.edu.vn/desktop/datn/works_code_da2/00_src/ipu/recip_lut_q16.sv
    Info (12023): Found entity 1: recip_lut_q16 File: C:/Users/Ms Khanh/OneDrive - hcmut.edu.vn/Desktop/DATN/works_code_DA2/00_src/IPU/recip_lut_q16.sv Line: 6
Info (12021): Found 1 design units, including 1 entities, in source file /users/ms khanh/onedrive - hcmut.edu.vn/desktop/datn/works_code_da2/00_src/ipu/t_compute_fuse.sv
    Info (12023): Found entity 1: t_compute_fuse File: C:/Users/Ms Khanh/OneDrive - hcmut.edu.vn/Desktop/DATN/works_code_DA2/00_src/IPU/t_compute_fuse.sv Line: 14
Info (12021): Found 1 design units, including 1 entities, in source file /users/ms khanh/onedrive - hcmut.edu.vn/desktop/datn/works_code_da2/00_src/ipu/src_min.sv
    Info (12023): Found entity 1: src_min File: C:/Users/Ms Khanh/OneDrive - hcmut.edu.vn/Desktop/DATN/works_code_DA2/00_src/IPU/src_min.sv Line: 1
Info (12021): Found 1 design units, including 1 entities, in source file /users/ms khanh/onedrive - hcmut.edu.vn/desktop/datn/works_code_da2/00_src/ipu/spatial_min3x3.sv
    Info (12023): Found entity 1: spatial_min3x3 File: C:/Users/Ms Khanh/OneDrive - hcmut.edu.vn/Desktop/DATN/works_code_DA2/00_src/IPU/spatial_min3x3.sv Line: 6
Info (12021): Found 1 design units, including 1 entities, in source file /users/ms khanh/onedrive - hcmut.edu.vn/desktop/datn/works_code_da2/00_src/ipu/sky_recognition.sv
    Info (12023): Found entity 1: sky_recognition File: C:/Users/Ms Khanh/OneDrive - hcmut.edu.vn/Desktop/DATN/works_code_DA2/00_src/IPU/sky_recognition.sv Line: 3
Info (12021): Found 1 design units, including 1 entities, in source file /users/ms khanh/onedrive - hcmut.edu.vn/desktop/datn/works_code_da2/00_src/ipu/search_block_min.sv
    Info (12023): Found entity 1: search_block_min File: C:/Users/Ms Khanh/OneDrive - hcmut.edu.vn/Desktop/DATN/works_code_DA2/00_src/IPU/search_block_min.sv Line: 1
Info (12021): Found 1 design units, including 1 entities, in source file /users/ms khanh/onedrive - hcmut.edu.vn/desktop/datn/works_code_da2/00_src/ipu/rom_i.sv
    Info (12023): Found entity 1: ROM_i File: C:/Users/Ms Khanh/OneDrive - hcmut.edu.vn/Desktop/DATN/works_code_DA2/00_src/IPU/ROM_i.sv Line: 3
Info (12021): Found 1 design units, including 1 entities, in source file /users/ms khanh/onedrive - hcmut.edu.vn/desktop/datn/works_code_da2/00_src/ipu/ram_o.sv
    Info (12023): Found entity 1: RAM_o File: C:/Users/Ms Khanh/OneDrive - hcmut.edu.vn/Desktop/DATN/works_code_DA2/00_src/IPU/RAM_o.sv Line: 1
Info (12021): Found 1 design units, including 1 entities, in source file /users/ms khanh/onedrive - hcmut.edu.vn/desktop/datn/works_code_da2/00_src/ipu/omega_clamp_t.sv
    Info (12023): Found entity 1: omega_clamp_t File: C:/Users/Ms Khanh/OneDrive - hcmut.edu.vn/Desktop/DATN/works_code_DA2/00_src/IPU/omega_clamp_t.sv Line: 5
Info (12021): Found 1 design units, including 1 entities, in source file /users/ms khanh/onedrive - hcmut.edu.vn/desktop/datn/works_code_da2/00_src/ipu/norm_channel_q16.sv
    Info (12023): Found entity 1: norm_channel_q16 File: C:/Users/Ms Khanh/OneDrive - hcmut.edu.vn/Desktop/DATN/works_code_DA2/00_src/IPU/norm_channel_q16.sv Line: 7
Info (12021): Found 1 design units, including 1 entities, in source file /users/ms khanh/onedrive - hcmut.edu.vn/desktop/datn/works_code_da2/00_src/ipu/min3_u8.sv
    Info (12023): Found entity 1: min3_u8 File: C:/Users/Ms Khanh/OneDrive - hcmut.edu.vn/Desktop/DATN/works_code_DA2/00_src/IPU/min3_u8.sv Line: 1
Info (12021): Found 1 design units, including 1 entities, in source file /users/ms khanh/onedrive - hcmut.edu.vn/desktop/datn/works_code_da2/00_src/ipu/ipu_top.sv
    Info (12023): Found entity 1: ipu_top File: C:/Users/Ms Khanh/OneDrive - hcmut.edu.vn/Desktop/DATN/works_code_DA2/00_src/IPU/ipu_top.sv Line: 3
Info (12021): Found 1 design units, including 1 entities, in source file /users/ms khanh/onedrive - hcmut.edu.vn/desktop/datn/works_code_da2/00_src/ipu/ipu_soc.sv
    Info (12023): Found entity 1: ipu_soc File: C:/Users/Ms Khanh/OneDrive - hcmut.edu.vn/Desktop/DATN/works_code_DA2/00_src/IPU/ipu_soc.sv Line: 3
Info (12021): Found 1 design units, including 1 entities, in source file /users/ms khanh/onedrive - hcmut.edu.vn/desktop/datn/works_code_da2/00_src/ipu/ipu_core.sv
    Info (12023): Found entity 1: ipu_core File: C:/Users/Ms Khanh/OneDrive - hcmut.edu.vn/Desktop/DATN/works_code_DA2/00_src/IPU/ipu_core.sv Line: 6
Info (12021): Found 1 design units, including 1 entities, in source file /users/ms khanh/onedrive - hcmut.edu.vn/desktop/datn/works_code_da2/00_src/ipu/ipu_control_logic.sv
    Info (12023): Found entity 1: ipu_control_logic File: C:/Users/Ms Khanh/OneDrive - hcmut.edu.vn/Desktop/DATN/works_code_DA2/00_src/IPU/ipu_control_logic.sv Line: 15
Info (12021): Found 1 design units, including 1 entities, in source file /users/ms khanh/onedrive - hcmut.edu.vn/desktop/datn/works_code_da2/00_src/ipu/inva_lut_q16.sv
    Info (12023): Found entity 1: invA_lut_q16 File: C:/Users/Ms Khanh/OneDrive - hcmut.edu.vn/Desktop/DATN/works_code_DA2/00_src/IPU/invA_lut_q16.sv Line: 6
Info (12021): Found 1 design units, including 1 entities, in source file /users/ms khanh/onedrive - hcmut.edu.vn/desktop/datn/works_code_da2/00_src/ipu/haze_removal_top.sv
    Info (12023): Found entity 1: haze_removal_top File: C:/Users/Ms Khanh/OneDrive - hcmut.edu.vn/Desktop/DATN/works_code_DA2/00_src/IPU/haze_removal_top.sv Line: 8
Info (12021): Found 1 design units, including 1 entities, in source file /users/ms khanh/onedrive - hcmut.edu.vn/desktop/datn/works_code_da2/00_src/ipu/haze_removal_core.sv
    Info (12023): Found entity 1: haze_removal_core File: C:/Users/Ms Khanh/OneDrive - hcmut.edu.vn/Desktop/DATN/works_code_DA2/00_src/IPU/haze_removal_core.sv Line: 19
Info (12021): Found 1 design units, including 1 entities, in source file /users/ms khanh/onedrive - hcmut.edu.vn/desktop/datn/works_code_da2/00_src/ipu/grayscale.sv
    Info (12023): Found entity 1: grayscale File: C:/Users/Ms Khanh/OneDrive - hcmut.edu.vn/Desktop/DATN/works_code_DA2/00_src/IPU/grayscale.sv Line: 1
Info (12021): Found 1 design units, including 1 entities, in source file /users/ms khanh/onedrive - hcmut.edu.vn/desktop/datn/works_code_da2/00_src/ipu/fusing.sv
    Info (12023): Found entity 1: fusing File: C:/Users/Ms Khanh/OneDrive - hcmut.edu.vn/Desktop/DATN/works_code_DA2/00_src/IPU/fusing.sv Line: 15
Info (12021): Found 1 design units, including 1 entities, in source file /users/ms khanh/onedrive - hcmut.edu.vn/desktop/datn/works_code_da2/00_src/ipu/frame_linear_counter.sv
    Info (12023): Found entity 1: frame_linear_counter File: C:/Users/Ms Khanh/OneDrive - hcmut.edu.vn/Desktop/DATN/works_code_DA2/00_src/IPU/frame_linear_counter.sv Line: 1
Info (12021): Found 1 design units, including 1 entities, in source file /users/ms khanh/onedrive - hcmut.edu.vn/desktop/datn/works_code_da2/00_src/ipu/fifo_ram.sv
    Info (12023): Found entity 1: fifo_ram File: C:/Users/Ms Khanh/OneDrive - hcmut.edu.vn/Desktop/DATN/works_code_DA2/00_src/IPU/fifo_ram.sv Line: 1
Info (12021): Found 1 design units, including 1 entities, in source file /users/ms khanh/onedrive - hcmut.edu.vn/desktop/datn/works_code_da2/00_src/ipu/estimate_transmission.sv
    Info (12023): Found entity 1: estimate_transmission File: C:/Users/Ms Khanh/OneDrive - hcmut.edu.vn/Desktop/DATN/works_code_DA2/00_src/IPU/estimate_transmission.sv Line: 14
Info (12021): Found 1 design units, including 1 entities, in source file /users/ms khanh/onedrive - hcmut.edu.vn/desktop/datn/works_code_da2/00_src/ipu/error_diffusion.sv
    Info (12023): Found entity 1: error_diffusion File: C:/Users/Ms Khanh/OneDrive - hcmut.edu.vn/Desktop/DATN/works_code_DA2/00_src/IPU/error_diffusion.sv Line: 1
Info (12021): Found 1 design units, including 1 entities, in source file /users/ms khanh/onedrive - hcmut.edu.vn/desktop/datn/works_code_da2/00_src/ipu/dark_channel.sv
    Info (12023): Found entity 1: dark_channel File: C:/Users/Ms Khanh/OneDrive - hcmut.edu.vn/Desktop/DATN/works_code_DA2/00_src/IPU/dark_channel.sv Line: 3
Info (12021): Found 1 design units, including 1 entities, in source file /users/ms khanh/onedrive - hcmut.edu.vn/desktop/datn/works_code_da2/00_src/ipu/bank_pingpong_stream.sv
    Info (12023): Found entity 1: bank_pingpong_stream File: C:/Users/Ms Khanh/OneDrive - hcmut.edu.vn/Desktop/DATN/works_code_DA2/00_src/IPU/bank_pingpong_stream.sv Line: 1
Info (12021): Found 1 design units, including 1 entities, in source file /users/ms khanh/onedrive - hcmut.edu.vn/desktop/datn/works_code_da2/00_src/ipu/bank_bram.sv
    Info (12023): Found entity 1: bank_bram File: C:/Users/Ms Khanh/OneDrive - hcmut.edu.vn/Desktop/DATN/works_code_DA2/00_src/IPU/bank_bram.sv Line: 1
Info (12021): Found 1 design units, including 1 entities, in source file /users/ms khanh/onedrive - hcmut.edu.vn/desktop/datn/works_code_da2/00_src/ipu/atmospheric_light.sv
    Info (12023): Found entity 1: atmospheric_light File: C:/Users/Ms Khanh/OneDrive - hcmut.edu.vn/Desktop/DATN/works_code_DA2/00_src/IPU/atmospheric_light.sv Line: 1
Info (12021): Found 1 design units, including 1 entities, in source file /users/ms khanh/onedrive - hcmut.edu.vn/desktop/datn/works_code_da2/00_src/ipu/atm_light_coarse_tx.sv
    Info (12023): Found entity 1: atm_light_coarse_tx File: C:/Users/Ms Khanh/OneDrive - hcmut.edu.vn/Desktop/DATN/works_code_DA2/00_src/IPU/atm_light_coarse_tx.sv Line: 25
Info (12021): Found 1 design units, including 1 entities, in source file /users/ms khanh/onedrive - hcmut.edu.vn/desktop/datn/works_code_da2/00_src/ipu/adc_rlimit_compute.sv
    Info (12023): Found entity 1: adc_rlimit_compute File: C:/Users/Ms Khanh/OneDrive - hcmut.edu.vn/Desktop/DATN/works_code_DA2/00_src/IPU/adc_rlimit_compute.sv Line: 22
Info (12021): Found 1 design units, including 1 entities, in source file /users/ms khanh/onedrive - hcmut.edu.vn/desktop/datn/works_code_da2/00_src/ipu/adc_pixel_distance.sv
    Info (12023): Found entity 1: adc_pixel_distance File: C:/Users/Ms Khanh/OneDrive - hcmut.edu.vn/Desktop/DATN/works_code_DA2/00_src/IPU/adc_pixel_distance.sv Line: 31
Info (12021): Found 1 design units, including 1 entities, in source file /users/ms khanh/onedrive - hcmut.edu.vn/desktop/datn/works_code_da2/00_src/ipu/adc_path_length.sv
    Info (12023): Found entity 1: adc_path_length File: C:/Users/Ms Khanh/OneDrive - hcmut.edu.vn/Desktop/DATN/works_code_DA2/00_src/IPU/adc_path_length.sv Line: 29
Info (12021): Found 1 design units, including 1 entities, in source file /users/ms khanh/onedrive - hcmut.edu.vn/desktop/datn/works_code_da2/00_src/ipu/adc_line_buffer_5x5.sv
    Info (12023): Found entity 1: adc_line_buffer_5x5 File: C:/Users/Ms Khanh/OneDrive - hcmut.edu.vn/Desktop/DATN/works_code_DA2/00_src/IPU/adc_line_buffer_5x5.sv Line: 14
Info (12021): Found 1 design units, including 1 entities, in source file /users/ms khanh/onedrive - hcmut.edu.vn/desktop/datn/works_code_da2/00_src/ipu/adc_estimation.sv
    Info (12023): Found entity 1: adc_estimation File: C:/Users/Ms Khanh/OneDrive - hcmut.edu.vn/Desktop/DATN/works_code_DA2/00_src/IPU/adc_estimation.sv Line: 29
Info (12021): Found 1 design units, including 1 entities, in source file /users/ms khanh/onedrive - hcmut.edu.vn/desktop/datn/works_code_da2/00_src/ipu/adc_ase_masked_min.sv
    Info (12023): Found entity 1: adc_ase_masked_min File: C:/Users/Ms Khanh/OneDrive - hcmut.edu.vn/Desktop/DATN/works_code_DA2/00_src/IPU/adc_ase_masked_min.sv Line: 18
Info (12021): Found 1 design units, including 1 entities, in source file /users/ms khanh/onedrive - hcmut.edu.vn/desktop/datn/works_code_da2/00_src/apb_bus/apb_wrapper.v
    Info (12023): Found entity 1: APB_Wrapper File: C:/Users/Ms Khanh/OneDrive - hcmut.edu.vn/Desktop/DATN/works_code_DA2/00_src/apb_bus/APB_Wrapper.v Line: 3
Info (12021): Found 1 design units, including 1 entities, in source file /users/ms khanh/onedrive - hcmut.edu.vn/desktop/datn/works_code_da2/00_src/apb_bus/apb_slave.v
    Info (12023): Found entity 1: APB_Slave File: C:/Users/Ms Khanh/OneDrive - hcmut.edu.vn/Desktop/DATN/works_code_DA2/00_src/apb_bus/APB_Slave.v Line: 3
Info (12021): Found 1 design units, including 1 entities, in source file /users/ms khanh/onedrive - hcmut.edu.vn/desktop/datn/works_code_da2/00_src/apb_bus/apb_master.v
    Info (12023): Found entity 1: APB_Master File: C:/Users/Ms Khanh/OneDrive - hcmut.edu.vn/Desktop/DATN/works_code_DA2/00_src/apb_bus/APB_Master.v Line: 3
Info (12021): Found 1 design units, including 1 entities, in source file /users/ms khanh/onedrive - hcmut.edu.vn/desktop/datn/works_code_da2/00_src/risc_v/single_cycle.sv
    Info (12023): Found entity 1: single_cycle File: C:/Users/Ms Khanh/OneDrive - hcmut.edu.vn/Desktop/DATN/works_code_DA2/00_src/RISC_V/single_cycle.sv Line: 9
Info (12021): Found 1 design units, including 1 entities, in source file /users/ms khanh/onedrive - hcmut.edu.vn/desktop/datn/works_code_da2/00_src/risc_v/sevensegment.sv
    Info (12023): Found entity 1: SevenSegment File: C:/Users/Ms Khanh/OneDrive - hcmut.edu.vn/Desktop/DATN/works_code_DA2/00_src/RISC_V/SevenSegment.sv Line: 1
Info (12021): Found 1 design units, including 1 entities, in source file /users/ms khanh/onedrive - hcmut.edu.vn/desktop/datn/works_code_da2/00_src/risc_v/regfile.sv
    Info (12023): Found entity 1: regfile File: C:/Users/Ms Khanh/OneDrive - hcmut.edu.vn/Desktop/DATN/works_code_DA2/00_src/RISC_V/regfile.sv Line: 1
Info (12021): Found 1 design units, including 1 entities, in source file /users/ms khanh/onedrive - hcmut.edu.vn/desktop/datn/works_code_da2/00_src/risc_v/peripherals.sv
    Info (12023): Found entity 1: peripherals File: C:/Users/Ms Khanh/OneDrive - hcmut.edu.vn/Desktop/DATN/works_code_DA2/00_src/RISC_V/peripherals.sv Line: 1
Info (12021): Found 1 design units, including 1 entities, in source file /users/ms khanh/onedrive - hcmut.edu.vn/desktop/datn/works_code_da2/00_src/risc_v/pcplus4.sv
    Info (12023): Found entity 1: PCplus4 File: C:/Users/Ms Khanh/OneDrive - hcmut.edu.vn/Desktop/DATN/works_code_DA2/00_src/RISC_V/PCplus4.sv Line: 1
Info (12021): Found 1 design units, including 1 entities, in source file /users/ms khanh/onedrive - hcmut.edu.vn/desktop/datn/works_code_da2/00_src/risc_v/pc.sv
    Info (12023): Found entity 1: pc File: C:/Users/Ms Khanh/OneDrive - hcmut.edu.vn/Desktop/DATN/works_code_DA2/00_src/RISC_V/pc.sv Line: 1
Info (12021): Found 1 design units, including 1 entities, in source file /users/ms khanh/onedrive - hcmut.edu.vn/desktop/datn/works_code_da2/00_src/risc_v/mux3.sv
    Info (12023): Found entity 1: mux3 File: C:/Users/Ms Khanh/OneDrive - hcmut.edu.vn/Desktop/DATN/works_code_DA2/00_src/RISC_V/mux3.sv Line: 1
Info (12021): Found 1 design units, including 1 entities, in source file /users/ms khanh/onedrive - hcmut.edu.vn/desktop/datn/works_code_da2/00_src/risc_v/mux2.sv
    Info (12023): Found entity 1: mux2 File: C:/Users/Ms Khanh/OneDrive - hcmut.edu.vn/Desktop/DATN/works_code_DA2/00_src/RISC_V/mux2.sv Line: 1
Info (12021): Found 1 design units, including 1 entities, in source file /users/ms khanh/onedrive - hcmut.edu.vn/desktop/datn/works_code_da2/00_src/risc_v/memory.sv
    Info (12023): Found entity 1: memory File: C:/Users/Ms Khanh/OneDrive - hcmut.edu.vn/Desktop/DATN/works_code_DA2/00_src/RISC_V/memory.sv Line: 1
Info (12021): Found 1 design units, including 1 entities, in source file /users/ms khanh/onedrive - hcmut.edu.vn/desktop/datn/works_code_da2/00_src/risc_v/lsu_v1.sv
    Info (12023): Found entity 1: lsu File: C:/Users/Ms Khanh/OneDrive - hcmut.edu.vn/Desktop/DATN/works_code_DA2/00_src/RISC_V/lsu_v1.sv Line: 22
Info (12021): Found 1 design units, including 1 entities, in source file /users/ms khanh/onedrive - hcmut.edu.vn/desktop/datn/works_code_da2/00_src/risc_v/instr_mem.sv
    Info (12023): Found entity 1: instr_mem File: C:/Users/Ms Khanh/OneDrive - hcmut.edu.vn/Desktop/DATN/works_code_DA2/00_src/RISC_V/instr_mem.sv Line: 1
Info (12021): Found 1 design units, including 1 entities, in source file /users/ms khanh/onedrive - hcmut.edu.vn/desktop/datn/works_code_da2/00_src/risc_v/immgen.sv
    Info (12023): Found entity 1: ImmGen File: C:/Users/Ms Khanh/OneDrive - hcmut.edu.vn/Desktop/DATN/works_code_DA2/00_src/RISC_V/immgen.sv Line: 1
Info (12021): Found 1 design units, including 1 entities, in source file /users/ms khanh/onedrive - hcmut.edu.vn/desktop/datn/works_code_da2/00_src/risc_v/fa.sv
    Info (12023): Found entity 1: fa File: C:/Users/Ms Khanh/OneDrive - hcmut.edu.vn/Desktop/DATN/works_code_DA2/00_src/RISC_V/fa.sv Line: 1
Info (12021): Found 1 design units, including 1 entities, in source file /users/ms khanh/onedrive - hcmut.edu.vn/desktop/datn/works_code_da2/00_src/risc_v/customize_components .sv
    Info (12023): Found entity 1: customize_components File: C:/Users/Ms Khanh/OneDrive - hcmut.edu.vn/Desktop/DATN/works_code_DA2/00_src/RISC_V/customize_components .sv Line: 3
Info (12021): Found 1 design units, including 1 entities, in source file /users/ms khanh/onedrive - hcmut.edu.vn/desktop/datn/works_code_da2/00_src/risc_v/control_logic.sv
    Info (12023): Found entity 1: control_logic File: C:/Users/Ms Khanh/OneDrive - hcmut.edu.vn/Desktop/DATN/works_code_DA2/00_src/RISC_V/control_logic.sv Line: 1
Info (12021): Found 1 design units, including 1 entities, in source file /users/ms khanh/onedrive - hcmut.edu.vn/desktop/datn/works_code_da2/00_src/risc_v/cla_32bit.sv
    Info (12023): Found entity 1: cla_32bit File: C:/Users/Ms Khanh/OneDrive - hcmut.edu.vn/Desktop/DATN/works_code_DA2/00_src/RISC_V/cla_32bit.sv Line: 10
Info (12021): Found 1 design units, including 1 entities, in source file /users/ms khanh/onedrive - hcmut.edu.vn/desktop/datn/works_code_da2/00_src/risc_v/cla_4bit.sv
    Info (12023): Found entity 1: cla_4bit File: C:/Users/Ms Khanh/OneDrive - hcmut.edu.vn/Desktop/DATN/works_code_DA2/00_src/RISC_V/cla_4bit.sv Line: 1
Info (12021): Found 1 design units, including 1 entities, in source file /users/ms khanh/onedrive - hcmut.edu.vn/desktop/datn/works_code_da2/00_src/risc_v/brc.sv
    Info (12023): Found entity 1: brc File: C:/Users/Ms Khanh/OneDrive - hcmut.edu.vn/Desktop/DATN/works_code_DA2/00_src/RISC_V/brc.sv Line: 1
Info (12021): Found 1 design units, including 1 entities, in source file /users/ms khanh/onedrive - hcmut.edu.vn/desktop/datn/works_code_da2/00_src/risc_v/alu.sv
    Info (12023): Found entity 1: alu File: C:/Users/Ms Khanh/OneDrive - hcmut.edu.vn/Desktop/DATN/works_code_DA2/00_src/RISC_V/alu.sv Line: 1
Info (12021): Found 1 design units, including 1 entities, in source file /users/ms khanh/onedrive - hcmut.edu.vn/desktop/datn/works_code_da2/00_src/vga/vga_controller.sv
    Info (12023): Found entity 1: vga_controller File: C:/Users/Ms Khanh/OneDrive - hcmut.edu.vn/Desktop/DATN/works_code_DA2/00_src/VGA/vga_controller.sv Line: 2
Info (12021): Found 1 design units, including 1 entities, in source file /users/ms khanh/onedrive - hcmut.edu.vn/desktop/datn/works_code_da2/00_src/vga/vga_horizontal_counter.sv
    Info (12023): Found entity 1: vga_horizontal_counter File: C:/Users/Ms Khanh/OneDrive - hcmut.edu.vn/Desktop/DATN/works_code_DA2/00_src/VGA/vga_horizontal_counter.sv Line: 2
Info (12021): Found 1 design units, including 1 entities, in source file /users/ms khanh/onedrive - hcmut.edu.vn/desktop/datn/works_code_da2/00_src/vga/vga_vertical_counter.sv
    Info (12023): Found entity 1: vga_vertical_counter File: C:/Users/Ms Khanh/OneDrive - hcmut.edu.vn/Desktop/DATN/works_code_DA2/00_src/VGA/vga_vertical_counter.sv Line: 2
Info (12021): Found 1 design units, including 1 entities, in source file /users/ms khanh/onedrive - hcmut.edu.vn/desktop/datn/works_code_da2/00_src/vga/vga_pll.v
    Info (12023): Found entity 1: vga_pll File: C:/Users/Ms Khanh/OneDrive - hcmut.edu.vn/Desktop/DATN/works_code_DA2/00_src/VGA/vga_pll.v Line: 10
Info (12127): Elaborating entity "wrapper" for the top level hierarchy
Warning (10230): Verilog HDL assignment warning at wrapper.sv(127): truncated value with size 32 to match size of target (10) File: C:/Users/Ms Khanh/OneDrive - hcmut.edu.vn/Desktop/DATN/works_code_DA2/06_FGPA_Imple/wrapper.sv Line: 127
Warning (10230): Verilog HDL assignment warning at wrapper.sv(128): truncated value with size 32 to match size of target (10) File: C:/Users/Ms Khanh/OneDrive - hcmut.edu.vn/Desktop/DATN/works_code_DA2/06_FGPA_Imple/wrapper.sv Line: 128
Info (12128): Elaborating entity "soc_top" for hierarchy "soc_top:u_soc_top" File: C:/Users/Ms Khanh/OneDrive - hcmut.edu.vn/Desktop/DATN/works_code_DA2/06_FGPA_Imple/wrapper.sv Line: 102
Info (12128): Elaborating entity "single_cycle" for hierarchy "soc_top:u_soc_top|single_cycle:u_single_cycle" File: C:/Users/Ms Khanh/OneDrive - hcmut.edu.vn/Desktop/DATN/works_code_DA2/00_src/soc/soc_top.sv Line: 131
Info (12128): Elaborating entity "PCplus4" for hierarchy "soc_top:u_soc_top|single_cycle:u_single_cycle|PCplus4:PCplus4" File: C:/Users/Ms Khanh/OneDrive - hcmut.edu.vn/Desktop/DATN/works_code_DA2/00_src/RISC_V/single_cycle.sv Line: 127
Info (12128): Elaborating entity "mux2" for hierarchy "soc_top:u_soc_top|single_cycle:u_single_cycle|mux2:mux2_pc" File: C:/Users/Ms Khanh/OneDrive - hcmut.edu.vn/Desktop/DATN/works_code_DA2/00_src/RISC_V/single_cycle.sv Line: 134
Info (12128): Elaborating entity "pc" for hierarchy "soc_top:u_soc_top|single_cycle:u_single_cycle|pc:pc" File: C:/Users/Ms Khanh/OneDrive - hcmut.edu.vn/Desktop/DATN/works_code_DA2/00_src/RISC_V/single_cycle.sv Line: 142
Info (12128): Elaborating entity "instr_mem" for hierarchy "soc_top:u_soc_top|single_cycle:u_single_cycle|instr_mem:instr_mem_inst" File: C:/Users/Ms Khanh/OneDrive - hcmut.edu.vn/Desktop/DATN/works_code_DA2/00_src/RISC_V/single_cycle.sv Line: 148
Warning (10030): Net "IMem.data_a" at instr_mem.sv(11) has no driver or initial value, using a default initial value '0' File: C:/Users/Ms Khanh/OneDrive - hcmut.edu.vn/Desktop/DATN/works_code_DA2/00_src/RISC_V/instr_mem.sv Line: 11
Warning (10030): Net "IMem.waddr_a" at instr_mem.sv(11) has no driver or initial value, using a default initial value '0' File: C:/Users/Ms Khanh/OneDrive - hcmut.edu.vn/Desktop/DATN/works_code_DA2/00_src/RISC_V/instr_mem.sv Line: 11
Warning (10030): Net "IMem.we_a" at instr_mem.sv(11) has no driver or initial value, using a default initial value '0' File: C:/Users/Ms Khanh/OneDrive - hcmut.edu.vn/Desktop/DATN/works_code_DA2/00_src/RISC_V/instr_mem.sv Line: 11
Info (12128): Elaborating entity "ImmGen" for hierarchy "soc_top:u_soc_top|single_cycle:u_single_cycle|ImmGen:ImmGen" File: C:/Users/Ms Khanh/OneDrive - hcmut.edu.vn/Desktop/DATN/works_code_DA2/00_src/RISC_V/single_cycle.sv Line: 154
Info (12128): Elaborating entity "regfile" for hierarchy "soc_top:u_soc_top|single_cycle:u_single_cycle|regfile:regfile" File: C:/Users/Ms Khanh/OneDrive - hcmut.edu.vn/Desktop/DATN/works_code_DA2/00_src/RISC_V/single_cycle.sv Line: 166
Info (12128): Elaborating entity "brc" for hierarchy "soc_top:u_soc_top|single_cycle:u_single_cycle|brc:brc" File: C:/Users/Ms Khanh/OneDrive - hcmut.edu.vn/Desktop/DATN/works_code_DA2/00_src/RISC_V/single_cycle.sv Line: 174
Info (12128): Elaborating entity "cla_32bit" for hierarchy "soc_top:u_soc_top|single_cycle:u_single_cycle|brc:brc|cla_32bit:subtractor" File: C:/Users/Ms Khanh/OneDrive - hcmut.edu.vn/Desktop/DATN/works_code_DA2/00_src/RISC_V/brc.sv Line: 19
Info (12128): Elaborating entity "alu" for hierarchy "soc_top:u_soc_top|single_cycle:u_single_cycle|alu:alu" File: C:/Users/Ms Khanh/OneDrive - hcmut.edu.vn/Desktop/DATN/works_code_DA2/00_src/RISC_V/single_cycle.sv Line: 195
Info (12128): Elaborating entity "lsu" for hierarchy "soc_top:u_soc_top|single_cycle:u_single_cycle|lsu:lsu" File: C:/Users/Ms Khanh/OneDrive - hcmut.edu.vn/Desktop/DATN/works_code_DA2/00_src/RISC_V/single_cycle.sv Line: 245
Warning (10036): Verilog HDL or VHDL warning at lsu_v1.sv(108): object "sw_reg" assigned a value but never read File: C:/Users/Ms Khanh/OneDrive - hcmut.edu.vn/Desktop/DATN/works_code_DA2/00_src/RISC_V/lsu_v1.sv Line: 108
Info (12128): Elaborating entity "memory" for hierarchy "soc_top:u_soc_top|single_cycle:u_single_cycle|lsu:lsu|memory:mem" File: C:/Users/Ms Khanh/OneDrive - hcmut.edu.vn/Desktop/DATN/works_code_DA2/00_src/RISC_V/lsu_v1.sv Line: 129
Info (12128): Elaborating entity "mux3" for hierarchy "soc_top:u_soc_top|single_cycle:u_single_cycle|mux3:wb" File: C:/Users/Ms Khanh/OneDrive - hcmut.edu.vn/Desktop/DATN/works_code_DA2/00_src/RISC_V/single_cycle.sv Line: 256
Info (12128): Elaborating entity "control_logic" for hierarchy "soc_top:u_soc_top|single_cycle:u_single_cycle|control_logic:control_logic" File: C:/Users/Ms Khanh/OneDrive - hcmut.edu.vn/Desktop/DATN/works_code_DA2/00_src/RISC_V/single_cycle.sv Line: 273
Info (12128): Elaborating entity "peri_apb_wrapper" for hierarchy "soc_top:u_soc_top|peri_apb_wrapper:u_peri_apb_wrapper" File: C:/Users/Ms Khanh/OneDrive - hcmut.edu.vn/Desktop/DATN/works_code_DA2/00_src/soc/soc_top.sv Line: 157
Info (12128): Elaborating entity "peripherals" for hierarchy "soc_top:u_soc_top|peri_apb_wrapper:u_peri_apb_wrapper|peripherals:u_peripherals" File: C:/Users/Ms Khanh/OneDrive - hcmut.edu.vn/Desktop/DATN/works_code_DA2/00_src/soc/peri_apb_wrapper.sv Line: 89
Info (12128): Elaborating entity "SevenSegment" for hierarchy "soc_top:u_soc_top|peri_apb_wrapper:u_peri_apb_wrapper|peripherals:u_peripherals|SevenSegment:ssc" File: C:/Users/Ms Khanh/OneDrive - hcmut.edu.vn/Desktop/DATN/works_code_DA2/00_src/RISC_V/peripherals.sv Line: 29
Info (12128): Elaborating entity "ipu_apb_wrapper" for hierarchy "soc_top:u_soc_top|ipu_apb_wrapper:u_ipu_apb_wrapper" File: C:/Users/Ms Khanh/OneDrive - hcmut.edu.vn/Desktop/DATN/works_code_DA2/00_src/soc/soc_top.sv Line: 178
Info (12128): Elaborating entity "ipu_core" for hierarchy "soc_top:u_soc_top|ipu_core:u_ipu_core" File: C:/Users/Ms Khanh/OneDrive - hcmut.edu.vn/Desktop/DATN/works_code_DA2/00_src/soc/soc_top.sv Line: 205
Warning (10762): Verilog HDL Case Statement warning at ipu_core.sv(135): can't check case statement for completeness because the case expression has too many possible states File: C:/Users/Ms Khanh/OneDrive - hcmut.edu.vn/Desktop/DATN/works_code_DA2/00_src/IPU/ipu_core.sv Line: 135
Warning (10762): Verilog HDL Case Statement warning at ipu_core.sv(158): can't check case statement for completeness because the case expression has too many possible states File: C:/Users/Ms Khanh/OneDrive - hcmut.edu.vn/Desktop/DATN/works_code_DA2/00_src/IPU/ipu_core.sv Line: 158
Info (12128): Elaborating entity "ipu_control_logic" for hierarchy "soc_top:u_soc_top|ipu_core:u_ipu_core|ipu_control_logic:u_ipu_control_logic" File: C:/Users/Ms Khanh/OneDrive - hcmut.edu.vn/Desktop/DATN/works_code_DA2/00_src/IPU/ipu_core.sv Line: 211
Warning (10036): Verilog HDL or VHDL warning at ipu_control_logic.sv(65): object "enter_load" assigned a value but never read File: C:/Users/Ms Khanh/OneDrive - hcmut.edu.vn/Desktop/DATN/works_code_DA2/00_src/IPU/ipu_control_logic.sv Line: 65
Info (12128): Elaborating entity "ipu_bram_reader" for hierarchy "soc_top:u_soc_top|ipu_core:u_ipu_core|ipu_bram_reader:u_ipu_bram_reader" File: C:/Users/Ms Khanh/OneDrive - hcmut.edu.vn/Desktop/DATN/works_code_DA2/00_src/IPU/ipu_core.sv Line: 231
Info (12128): Elaborating entity "haze_removal_top" for hierarchy "soc_top:u_soc_top|ipu_core:u_ipu_core|haze_removal_top:u_haze_removal_top" File: C:/Users/Ms Khanh/OneDrive - hcmut.edu.vn/Desktop/DATN/works_code_DA2/00_src/IPU/ipu_core.sv Line: 258
Info (12128): Elaborating entity "haze_removal_core" for hierarchy "soc_top:u_soc_top|ipu_core:u_ipu_core|haze_removal_top:u_haze_removal_top|haze_removal_core:u_core" File: C:/Users/Ms Khanh/OneDrive - hcmut.edu.vn/Desktop/DATN/works_code_DA2/00_src/IPU/haze_removal_top.sv Line: 81
Warning (10036): Verilog HDL or VHDL warning at haze_removal_core.sv(101): object "adc_latched_index" assigned a value but never read File: C:/Users/Ms Khanh/OneDrive - hcmut.edu.vn/Desktop/DATN/works_code_DA2/00_src/IPU/haze_removal_core.sv Line: 101
Warning (10230): Verilog HDL assignment warning at haze_removal_core.sv(423): truncated value with size 32 to match size of target (15) File: C:/Users/Ms Khanh/OneDrive - hcmut.edu.vn/Desktop/DATN/works_code_DA2/00_src/IPU/haze_removal_core.sv Line: 423
Warning (10230): Verilog HDL assignment warning at haze_removal_core.sv(447): truncated value with size 32 to match size of target (15) File: C:/Users/Ms Khanh/OneDrive - hcmut.edu.vn/Desktop/DATN/works_code_DA2/00_src/IPU/haze_removal_core.sv Line: 447
Warning (10230): Verilog HDL assignment warning at haze_removal_core.sv(454): truncated value with size 32 to match size of target (15) File: C:/Users/Ms Khanh/OneDrive - hcmut.edu.vn/Desktop/DATN/works_code_DA2/00_src/IPU/haze_removal_core.sv Line: 454
Warning (10230): Verilog HDL assignment warning at haze_removal_core.sv(458): truncated value with size 32 to match size of target (15) File: C:/Users/Ms Khanh/OneDrive - hcmut.edu.vn/Desktop/DATN/works_code_DA2/00_src/IPU/haze_removal_core.sv Line: 458
Warning (10230): Verilog HDL assignment warning at haze_removal_core.sv(464): truncated value with size 32 to match size of target (15) File: C:/Users/Ms Khanh/OneDrive - hcmut.edu.vn/Desktop/DATN/works_code_DA2/00_src/IPU/haze_removal_core.sv Line: 464
Warning (10230): Verilog HDL assignment warning at haze_removal_core.sv(483): truncated value with size 32 to match size of target (15) File: C:/Users/Ms Khanh/OneDrive - hcmut.edu.vn/Desktop/DATN/works_code_DA2/00_src/IPU/haze_removal_core.sv Line: 483
Warning (10230): Verilog HDL assignment warning at haze_removal_core.sv(503): truncated value with size 32 to match size of target (15) File: C:/Users/Ms Khanh/OneDrive - hcmut.edu.vn/Desktop/DATN/works_code_DA2/00_src/IPU/haze_removal_core.sv Line: 503
Info (12128): Elaborating entity "recip_lut_q16" for hierarchy "soc_top:u_soc_top|ipu_core:u_ipu_core|haze_removal_top:u_haze_removal_top|haze_removal_core:u_core|recip_lut_q16:u_recip_range" File: C:/Users/Ms Khanh/OneDrive - hcmut.edu.vn/Desktop/DATN/works_code_DA2/00_src/IPU/haze_removal_core.sv Line: 204
Info (12128): Elaborating entity "bank_bram" for hierarchy "soc_top:u_soc_top|ipu_core:u_ipu_core|haze_removal_top:u_haze_removal_top|haze_removal_core:u_core|bank_bram:u_adc_frame_map" File: C:/Users/Ms Khanh/OneDrive - hcmut.edu.vn/Desktop/DATN/works_code_DA2/00_src/IPU/haze_removal_core.sv Line: 218
Info (12128): Elaborating entity "atm_light_coarse_tx" for hierarchy "soc_top:u_soc_top|ipu_core:u_ipu_core|haze_removal_top:u_haze_removal_top|haze_removal_core:u_core|atm_light_coarse_tx:u_atm_light_coarse_tx" File: C:/Users/Ms Khanh/OneDrive - hcmut.edu.vn/Desktop/DATN/works_code_DA2/00_src/IPU/haze_removal_core.sv Line: 268
Info (12128): Elaborating entity "grayscale" for hierarchy "soc_top:u_soc_top|ipu_core:u_ipu_core|haze_removal_top:u_haze_removal_top|haze_removal_core:u_core|atm_light_coarse_tx:u_atm_light_coarse_tx|grayscale:u_grayscale" File: C:/Users/Ms Khanh/OneDrive - hcmut.edu.vn/Desktop/DATN/works_code_DA2/00_src/IPU/atm_light_coarse_tx.sv Line: 130
Info (12128): Elaborating entity "dark_channel" for hierarchy "soc_top:u_soc_top|ipu_core:u_ipu_core|haze_removal_top:u_haze_removal_top|haze_removal_core:u_core|atm_light_coarse_tx:u_atm_light_coarse_tx|dark_channel:u_dark_channel" File: C:/Users/Ms Khanh/OneDrive - hcmut.edu.vn/Desktop/DATN/works_code_DA2/00_src/IPU/atm_light_coarse_tx.sv Line: 143
Info (12128): Elaborating entity "src_min" for hierarchy "soc_top:u_soc_top|ipu_core:u_ipu_core|haze_removal_top:u_haze_removal_top|haze_removal_core:u_core|atm_light_coarse_tx:u_atm_light_coarse_tx|dark_channel:u_dark_channel|src_min:u_src_min" File: C:/Users/Ms Khanh/OneDrive - hcmut.edu.vn/Desktop/DATN/works_code_DA2/00_src/IPU/dark_channel.sv Line: 22
Info (12128): Elaborating entity "atmospheric_light" for hierarchy "soc_top:u_soc_top|ipu_core:u_ipu_core|haze_removal_top:u_haze_removal_top|haze_removal_core:u_core|atm_light_coarse_tx:u_atm_light_coarse_tx|atmospheric_light:u_atm_light" File: C:/Users/Ms Khanh/OneDrive - hcmut.edu.vn/Desktop/DATN/works_code_DA2/00_src/IPU/atm_light_coarse_tx.sv Line: 159
Info (12128): Elaborating entity "sky_recognition" for hierarchy "soc_top:u_soc_top|ipu_core:u_ipu_core|haze_removal_top:u_haze_removal_top|haze_removal_core:u_core|atm_light_coarse_tx:u_atm_light_coarse_tx|sky_recognition:u_sky_recog" File: C:/Users/Ms Khanh/OneDrive - hcmut.edu.vn/Desktop/DATN/works_code_DA2/00_src/IPU/atm_light_coarse_tx.sv Line: 172
Info (12128): Elaborating entity "estimate_transmission" for hierarchy "soc_top:u_soc_top|ipu_core:u_ipu_core|haze_removal_top:u_haze_removal_top|haze_removal_core:u_core|atm_light_coarse_tx:u_atm_light_coarse_tx|estimate_transmission:u_est_tx" File: C:/Users/Ms Khanh/OneDrive - hcmut.edu.vn/Desktop/DATN/works_code_DA2/00_src/IPU/atm_light_coarse_tx.sv Line: 192
Info (12128): Elaborating entity "invA_lut_q16" for hierarchy "soc_top:u_soc_top|ipu_core:u_ipu_core|haze_removal_top:u_haze_removal_top|haze_removal_core:u_core|atm_light_coarse_tx:u_atm_light_coarse_tx|estimate_transmission:u_est_tx|invA_lut_q16:u_inv_r" File: C:/Users/Ms Khanh/OneDrive - hcmut.edu.vn/Desktop/DATN/works_code_DA2/00_src/IPU/estimate_transmission.sv Line: 59
Info (12128): Elaborating entity "norm_channel_q16" for hierarchy "soc_top:u_soc_top|ipu_core:u_ipu_core|haze_removal_top:u_haze_removal_top|haze_removal_core:u_core|atm_light_coarse_tx:u_atm_light_coarse_tx|estimate_transmission:u_est_tx|norm_channel_q16:u_norm_r" File: C:/Users/Ms Khanh/OneDrive - hcmut.edu.vn/Desktop/DATN/works_code_DA2/00_src/IPU/estimate_transmission.sv Line: 67
Info (12128): Elaborating entity "min3_u8" for hierarchy "soc_top:u_soc_top|ipu_core:u_ipu_core|haze_removal_top:u_haze_removal_top|haze_removal_core:u_core|atm_light_coarse_tx:u_atm_light_coarse_tx|estimate_transmission:u_est_tx|min3_u8:u_min_c" File: C:/Users/Ms Khanh/OneDrive - hcmut.edu.vn/Desktop/DATN/works_code_DA2/00_src/IPU/estimate_transmission.sv Line: 72
Info (12128): Elaborating entity "omega_clamp_t" for hierarchy "soc_top:u_soc_top|ipu_core:u_ipu_core|haze_removal_top:u_haze_removal_top|haze_removal_core:u_core|atm_light_coarse_tx:u_atm_light_coarse_tx|estimate_transmission:u_est_tx|omega_clamp_t:u_omega_clamp" File: C:/Users/Ms Khanh/OneDrive - hcmut.edu.vn/Desktop/DATN/works_code_DA2/00_src/IPU/estimate_transmission.sv Line: 127
Info (12128): Elaborating entity "bank_pingpong_stream" for hierarchy "soc_top:u_soc_top|ipu_core:u_ipu_core|haze_removal_top:u_haze_removal_top|haze_removal_core:u_core|atm_light_coarse_tx:u_atm_light_coarse_tx|bank_pingpong_stream:u_bank_tx" File: C:/Users/Ms Khanh/OneDrive - hcmut.edu.vn/Desktop/DATN/works_code_DA2/00_src/IPU/atm_light_coarse_tx.sv Line: 218
Info (12128): Elaborating entity "frame_linear_counter" for hierarchy "soc_top:u_soc_top|ipu_core:u_ipu_core|haze_removal_top:u_haze_removal_top|haze_removal_core:u_core|atm_light_coarse_tx:u_atm_light_coarse_tx|bank_pingpong_stream:u_bank_tx|frame_linear_counter:u_wr_counter" File: C:/Users/Ms Khanh/OneDrive - hcmut.edu.vn/Desktop/DATN/works_code_DA2/00_src/IPU/bank_pingpong_stream.sv Line: 89
Info (12128): Elaborating entity "adc_estimation" for hierarchy "soc_top:u_soc_top|ipu_core:u_ipu_core|haze_removal_top:u_haze_removal_top|haze_removal_core:u_core|adc_estimation:u_adc_estimation" File: C:/Users/Ms Khanh/OneDrive - hcmut.edu.vn/Desktop/DATN/works_code_DA2/00_src/IPU/haze_removal_core.sv Line: 285
Info (12128): Elaborating entity "adc_line_buffer_5x5" for hierarchy "soc_top:u_soc_top|ipu_core:u_ipu_core|haze_removal_top:u_haze_removal_top|haze_removal_core:u_core|adc_estimation:u_adc_estimation|adc_line_buffer_5x5:u_line_buf_gray" File: C:/Users/Ms Khanh/OneDrive - hcmut.edu.vn/Desktop/DATN/works_code_DA2/00_src/IPU/adc_estimation.sv Line: 83
Warning (10230): Verilog HDL assignment warning at adc_line_buffer_5x5.sv(122): truncated value with size 32 to match size of target (15) File: C:/Users/Ms Khanh/OneDrive - hcmut.edu.vn/Desktop/DATN/works_code_DA2/00_src/IPU/adc_line_buffer_5x5.sv Line: 122
Info (12128): Elaborating entity "adc_pixel_distance" for hierarchy "soc_top:u_soc_top|ipu_core:u_ipu_core|haze_removal_top:u_haze_removal_top|haze_removal_core:u_core|adc_estimation:u_adc_estimation|adc_pixel_distance:u_pixel_dist" File: C:/Users/Ms Khanh/OneDrive - hcmut.edu.vn/Desktop/DATN/works_code_DA2/00_src/IPU/adc_estimation.sv Line: 134
Info (12128): Elaborating entity "adc_path_length" for hierarchy "soc_top:u_soc_top|ipu_core:u_ipu_core|haze_removal_top:u_haze_removal_top|haze_removal_core:u_core|adc_estimation:u_adc_estimation|adc_path_length:u_path_len" File: C:/Users/Ms Khanh/OneDrive - hcmut.edu.vn/Desktop/DATN/works_code_DA2/00_src/IPU/adc_estimation.sv Line: 163
Info (12128): Elaborating entity "adc_rlimit_compute" for hierarchy "soc_top:u_soc_top|ipu_core:u_ipu_core|haze_removal_top:u_haze_removal_top|haze_removal_core:u_core|adc_estimation:u_adc_estimation|adc_rlimit_compute:u_rlimit" File: C:/Users/Ms Khanh/OneDrive - hcmut.edu.vn/Desktop/DATN/works_code_DA2/00_src/IPU/adc_estimation.sv Line: 192
Info (12128): Elaborating entity "adc_ase_masked_min" for hierarchy "soc_top:u_soc_top|ipu_core:u_ipu_core|haze_removal_top:u_haze_removal_top|haze_removal_core:u_core|adc_estimation:u_adc_estimation|adc_ase_masked_min:u_masked_min" File: C:/Users/Ms Khanh/OneDrive - hcmut.edu.vn/Desktop/DATN/works_code_DA2/00_src/IPU/adc_estimation.sv Line: 325
Info (10008): Verilog HDL or VHDL information: EDA Netlist Writer cannot regroup multidimensional array "m" into its bus
Info (12128): Elaborating entity "t_compute_fuse" for hierarchy "soc_top:u_soc_top|ipu_core:u_ipu_core|haze_removal_top:u_haze_removal_top|haze_removal_core:u_core|t_compute_fuse:u_t_compute_fuse" File: C:/Users/Ms Khanh/OneDrive - hcmut.edu.vn/Desktop/DATN/works_code_DA2/00_src/IPU/haze_removal_core.sv Line: 322
Info (12128): Elaborating entity "t_computing" for hierarchy "soc_top:u_soc_top|ipu_core:u_ipu_core|haze_removal_top:u_haze_removal_top|haze_removal_core:u_core|t_compute_fuse:u_t_compute_fuse|t_computing:u_t_computing" File: C:/Users/Ms Khanh/OneDrive - hcmut.edu.vn/Desktop/DATN/works_code_DA2/00_src/IPU/t_compute_fuse.sv Line: 93
Info (12128): Elaborating entity "fusing" for hierarchy "soc_top:u_soc_top|ipu_core:u_ipu_core|haze_removal_top:u_haze_removal_top|haze_removal_core:u_core|t_compute_fuse:u_t_compute_fuse|fusing:u_fusing" File: C:/Users/Ms Khanh/OneDrive - hcmut.edu.vn/Desktop/DATN/works_code_DA2/00_src/IPU/t_compute_fuse.sv Line: 113
Info (12128): Elaborating entity "ipu_bram_writer" for hierarchy "soc_top:u_soc_top|ipu_core:u_ipu_core|ipu_bram_writer:u_ipu_bram_writer" File: C:/Users/Ms Khanh/OneDrive - hcmut.edu.vn/Desktop/DATN/works_code_DA2/00_src/IPU/ipu_core.sv Line: 277
Info (12128): Elaborating entity "img_in_bram" for hierarchy "soc_top:u_soc_top|img_in_bram:u_img_in_bram" File: C:/Users/Ms Khanh/OneDrive - hcmut.edu.vn/Desktop/DATN/works_code_DA2/00_src/soc/soc_top.sv Line: 227
Info (12128): Elaborating entity "img_out_bram" for hierarchy "soc_top:u_soc_top|img_out_bram:u_img_out_bram" File: C:/Users/Ms Khanh/OneDrive - hcmut.edu.vn/Desktop/DATN/works_code_DA2/00_src/soc/soc_top.sv Line: 266
Info (12128): Elaborating entity "img_tmp_bram" for hierarchy "soc_top:u_soc_top|img_tmp_bram:u_img_tmp_bram" File: C:/Users/Ms Khanh/OneDrive - hcmut.edu.vn/Desktop/DATN/works_code_DA2/00_src/soc/soc_top.sv Line: 290
Info (12128): Elaborating entity "vga_controller" for hierarchy "vga_controller:u_vga_controller" File: C:/Users/Ms Khanh/OneDrive - hcmut.edu.vn/Desktop/DATN/works_code_DA2/06_FGPA_Imple/wrapper.sv Line: 161
Warning (10230): Verilog HDL assignment warning at vga_controller.sv(79): truncated value with size 32 to match size of target (10) File: C:/Users/Ms Khanh/OneDrive - hcmut.edu.vn/Desktop/DATN/works_code_DA2/00_src/VGA/vga_controller.sv Line: 79
Warning (10230): Verilog HDL assignment warning at vga_controller.sv(80): truncated value with size 32 to match size of target (10) File: C:/Users/Ms Khanh/OneDrive - hcmut.edu.vn/Desktop/DATN/works_code_DA2/00_src/VGA/vga_controller.sv Line: 80
Info (12128): Elaborating entity "vga_pll" for hierarchy "vga_controller:u_vga_controller|vga_pll:pll_u" File: C:/Users/Ms Khanh/OneDrive - hcmut.edu.vn/Desktop/DATN/works_code_DA2/00_src/VGA/vga_controller.sv Line: 59
Info (12128): Elaborating entity "altpll" for hierarchy "vga_controller:u_vga_controller|vga_pll:pll_u|altpll:altpll_component" File: C:/Users/Ms Khanh/OneDrive - hcmut.edu.vn/Desktop/DATN/works_code_DA2/00_src/VGA/vga_pll.v Line: 103
Info (12130): Elaborated megafunction instantiation "vga_controller:u_vga_controller|vga_pll:pll_u|altpll:altpll_component" File: C:/Users/Ms Khanh/OneDrive - hcmut.edu.vn/Desktop/DATN/works_code_DA2/00_src/VGA/vga_pll.v Line: 103
Info (12133): Instantiated megafunction "vga_controller:u_vga_controller|vga_pll:pll_u|altpll:altpll_component" with the following parameter: File: C:/Users/Ms Khanh/OneDrive - hcmut.edu.vn/Desktop/DATN/works_code_DA2/00_src/VGA/vga_pll.v Line: 103
    Info (12134): Parameter "bandwidth_type" = "AUTO"
    Info (12134): Parameter "clk0_divide_by" = "2"
    Info (12134): Parameter "clk0_duty_cycle" = "50"
    Info (12134): Parameter "clk0_multiply_by" = "1"
    Info (12134): Parameter "clk0_phase_shift" = "0"
    Info (12134): Parameter "inclk0_input_frequency" = "20000"
    Info (12134): Parameter "intended_device_family" = "Cyclone V"
    Info (12134): Parameter "lpm_hint" = "CBX_MODULE_PREFIX=vga_pll"
    Info (12134): Parameter "lpm_type" = "altpll"
    Info (12134): Parameter "operation_mode" = "NORMAL"
    Info (12134): Parameter "pll_type" = "AUTO"
    Info (12134): Parameter "port_activeclock" = "PORT_UNUSED"
    Info (12134): Parameter "port_areset" = "PORT_USED"
    Info (12134): Parameter "port_clkbad0" = "PORT_UNUSED"
    Info (12134): Parameter "port_clkbad1" = "PORT_UNUSED"
    Info (12134): Parameter "port_clkloss" = "PORT_UNUSED"
    Info (12134): Parameter "port_clkswitch" = "PORT_UNUSED"
    Info (12134): Parameter "port_configupdate" = "PORT_UNUSED"
    Info (12134): Parameter "port_fbin" = "PORT_UNUSED"
    Info (12134): Parameter "port_inclk0" = "PORT_USED"
    Info (12134): Parameter "port_inclk1" = "PORT_UNUSED"
    Info (12134): Parameter "port_locked" = "PORT_USED"
    Info (12134): Parameter "port_pfdena" = "PORT_UNUSED"
    Info (12134): Parameter "port_phasecounterselect" = "PORT_UNUSED"
    Info (12134): Parameter "port_phasedone" = "PORT_UNUSED"
    Info (12134): Parameter "port_phasestep" = "PORT_UNUSED"
    Info (12134): Parameter "port_phaseupdown" = "PORT_UNUSED"
    Info (12134): Parameter "port_pllena" = "PORT_UNUSED"
    Info (12134): Parameter "port_scanaclr" = "PORT_UNUSED"
    Info (12134): Parameter "port_scanclk" = "PORT_UNUSED"
    Info (12134): Parameter "port_scanclkena" = "PORT_UNUSED"
    Info (12134): Parameter "port_scandata" = "PORT_UNUSED"
    Info (12134): Parameter "port_scandataout" = "PORT_UNUSED"
    Info (12134): Parameter "port_scandone" = "PORT_UNUSED"
    Info (12134): Parameter "port_scanread" = "PORT_UNUSED"
    Info (12134): Parameter "port_scanwrite" = "PORT_UNUSED"
    Info (12134): Parameter "port_clk0" = "PORT_USED"
    Info (12134): Parameter "port_clk1" = "PORT_UNUSED"
    Info (12134): Parameter "port_clk2" = "PORT_UNUSED"
    Info (12134): Parameter "port_clk3" = "PORT_UNUSED"
    Info (12134): Parameter "port_clk4" = "PORT_UNUSED"
    Info (12134): Parameter "port_clk5" = "PORT_UNUSED"
    Info (12134): Parameter "self_reset_on_loss_lock" = "OFF"
    Info (12134): Parameter "width_clock" = "5"
Info (12021): Found 1 design units, including 1 entities, in source file db/vga_pll_altpll.v
    Info (12023): Found entity 1: vga_pll_altpll File: C:/Users/Ms Khanh/OneDrive - hcmut.edu.vn/Desktop/DATN/works_code_DA2/06_FGPA_Imple/thesis/db/vga_pll_altpll.v Line: 30
Info (12128): Elaborating entity "vga_pll_altpll" for hierarchy "vga_controller:u_vga_controller|vga_pll:pll_u|altpll:altpll_component|vga_pll_altpll:auto_generated" File: c:/intelfpga_lite/20.1/quartus/libraries/megafunctions/altpll.tdf Line: 898
Info (12128): Elaborating entity "vga_horizontal_counter" for hierarchy "vga_controller:u_vga_controller|vga_horizontal_counter:vga_horizontal_counter_u" File: C:/Users/Ms Khanh/OneDrive - hcmut.edu.vn/Desktop/DATN/works_code_DA2/00_src/VGA/vga_controller.sv Line: 65
Info (12128): Elaborating entity "vga_vertical_counter" for hierarchy "vga_controller:u_vga_controller|vga_vertical_counter:vga_vertical_counter_u" File: C:/Users/Ms Khanh/OneDrive - hcmut.edu.vn/Desktop/DATN/works_code_DA2/00_src/VGA/vga_controller.sv Line: 71
Info (276014): Found 7 instances of uninferred RAM logic
    Info (276007): RAM logic "soc_top:u_soc_top|img_tmp_bram:u_img_tmp_bram|mem" is uninferred due to asynchronous read logic File: C:/Users/Ms Khanh/OneDrive - hcmut.edu.vn/Desktop/DATN/works_code_DA2/00_src/IPU/mem/img_tmp_bram.v Line: 21
    Info (276007): RAM logic "soc_top:u_soc_top|ipu_core:u_ipu_core|haze_removal_top:u_haze_removal_top|haze_removal_core:u_core|adc_estimation:u_adc_estimation|adc_line_buffer_5x5:u_line_buf_mc|line_buf_1" is uninferred due to asynchronous read logic File: C:/Users/Ms Khanh/OneDrive - hcmut.edu.vn/Desktop/DATN/works_code_DA2/00_src/IPU/adc_line_buffer_5x5.sv Line: 37
    Info (276007): RAM logic "soc_top:u_soc_top|ipu_core:u_ipu_core|haze_removal_top:u_haze_removal_top|haze_removal_core:u_core|adc_estimation:u_adc_estimation|adc_line_buffer_5x5:u_line_buf_mc|line_buf_2" is uninferred due to asynchronous read logic File: C:/Users/Ms Khanh/OneDrive - hcmut.edu.vn/Desktop/DATN/works_code_DA2/00_src/IPU/adc_line_buffer_5x5.sv Line: 38
    Info (276007): RAM logic "soc_top:u_soc_top|ipu_core:u_ipu_core|haze_removal_top:u_haze_removal_top|haze_removal_core:u_core|adc_estimation:u_adc_estimation|adc_line_buffer_5x5:u_line_buf_mc|line_buf_3" is uninferred due to asynchronous read logic File: C:/Users/Ms Khanh/OneDrive - hcmut.edu.vn/Desktop/DATN/works_code_DA2/00_src/IPU/adc_line_buffer_5x5.sv Line: 39
    Info (276007): RAM logic "soc_top:u_soc_top|ipu_core:u_ipu_core|haze_removal_top:u_haze_removal_top|haze_removal_core:u_core|adc_estimation:u_adc_estimation|adc_line_buffer_5x5:u_line_buf_gray|line_buf_1" is uninferred due to asynchronous read logic File: C:/Users/Ms Khanh/OneDrive - hcmut.edu.vn/Desktop/DATN/works_code_DA2/00_src/IPU/adc_line_buffer_5x5.sv Line: 37
    Info (276007): RAM logic "soc_top:u_soc_top|ipu_core:u_ipu_core|haze_removal_top:u_haze_removal_top|haze_removal_core:u_core|adc_estimation:u_adc_estimation|adc_line_buffer_5x5:u_line_buf_gray|line_buf_2" is uninferred due to asynchronous read logic File: C:/Users/Ms Khanh/OneDrive - hcmut.edu.vn/Desktop/DATN/works_code_DA2/00_src/IPU/adc_line_buffer_5x5.sv Line: 38
    Info (276007): RAM logic "soc_top:u_soc_top|ipu_core:u_ipu_core|haze_removal_top:u_haze_removal_top|haze_removal_core:u_core|adc_estimation:u_adc_estimation|adc_line_buffer_5x5:u_line_buf_gray|line_buf_3" is uninferred due to asynchronous read logic File: C:/Users/Ms Khanh/OneDrive - hcmut.edu.vn/Desktop/DATN/works_code_DA2/00_src/IPU/adc_line_buffer_5x5.sv Line: 39
Info (19000): Inferred 20 megafunctions from design logic
    Info (276029): Inferred altsyncram megafunction from the following design logic: "soc_top:u_soc_top|img_tmp_bram:u_img_tmp_bram|mem_rtl_0" 
        Info (286033): Parameter OPERATION_MODE set to DUAL_PORT
        Info (286033): Parameter WIDTH_A set to 32
        Info (286033): Parameter WIDTHAD_A set to 14
        Info (286033): Parameter NUMWORDS_A set to 16384
        Info (286033): Parameter WIDTH_B set to 32
        Info (286033): Parameter WIDTHAD_B set to 14
        Info (286033): Parameter NUMWORDS_B set to 16384
        Info (286033): Parameter ADDRESS_ACLR_A set to NONE
        Info (286033): Parameter OUTDATA_REG_B set to UNREGISTERED
        Info (286033): Parameter ADDRESS_ACLR_B set to NONE
        Info (286033): Parameter OUTDATA_ACLR_B set to NONE
        Info (286033): Parameter ADDRESS_REG_B set to CLOCK0
        Info (286033): Parameter INDATA_ACLR_A set to NONE
        Info (286033): Parameter WRCONTROL_ACLR_A set to NONE
        Info (286033): Parameter RAM_BLOCK_TYPE set to M10K
        Info (286033): Parameter INIT_FILE set to db/thesis_v1.ram0_img_tmp_bram_bc9f8165.hdl.mif
        Info (286033): Parameter RDCONTROL_REG_B set to CLOCK0
    Info (276029): Inferred altsyncram megafunction from the following design logic: "soc_top:u_soc_top|img_out_bram:u_img_out_bram|mem_rtl_0" 
        Info (286033): Parameter OPERATION_MODE set to BIDIR_DUAL_PORT
        Info (286033): Parameter WIDTH_A set to 32
        Info (286033): Parameter WIDTH_B set to 32
        Info (286033): Parameter WIDTHAD_A set to 14
        Info (286033): Parameter WIDTHAD_B set to 14
        Info (286033): Parameter NUMWORDS_A set to 16384
        Info (286033): Parameter NUMWORDS_B set to 16384
        Info (286033): Parameter OUTDATA_REG_A set to UNREGISTERED
        Info (286033): Parameter OUTDATA_REG_B set to UNREGISTERED
        Info (286033): Parameter ADDRESS_REG_B set to CLOCK0
        Info (286033): Parameter INDATA_REG_B set to CLOCK0
        Info (286033): Parameter WRCONTROL_WRADDRESS_REG_B set to CLOCK0
        Info (286033): Parameter INDATA_ACLR_A set to NONE
        Info (286033): Parameter WRCONTROL_ACLR_A set to NONE
        Info (286033): Parameter ADDRESS_ACLR_A set to NONE
        Info (286033): Parameter ADDRESS_ACLR_B set to NONE
        Info (286033): Parameter OUTDATA_ACLR_B set to NONE
        Info (286033): Parameter RAM_BLOCK_TYPE set to M10K
        Info (286033): Parameter INIT_FILE set to db/thesis_v1.ram0_img_out_bram_7d49a78e.hdl.mif
    Info (276029): Inferred altsyncram megafunction from the following design logic: "soc_top:u_soc_top|img_in_bram:u_img_in_bram|mem_rtl_0" 
        Info (286033): Parameter OPERATION_MODE set to BIDIR_DUAL_PORT
        Info (286033): Parameter WIDTH_A set to 32
        Info (286033): Parameter WIDTH_B set to 32
        Info (286033): Parameter WIDTHAD_A set to 14
        Info (286033): Parameter WIDTHAD_B set to 14
        Info (286033): Parameter NUMWORDS_A set to 16384
        Info (286033): Parameter NUMWORDS_B set to 16384
        Info (286033): Parameter OUTDATA_REG_A set to UNREGISTERED
        Info (286033): Parameter OUTDATA_REG_B set to UNREGISTERED
        Info (286033): Parameter ADDRESS_REG_B set to CLOCK0
        Info (286033): Parameter INDATA_REG_B set to CLOCK0
        Info (286033): Parameter WRCONTROL_WRADDRESS_REG_B set to CLOCK0
        Info (286033): Parameter INDATA_ACLR_A set to NONE
        Info (286033): Parameter WRCONTROL_ACLR_A set to NONE
        Info (286033): Parameter ADDRESS_ACLR_A set to NONE
        Info (286033): Parameter ADDRESS_ACLR_B set to NONE
        Info (286033): Parameter OUTDATA_ACLR_B set to NONE
        Info (286033): Parameter RAM_BLOCK_TYPE set to M10K
        Info (286033): Parameter INIT_FILE set to db/thesis_v1.ram0_img_in_bram_b0270046.hdl.mif
    Info (276029): Inferred altsyncram megafunction from the following design logic: "soc_top:u_soc_top|ipu_core:u_ipu_core|haze_removal_top:u_haze_removal_top|haze_removal_core:u_core|adc_estimation:u_adc_estimation|adc_line_buffer_5x5:u_line_buf_mc|line_buf_0_rtl_0" 
        Info (286033): Parameter OPERATION_MODE set to DUAL_PORT
        Info (286033): Parameter WIDTH_A set to 8
        Info (286033): Parameter WIDTHAD_A set to 7
        Info (286033): Parameter NUMWORDS_A set to 128
        Info (286033): Parameter WIDTH_B set to 8
        Info (286033): Parameter WIDTHAD_B set to 7
        Info (286033): Parameter NUMWORDS_B set to 128
        Info (286033): Parameter ADDRESS_ACLR_A set to NONE
        Info (286033): Parameter OUTDATA_REG_B set to UNREGISTERED
        Info (286033): Parameter ADDRESS_ACLR_B set to NONE
        Info (286033): Parameter OUTDATA_ACLR_B set to NONE
        Info (286033): Parameter ADDRESS_REG_B set to CLOCK1
        Info (286033): Parameter INDATA_ACLR_A set to NONE
        Info (286033): Parameter WRCONTROL_ACLR_A set to NONE
        Info (286033): Parameter RAM_BLOCK_TYPE set to M10K
        Info (286033): Parameter INIT_FILE set to db/thesis_v1.ram0_adc_line_buffer_5x5_b18addee.hdl.mif
    Info (276029): Inferred altsyncram megafunction from the following design logic: "soc_top:u_soc_top|ipu_core:u_ipu_core|haze_removal_top:u_haze_removal_top|haze_removal_core:u_core|adc_estimation:u_adc_estimation|adc_line_buffer_5x5:u_line_buf_mc|line_buf_1_rtl_0" 
        Info (286033): Parameter OPERATION_MODE set to DUAL_PORT
        Info (286033): Parameter WIDTH_A set to 8
        Info (286033): Parameter WIDTHAD_A set to 7
        Info (286033): Parameter NUMWORDS_A set to 128
        Info (286033): Parameter WIDTH_B set to 8
        Info (286033): Parameter WIDTHAD_B set to 7
        Info (286033): Parameter NUMWORDS_B set to 128
        Info (286033): Parameter ADDRESS_ACLR_A set to NONE
        Info (286033): Parameter OUTDATA_REG_B set to UNREGISTERED
        Info (286033): Parameter ADDRESS_ACLR_B set to NONE
        Info (286033): Parameter OUTDATA_ACLR_B set to NONE
        Info (286033): Parameter ADDRESS_REG_B set to CLOCK1
        Info (286033): Parameter INDATA_ACLR_A set to NONE
        Info (286033): Parameter WRCONTROL_ACLR_A set to NONE
        Info (286033): Parameter RAM_BLOCK_TYPE set to M10K
        Info (286033): Parameter INIT_FILE set to db/thesis_v1.ram1_adc_line_buffer_5x5_b18addee.hdl.mif
    Info (276029): Inferred altsyncram megafunction from the following design logic: "soc_top:u_soc_top|ipu_core:u_ipu_core|haze_removal_top:u_haze_removal_top|haze_removal_core:u_core|adc_estimation:u_adc_estimation|adc_line_buffer_5x5:u_line_buf_mc|line_buf_2_rtl_0" 
        Info (286033): Parameter OPERATION_MODE set to DUAL_PORT
        Info (286033): Parameter WIDTH_A set to 8
        Info (286033): Parameter WIDTHAD_A set to 7
        Info (286033): Parameter NUMWORDS_A set to 128
        Info (286033): Parameter WIDTH_B set to 8
        Info (286033): Parameter WIDTHAD_B set to 7
        Info (286033): Parameter NUMWORDS_B set to 128
        Info (286033): Parameter ADDRESS_ACLR_A set to NONE
        Info (286033): Parameter OUTDATA_REG_B set to UNREGISTERED
        Info (286033): Parameter ADDRESS_ACLR_B set to NONE
        Info (286033): Parameter OUTDATA_ACLR_B set to NONE
        Info (286033): Parameter ADDRESS_REG_B set to CLOCK1
        Info (286033): Parameter INDATA_ACLR_A set to NONE
        Info (286033): Parameter WRCONTROL_ACLR_A set to NONE
        Info (286033): Parameter RAM_BLOCK_TYPE set to M10K
        Info (286033): Parameter INIT_FILE set to db/thesis_v1.ram2_adc_line_buffer_5x5_b18addee.hdl.mif
    Info (276029): Inferred altsyncram megafunction from the following design logic: "soc_top:u_soc_top|ipu_core:u_ipu_core|haze_removal_top:u_haze_removal_top|haze_removal_core:u_core|adc_estimation:u_adc_estimation|adc_line_buffer_5x5:u_line_buf_mc|line_buf_3_rtl_0" 
        Info (286033): Parameter OPERATION_MODE set to DUAL_PORT
        Info (286033): Parameter WIDTH_A set to 8
        Info (286033): Parameter WIDTHAD_A set to 7
        Info (286033): Parameter NUMWORDS_A set to 128
        Info (286033): Parameter WIDTH_B set to 8
        Info (286033): Parameter WIDTHAD_B set to 7
        Info (286033): Parameter NUMWORDS_B set to 128
        Info (286033): Parameter ADDRESS_ACLR_A set to NONE
        Info (286033): Parameter OUTDATA_REG_B set to UNREGISTERED
        Info (286033): Parameter ADDRESS_ACLR_B set to NONE
        Info (286033): Parameter OUTDATA_ACLR_B set to NONE
        Info (286033): Parameter ADDRESS_REG_B set to CLOCK1
        Info (286033): Parameter INDATA_ACLR_A set to NONE
        Info (286033): Parameter WRCONTROL_ACLR_A set to NONE
        Info (286033): Parameter RAM_BLOCK_TYPE set to M10K
        Info (286033): Parameter INIT_FILE set to db/thesis_v1.ram3_adc_line_buffer_5x5_b18addee.hdl.mif
    Info (276029): Inferred altsyncram megafunction from the following design logic: "soc_top:u_soc_top|ipu_core:u_ipu_core|haze_removal_top:u_haze_removal_top|haze_removal_core:u_core|adc_estimation:u_adc_estimation|adc_line_buffer_5x5:u_line_buf_gray|line_buf_0_rtl_0" 
        Info (286033): Parameter OPERATION_MODE set to DUAL_PORT
        Info (286033): Parameter WIDTH_A set to 8
        Info (286033): Parameter WIDTHAD_A set to 7
        Info (286033): Parameter NUMWORDS_A set to 128
        Info (286033): Parameter WIDTH_B set to 8
        Info (286033): Parameter WIDTHAD_B set to 7
        Info (286033): Parameter NUMWORDS_B set to 128
        Info (286033): Parameter ADDRESS_ACLR_A set to NONE
        Info (286033): Parameter OUTDATA_REG_B set to UNREGISTERED
        Info (286033): Parameter ADDRESS_ACLR_B set to NONE
        Info (286033): Parameter OUTDATA_ACLR_B set to NONE
        Info (286033): Parameter ADDRESS_REG_B set to CLOCK1
        Info (286033): Parameter INDATA_ACLR_A set to NONE
        Info (286033): Parameter WRCONTROL_ACLR_A set to NONE
        Info (286033): Parameter RAM_BLOCK_TYPE set to M10K
        Info (286033): Parameter INIT_FILE set to db/thesis_v1.ram0_adc_line_buffer_5x5_b18addee.hdl.mif
    Info (276029): Inferred altsyncram megafunction from the following design logic: "soc_top:u_soc_top|ipu_core:u_ipu_core|haze_removal_top:u_haze_removal_top|haze_removal_core:u_core|adc_estimation:u_adc_estimation|adc_line_buffer_5x5:u_line_buf_gray|line_buf_1_rtl_0" 
        Info (286033): Parameter OPERATION_MODE set to DUAL_PORT
        Info (286033): Parameter WIDTH_A set to 8
        Info (286033): Parameter WIDTHAD_A set to 7
        Info (286033): Parameter NUMWORDS_A set to 128
        Info (286033): Parameter WIDTH_B set to 8
        Info (286033): Parameter WIDTHAD_B set to 7
        Info (286033): Parameter NUMWORDS_B set to 128
        Info (286033): Parameter ADDRESS_ACLR_A set to NONE
        Info (286033): Parameter OUTDATA_REG_B set to UNREGISTERED
        Info (286033): Parameter ADDRESS_ACLR_B set to NONE
        Info (286033): Parameter OUTDATA_ACLR_B set to NONE
        Info (286033): Parameter ADDRESS_REG_B set to CLOCK1
        Info (286033): Parameter INDATA_ACLR_A set to NONE
        Info (286033): Parameter WRCONTROL_ACLR_A set to NONE
        Info (286033): Parameter RAM_BLOCK_TYPE set to M10K
        Info (286033): Parameter INIT_FILE set to db/thesis_v1.ram1_adc_line_buffer_5x5_b18addee.hdl.mif
    Info (276029): Inferred altsyncram megafunction from the following design logic: "soc_top:u_soc_top|ipu_core:u_ipu_core|haze_removal_top:u_haze_removal_top|haze_removal_core:u_core|adc_estimation:u_adc_estimation|adc_line_buffer_5x5:u_line_buf_gray|line_buf_2_rtl_0" 
        Info (286033): Parameter OPERATION_MODE set to DUAL_PORT
        Info (286033): Parameter WIDTH_A set to 8
        Info (286033): Parameter WIDTHAD_A set to 7
        Info (286033): Parameter NUMWORDS_A set to 128
        Info (286033): Parameter WIDTH_B set to 8
        Info (286033): Parameter WIDTHAD_B set to 7
        Info (286033): Parameter NUMWORDS_B set to 128
        Info (286033): Parameter ADDRESS_ACLR_A set to NONE
        Info (286033): Parameter OUTDATA_REG_B set to UNREGISTERED
        Info (286033): Parameter ADDRESS_ACLR_B set to NONE
        Info (286033): Parameter OUTDATA_ACLR_B set to NONE
        Info (286033): Parameter ADDRESS_REG_B set to CLOCK1
        Info (286033): Parameter INDATA_ACLR_A set to NONE
        Info (286033): Parameter WRCONTROL_ACLR_A set to NONE
        Info (286033): Parameter RAM_BLOCK_TYPE set to M10K
        Info (286033): Parameter INIT_FILE set to db/thesis_v1.ram2_adc_line_buffer_5x5_b18addee.hdl.mif
    Info (276029): Inferred altsyncram megafunction from the following design logic: "soc_top:u_soc_top|ipu_core:u_ipu_core|haze_removal_top:u_haze_removal_top|haze_removal_core:u_core|adc_estimation:u_adc_estimation|adc_line_buffer_5x5:u_line_buf_gray|line_buf_3_rtl_0" 
        Info (286033): Parameter OPERATION_MODE set to DUAL_PORT
        Info (286033): Parameter WIDTH_A set to 8
        Info (286033): Parameter WIDTHAD_A set to 7
        Info (286033): Parameter NUMWORDS_A set to 128
        Info (286033): Parameter WIDTH_B set to 8
        Info (286033): Parameter WIDTHAD_B set to 7
        Info (286033): Parameter NUMWORDS_B set to 128
        Info (286033): Parameter ADDRESS_ACLR_A set to NONE
        Info (286033): Parameter OUTDATA_REG_B set to UNREGISTERED
        Info (286033): Parameter ADDRESS_ACLR_B set to NONE
        Info (286033): Parameter OUTDATA_ACLR_B set to NONE
        Info (286033): Parameter ADDRESS_REG_B set to CLOCK1
        Info (286033): Parameter INDATA_ACLR_A set to NONE
        Info (286033): Parameter WRCONTROL_ACLR_A set to NONE
        Info (286033): Parameter RAM_BLOCK_TYPE set to M10K
        Info (286033): Parameter INIT_FILE set to db/thesis_v1.ram3_adc_line_buffer_5x5_b18addee.hdl.mif
    Info (276029): Inferred altsyncram megafunction from the following design logic: "soc_top:u_soc_top|ipu_core:u_ipu_core|haze_removal_top:u_haze_removal_top|haze_removal_core:u_core|atm_light_coarse_tx:u_atm_light_coarse_tx|bank_pingpong_stream:u_bank_tx|bank_bram:u_bank2|mem_rtl_0" 
        Info (286033): Parameter OPERATION_MODE set to DUAL_PORT
        Info (286033): Parameter WIDTH_A set to 8
        Info (286033): Parameter WIDTHAD_A set to 14
        Info (286033): Parameter NUMWORDS_A set to 16384
        Info (286033): Parameter WIDTH_B set to 8
        Info (286033): Parameter WIDTHAD_B set to 14
        Info (286033): Parameter NUMWORDS_B set to 16384
        Info (286033): Parameter ADDRESS_ACLR_A set to NONE
        Info (286033): Parameter OUTDATA_REG_B set to UNREGISTERED
        Info (286033): Parameter ADDRESS_ACLR_B set to NONE
        Info (286033): Parameter OUTDATA_ACLR_B set to NONE
        Info (286033): Parameter ADDRESS_REG_B set to CLOCK0
        Info (286033): Parameter INDATA_ACLR_A set to NONE
        Info (286033): Parameter WRCONTROL_ACLR_A set to NONE
        Info (286033): Parameter RAM_BLOCK_TYPE set to M10K
        Info (286033): Parameter INIT_FILE set to db/thesis_v1.ram0_bank_bram_42e900fc.hdl.mif
        Info (286033): Parameter READ_DURING_WRITE_MODE_MIXED_PORTS set to OLD_DATA
        Info (286033): Parameter RDCONTROL_REG_B set to CLOCK0
    Info (276029): Inferred altsyncram megafunction from the following design logic: "soc_top:u_soc_top|ipu_core:u_ipu_core|haze_removal_top:u_haze_removal_top|haze_removal_core:u_core|atm_light_coarse_tx:u_atm_light_coarse_tx|bank_pingpong_stream:u_bank_tx|bank_bram:u_bank1|mem_rtl_0" 
        Info (286033): Parameter OPERATION_MODE set to DUAL_PORT
        Info (286033): Parameter WIDTH_A set to 8
        Info (286033): Parameter WIDTHAD_A set to 14
        Info (286033): Parameter NUMWORDS_A set to 16384
        Info (286033): Parameter WIDTH_B set to 8
        Info (286033): Parameter WIDTHAD_B set to 14
        Info (286033): Parameter NUMWORDS_B set to 16384
        Info (286033): Parameter ADDRESS_ACLR_A set to NONE
        Info (286033): Parameter OUTDATA_REG_B set to UNREGISTERED
        Info (286033): Parameter ADDRESS_ACLR_B set to NONE
        Info (286033): Parameter OUTDATA_ACLR_B set to NONE
        Info (286033): Parameter ADDRESS_REG_B set to CLOCK0
        Info (286033): Parameter INDATA_ACLR_A set to NONE
        Info (286033): Parameter WRCONTROL_ACLR_A set to NONE
        Info (286033): Parameter RAM_BLOCK_TYPE set to M10K
        Info (286033): Parameter INIT_FILE set to db/thesis_v1.ram0_bank_bram_42e900fc.hdl.mif
        Info (286033): Parameter READ_DURING_WRITE_MODE_MIXED_PORTS set to OLD_DATA
        Info (286033): Parameter RDCONTROL_REG_B set to CLOCK0
    Info (276029): Inferred altsyncram megafunction from the following design logic: "soc_top:u_soc_top|ipu_core:u_ipu_core|haze_removal_top:u_haze_removal_top|haze_removal_core:u_core|bank_bram:u_tx_frame_map|mem_rtl_0" 
        Info (286033): Parameter OPERATION_MODE set to DUAL_PORT
        Info (286033): Parameter WIDTH_A set to 8
        Info (286033): Parameter WIDTHAD_A set to 14
        Info (286033): Parameter NUMWORDS_A set to 16384
        Info (286033): Parameter WIDTH_B set to 8
        Info (286033): Parameter WIDTHAD_B set to 14
        Info (286033): Parameter NUMWORDS_B set to 16384
        Info (286033): Parameter ADDRESS_ACLR_A set to NONE
        Info (286033): Parameter OUTDATA_REG_B set to UNREGISTERED
        Info (286033): Parameter ADDRESS_ACLR_B set to NONE
        Info (286033): Parameter OUTDATA_ACLR_B set to NONE
        Info (286033): Parameter ADDRESS_REG_B set to CLOCK0
        Info (286033): Parameter INDATA_ACLR_A set to NONE
        Info (286033): Parameter WRCONTROL_ACLR_A set to NONE
        Info (286033): Parameter RAM_BLOCK_TYPE set to M10K
        Info (286033): Parameter INIT_FILE set to db/thesis_v1.ram0_bank_bram_42e900fc.hdl.mif
        Info (286033): Parameter READ_DURING_WRITE_MODE_MIXED_PORTS set to OLD_DATA
        Info (286033): Parameter RDCONTROL_REG_B set to CLOCK0
    Info (276029): Inferred altsyncram megafunction from the following design logic: "soc_top:u_soc_top|ipu_core:u_ipu_core|haze_removal_top:u_haze_removal_top|haze_removal_core:u_core|bank_bram:u_adc_frame_map|mem_rtl_0" 
        Info (286033): Parameter OPERATION_MODE set to DUAL_PORT
        Info (286033): Parameter WIDTH_A set to 8
        Info (286033): Parameter WIDTHAD_A set to 14
        Info (286033): Parameter NUMWORDS_A set to 16384
        Info (286033): Parameter WIDTH_B set to 8
        Info (286033): Parameter WIDTHAD_B set to 14
        Info (286033): Parameter NUMWORDS_B set to 16384
        Info (286033): Parameter ADDRESS_ACLR_A set to NONE
        Info (286033): Parameter OUTDATA_REG_B set to UNREGISTERED
        Info (286033): Parameter ADDRESS_ACLR_B set to NONE
        Info (286033): Parameter OUTDATA_ACLR_B set to NONE
        Info (286033): Parameter ADDRESS_REG_B set to CLOCK0
        Info (286033): Parameter INDATA_ACLR_A set to NONE
        Info (286033): Parameter WRCONTROL_ACLR_A set to NONE
        Info (286033): Parameter RAM_BLOCK_TYPE set to M10K
        Info (286033): Parameter INIT_FILE set to db/thesis_v1.ram0_bank_bram_42e900fc.hdl.mif
        Info (286033): Parameter READ_DURING_WRITE_MODE_MIXED_PORTS set to OLD_DATA
        Info (286033): Parameter RDCONTROL_REG_B set to CLOCK0
    Info (276029): Inferred altsyncram megafunction from the following design logic: "soc_top:u_soc_top|single_cycle:u_single_cycle|lsu:lsu|memory:mem|mem_b0_rtl_0" 
        Info (286033): Parameter OPERATION_MODE set to BIDIR_DUAL_PORT
        Info (286033): Parameter WIDTH_A set to 8
        Info (286033): Parameter WIDTH_B set to 8
        Info (286033): Parameter WIDTHAD_A set to 12
        Info (286033): Parameter WIDTHAD_B set to 12
        Info (286033): Parameter NUMWORDS_A set to 4096
        Info (286033): Parameter NUMWORDS_B set to 4096
        Info (286033): Parameter OUTDATA_REG_A set to UNREGISTERED
        Info (286033): Parameter OUTDATA_REG_B set to UNREGISTERED
        Info (286033): Parameter ADDRESS_REG_B set to CLOCK0
        Info (286033): Parameter INDATA_REG_B set to CLOCK0
        Info (286033): Parameter WRCONTROL_WRADDRESS_REG_B set to CLOCK0
        Info (286033): Parameter INDATA_ACLR_A set to NONE
        Info (286033): Parameter WRCONTROL_ACLR_A set to NONE
        Info (286033): Parameter ADDRESS_ACLR_A set to NONE
        Info (286033): Parameter ADDRESS_ACLR_B set to NONE
        Info (286033): Parameter OUTDATA_ACLR_B set to NONE
        Info (286033): Parameter RAM_BLOCK_TYPE set to M10K
        Info (286033): Parameter INIT_FILE set to db/thesis_v1.ram0_memory_739a0be.hdl.mif
    Info (276029): Inferred altsyncram megafunction from the following design logic: "soc_top:u_soc_top|single_cycle:u_single_cycle|lsu:lsu|memory:mem|mem_b1_rtl_0" 
        Info (286033): Parameter OPERATION_MODE set to BIDIR_DUAL_PORT
        Info (286033): Parameter WIDTH_A set to 8
        Info (286033): Parameter WIDTH_B set to 8
        Info (286033): Parameter WIDTHAD_A set to 12
        Info (286033): Parameter WIDTHAD_B set to 12
        Info (286033): Parameter NUMWORDS_A set to 4096
        Info (286033): Parameter NUMWORDS_B set to 4096
        Info (286033): Parameter OUTDATA_REG_A set to UNREGISTERED
        Info (286033): Parameter OUTDATA_REG_B set to UNREGISTERED
        Info (286033): Parameter ADDRESS_REG_B set to CLOCK0
        Info (286033): Parameter INDATA_REG_B set to CLOCK0
        Info (286033): Parameter WRCONTROL_WRADDRESS_REG_B set to CLOCK0
        Info (286033): Parameter INDATA_ACLR_A set to NONE
        Info (286033): Parameter WRCONTROL_ACLR_A set to NONE
        Info (286033): Parameter ADDRESS_ACLR_A set to NONE
        Info (286033): Parameter ADDRESS_ACLR_B set to NONE
        Info (286033): Parameter OUTDATA_ACLR_B set to NONE
        Info (286033): Parameter RAM_BLOCK_TYPE set to M10K
        Info (286033): Parameter INIT_FILE set to db/thesis_v1.ram1_memory_739a0be.hdl.mif
    Info (276029): Inferred altsyncram megafunction from the following design logic: "soc_top:u_soc_top|single_cycle:u_single_cycle|lsu:lsu|memory:mem|mem_b2_rtl_0" 
        Info (286033): Parameter OPERATION_MODE set to BIDIR_DUAL_PORT
        Info (286033): Parameter WIDTH_A set to 8
        Info (286033): Parameter WIDTH_B set to 8
        Info (286033): Parameter WIDTHAD_A set to 12
        Info (286033): Parameter WIDTHAD_B set to 12
        Info (286033): Parameter NUMWORDS_A set to 4096
        Info (286033): Parameter NUMWORDS_B set to 4096
        Info (286033): Parameter OUTDATA_REG_A set to UNREGISTERED
        Info (286033): Parameter OUTDATA_REG_B set to UNREGISTERED
        Info (286033): Parameter ADDRESS_REG_B set to CLOCK0
        Info (286033): Parameter INDATA_REG_B set to CLOCK0
        Info (286033): Parameter WRCONTROL_WRADDRESS_REG_B set to CLOCK0
        Info (286033): Parameter INDATA_ACLR_A set to NONE
        Info (286033): Parameter WRCONTROL_ACLR_A set to NONE
        Info (286033): Parameter ADDRESS_ACLR_A set to NONE
        Info (286033): Parameter ADDRESS_ACLR_B set to NONE
        Info (286033): Parameter OUTDATA_ACLR_B set to NONE
        Info (286033): Parameter RAM_BLOCK_TYPE set to M10K
        Info (286033): Parameter INIT_FILE set to db/thesis_v1.ram2_memory_739a0be.hdl.mif
    Info (276029): Inferred altsyncram megafunction from the following design logic: "soc_top:u_soc_top|single_cycle:u_single_cycle|lsu:lsu|memory:mem|mem_b3_rtl_0" 
        Info (286033): Parameter OPERATION_MODE set to BIDIR_DUAL_PORT
        Info (286033): Parameter WIDTH_A set to 8
        Info (286033): Parameter WIDTH_B set to 8
        Info (286033): Parameter WIDTHAD_A set to 12
        Info (286033): Parameter WIDTHAD_B set to 12
        Info (286033): Parameter NUMWORDS_A set to 4096
        Info (286033): Parameter NUMWORDS_B set to 4096
        Info (286033): Parameter OUTDATA_REG_A set to UNREGISTERED
        Info (286033): Parameter OUTDATA_REG_B set to UNREGISTERED
        Info (286033): Parameter ADDRESS_REG_B set to CLOCK0
        Info (286033): Parameter INDATA_REG_B set to CLOCK0
        Info (286033): Parameter WRCONTROL_WRADDRESS_REG_B set to CLOCK0
        Info (286033): Parameter INDATA_ACLR_A set to NONE
        Info (286033): Parameter WRCONTROL_ACLR_A set to NONE
        Info (286033): Parameter ADDRESS_ACLR_A set to NONE
        Info (286033): Parameter ADDRESS_ACLR_B set to NONE
        Info (286033): Parameter OUTDATA_ACLR_B set to NONE
        Info (286033): Parameter RAM_BLOCK_TYPE set to M10K
        Info (286033): Parameter INIT_FILE set to db/thesis_v1.ram3_memory_739a0be.hdl.mif
    Info (276029): Inferred altsyncram megafunction from the following design logic: "soc_top:u_soc_top|single_cycle:u_single_cycle|instr_mem:instr_mem_inst|IMem_rtl_0" 
        Info (286033): Parameter OPERATION_MODE set to ROM
        Info (286033): Parameter WIDTH_A set to 32
        Info (286033): Parameter WIDTHAD_A set to 11
        Info (286033): Parameter NUMWORDS_A set to 2000
        Info (286033): Parameter OUTDATA_REG_A set to UNREGISTERED
        Info (286033): Parameter ADDRESS_ACLR_A set to NONE
        Info (286033): Parameter OUTDATA_ACLR_A set to NONE
        Info (286033): Parameter INDATA_ACLR_A set to NONE
        Info (286033): Parameter WRCONTROL_ACLR_A set to NONE
        Info (286033): Parameter RAM_BLOCK_TYPE set to M10K
        Info (286033): Parameter INIT_FILE set to db/thesis_v1.ram0_instr_mem_8ff0214b.hdl.mif
Info (12130): Elaborated megafunction instantiation "soc_top:u_soc_top|img_tmp_bram:u_img_tmp_bram|altsyncram:mem_rtl_0"
Info (12133): Instantiated megafunction "soc_top:u_soc_top|img_tmp_bram:u_img_tmp_bram|altsyncram:mem_rtl_0" with the following parameter:
    Info (12134): Parameter "OPERATION_MODE" = "DUAL_PORT"
    Info (12134): Parameter "WIDTH_A" = "32"
    Info (12134): Parameter "WIDTHAD_A" = "14"
    Info (12134): Parameter "NUMWORDS_A" = "16384"
    Info (12134): Parameter "WIDTH_B" = "32"
    Info (12134): Parameter "WIDTHAD_B" = "14"
    Info (12134): Parameter "NUMWORDS_B" = "16384"
    Info (12134): Parameter "ADDRESS_ACLR_A" = "NONE"
    Info (12134): Parameter "OUTDATA_REG_B" = "UNREGISTERED"
    Info (12134): Parameter "ADDRESS_ACLR_B" = "NONE"
    Info (12134): Parameter "OUTDATA_ACLR_B" = "NONE"
    Info (12134): Parameter "ADDRESS_REG_B" = "CLOCK0"
    Info (12134): Parameter "INDATA_ACLR_A" = "NONE"
    Info (12134): Parameter "WRCONTROL_ACLR_A" = "NONE"
    Info (12134): Parameter "RAM_BLOCK_TYPE" = "M10K"
    Info (12134): Parameter "INIT_FILE" = "db/thesis_v1.ram0_img_tmp_bram_bc9f8165.hdl.mif"
    Info (12134): Parameter "RDCONTROL_REG_B" = "CLOCK0"
Info (12021): Found 1 design units, including 1 entities, in source file db/altsyncram_q3t1.tdf
    Info (12023): Found entity 1: altsyncram_q3t1 File: C:/Users/Ms Khanh/OneDrive - hcmut.edu.vn/Desktop/DATN/works_code_DA2/06_FGPA_Imple/thesis/db/altsyncram_q3t1.tdf Line: 32
Info (12021): Found 1 design units, including 1 entities, in source file db/decode_5la.tdf
    Info (12023): Found entity 1: decode_5la File: C:/Users/Ms Khanh/OneDrive - hcmut.edu.vn/Desktop/DATN/works_code_DA2/06_FGPA_Imple/thesis/db/decode_5la.tdf Line: 23
Info (12021): Found 1 design units, including 1 entities, in source file db/mux_2hb.tdf
    Info (12023): Found entity 1: mux_2hb File: C:/Users/Ms Khanh/OneDrive - hcmut.edu.vn/Desktop/DATN/works_code_DA2/06_FGPA_Imple/thesis/db/mux_2hb.tdf Line: 23
Info (12130): Elaborated megafunction instantiation "soc_top:u_soc_top|img_out_bram:u_img_out_bram|altsyncram:mem_rtl_0"
Info (12133): Instantiated megafunction "soc_top:u_soc_top|img_out_bram:u_img_out_bram|altsyncram:mem_rtl_0" with the following parameter:
    Info (12134): Parameter "OPERATION_MODE" = "BIDIR_DUAL_PORT"
    Info (12134): Parameter "WIDTH_A" = "32"
    Info (12134): Parameter "WIDTH_B" = "32"
    Info (12134): Parameter "WIDTHAD_A" = "14"
    Info (12134): Parameter "WIDTHAD_B" = "14"
    Info (12134): Parameter "NUMWORDS_A" = "16384"
    Info (12134): Parameter "NUMWORDS_B" = "16384"
    Info (12134): Parameter "OUTDATA_REG_A" = "UNREGISTERED"
    Info (12134): Parameter "OUTDATA_REG_B" = "UNREGISTERED"
    Info (12134): Parameter "ADDRESS_REG_B" = "CLOCK0"
    Info (12134): Parameter "INDATA_REG_B" = "CLOCK0"
    Info (12134): Parameter "WRCONTROL_WRADDRESS_REG_B" = "CLOCK0"
    Info (12134): Parameter "INDATA_ACLR_A" = "NONE"
    Info (12134): Parameter "WRCONTROL_ACLR_A" = "NONE"
    Info (12134): Parameter "ADDRESS_ACLR_A" = "NONE"
    Info (12134): Parameter "ADDRESS_ACLR_B" = "NONE"
    Info (12134): Parameter "OUTDATA_ACLR_B" = "NONE"
    Info (12134): Parameter "RAM_BLOCK_TYPE" = "M10K"
    Info (12134): Parameter "INIT_FILE" = "db/thesis_v1.ram0_img_out_bram_7d49a78e.hdl.mif"
Info (12021): Found 1 design units, including 1 entities, in source file db/altsyncram_5252.tdf
    Info (12023): Found entity 1: altsyncram_5252 File: C:/Users/Ms Khanh/OneDrive - hcmut.edu.vn/Desktop/DATN/works_code_DA2/06_FGPA_Imple/thesis/db/altsyncram_5252.tdf Line: 34
Info (12021): Found 1 design units, including 1 entities, in source file db/decode_u0a.tdf
    Info (12023): Found entity 1: decode_u0a File: C:/Users/Ms Khanh/OneDrive - hcmut.edu.vn/Desktop/DATN/works_code_DA2/06_FGPA_Imple/thesis/db/decode_u0a.tdf Line: 23
Info (12130): Elaborated megafunction instantiation "soc_top:u_soc_top|img_in_bram:u_img_in_bram|altsyncram:mem_rtl_0"
Info (12133): Instantiated megafunction "soc_top:u_soc_top|img_in_bram:u_img_in_bram|altsyncram:mem_rtl_0" with the following parameter:
    Info (12134): Parameter "OPERATION_MODE" = "BIDIR_DUAL_PORT"
    Info (12134): Parameter "WIDTH_A" = "32"
    Info (12134): Parameter "WIDTH_B" = "32"
    Info (12134): Parameter "WIDTHAD_A" = "14"
    Info (12134): Parameter "WIDTHAD_B" = "14"
    Info (12134): Parameter "NUMWORDS_A" = "16384"
    Info (12134): Parameter "NUMWORDS_B" = "16384"
    Info (12134): Parameter "OUTDATA_REG_A" = "UNREGISTERED"
    Info (12134): Parameter "OUTDATA_REG_B" = "UNREGISTERED"
    Info (12134): Parameter "ADDRESS_REG_B" = "CLOCK0"
    Info (12134): Parameter "INDATA_REG_B" = "CLOCK0"
    Info (12134): Parameter "WRCONTROL_WRADDRESS_REG_B" = "CLOCK0"
    Info (12134): Parameter "INDATA_ACLR_A" = "NONE"
    Info (12134): Parameter "WRCONTROL_ACLR_A" = "NONE"
    Info (12134): Parameter "ADDRESS_ACLR_A" = "NONE"
    Info (12134): Parameter "ADDRESS_ACLR_B" = "NONE"
    Info (12134): Parameter "OUTDATA_ACLR_B" = "NONE"
    Info (12134): Parameter "RAM_BLOCK_TYPE" = "M10K"
    Info (12134): Parameter "INIT_FILE" = "db/thesis_v1.ram0_img_in_bram_b0270046.hdl.mif"
Info (12021): Found 1 design units, including 1 entities, in source file db/altsyncram_6h32.tdf
    Info (12023): Found entity 1: altsyncram_6h32 File: C:/Users/Ms Khanh/OneDrive - hcmut.edu.vn/Desktop/DATN/works_code_DA2/06_FGPA_Imple/thesis/db/altsyncram_6h32.tdf Line: 34
Info (12130): Elaborated megafunction instantiation "soc_top:u_soc_top|ipu_core:u_ipu_core|haze_removal_top:u_haze_removal_top|haze_removal_core:u_core|adc_estimation:u_adc_estimation|adc_line_buffer_5x5:u_line_buf_mc|altsyncram:line_buf_0_rtl_0"
Info (12133): Instantiated megafunction "soc_top:u_soc_top|ipu_core:u_ipu_core|haze_removal_top:u_haze_removal_top|haze_removal_core:u_core|adc_estimation:u_adc_estimation|adc_line_buffer_5x5:u_line_buf_mc|altsyncram:line_buf_0_rtl_0" with the following parameter:
    Info (12134): Parameter "OPERATION_MODE" = "DUAL_PORT"
    Info (12134): Parameter "WIDTH_A" = "8"
    Info (12134): Parameter "WIDTHAD_A" = "7"
    Info (12134): Parameter "NUMWORDS_A" = "128"
    Info (12134): Parameter "WIDTH_B" = "8"
    Info (12134): Parameter "WIDTHAD_B" = "7"
    Info (12134): Parameter "NUMWORDS_B" = "128"
    Info (12134): Parameter "ADDRESS_ACLR_A" = "NONE"
    Info (12134): Parameter "OUTDATA_REG_B" = "UNREGISTERED"
    Info (12134): Parameter "ADDRESS_ACLR_B" = "NONE"
    Info (12134): Parameter "OUTDATA_ACLR_B" = "NONE"
    Info (12134): Parameter "ADDRESS_REG_B" = "CLOCK1"
    Info (12134): Parameter "INDATA_ACLR_A" = "NONE"
    Info (12134): Parameter "WRCONTROL_ACLR_A" = "NONE"
    Info (12134): Parameter "RAM_BLOCK_TYPE" = "M10K"
    Info (12134): Parameter "INIT_FILE" = "db/thesis_v1.ram0_adc_line_buffer_5x5_b18addee.hdl.mif"
Info (12021): Found 1 design units, including 1 entities, in source file db/altsyncram_1ur1.tdf
    Info (12023): Found entity 1: altsyncram_1ur1 File: C:/Users/Ms Khanh/OneDrive - hcmut.edu.vn/Desktop/DATN/works_code_DA2/06_FGPA_Imple/thesis/db/altsyncram_1ur1.tdf Line: 28
Info (12130): Elaborated megafunction instantiation "soc_top:u_soc_top|ipu_core:u_ipu_core|haze_removal_top:u_haze_removal_top|haze_removal_core:u_core|adc_estimation:u_adc_estimation|adc_line_buffer_5x5:u_line_buf_mc|altsyncram:line_buf_1_rtl_0"
Info (12133): Instantiated megafunction "soc_top:u_soc_top|ipu_core:u_ipu_core|haze_removal_top:u_haze_removal_top|haze_removal_core:u_core|adc_estimation:u_adc_estimation|adc_line_buffer_5x5:u_line_buf_mc|altsyncram:line_buf_1_rtl_0" with the following parameter:
    Info (12134): Parameter "OPERATION_MODE" = "DUAL_PORT"
    Info (12134): Parameter "WIDTH_A" = "8"
    Info (12134): Parameter "WIDTHAD_A" = "7"
    Info (12134): Parameter "NUMWORDS_A" = "128"
    Info (12134): Parameter "WIDTH_B" = "8"
    Info (12134): Parameter "WIDTHAD_B" = "7"
    Info (12134): Parameter "NUMWORDS_B" = "128"
    Info (12134): Parameter "ADDRESS_ACLR_A" = "NONE"
    Info (12134): Parameter "OUTDATA_REG_B" = "UNREGISTERED"
    Info (12134): Parameter "ADDRESS_ACLR_B" = "NONE"
    Info (12134): Parameter "OUTDATA_ACLR_B" = "NONE"
    Info (12134): Parameter "ADDRESS_REG_B" = "CLOCK1"
    Info (12134): Parameter "INDATA_ACLR_A" = "NONE"
    Info (12134): Parameter "WRCONTROL_ACLR_A" = "NONE"
    Info (12134): Parameter "RAM_BLOCK_TYPE" = "M10K"
    Info (12134): Parameter "INIT_FILE" = "db/thesis_v1.ram1_adc_line_buffer_5x5_b18addee.hdl.mif"
Info (12021): Found 1 design units, including 1 entities, in source file db/altsyncram_2ur1.tdf
    Info (12023): Found entity 1: altsyncram_2ur1 File: C:/Users/Ms Khanh/OneDrive - hcmut.edu.vn/Desktop/DATN/works_code_DA2/06_FGPA_Imple/thesis/db/altsyncram_2ur1.tdf Line: 28
Info (12130): Elaborated megafunction instantiation "soc_top:u_soc_top|ipu_core:u_ipu_core|haze_removal_top:u_haze_removal_top|haze_removal_core:u_core|adc_estimation:u_adc_estimation|adc_line_buffer_5x5:u_line_buf_mc|altsyncram:line_buf_2_rtl_0"
Info (12133): Instantiated megafunction "soc_top:u_soc_top|ipu_core:u_ipu_core|haze_removal_top:u_haze_removal_top|haze_removal_core:u_core|adc_estimation:u_adc_estimation|adc_line_buffer_5x5:u_line_buf_mc|altsyncram:line_buf_2_rtl_0" with the following parameter:
    Info (12134): Parameter "OPERATION_MODE" = "DUAL_PORT"
    Info (12134): Parameter "WIDTH_A" = "8"
    Info (12134): Parameter "WIDTHAD_A" = "7"
    Info (12134): Parameter "NUMWORDS_A" = "128"
    Info (12134): Parameter "WIDTH_B" = "8"
    Info (12134): Parameter "WIDTHAD_B" = "7"
    Info (12134): Parameter "NUMWORDS_B" = "128"
    Info (12134): Parameter "ADDRESS_ACLR_A" = "NONE"
    Info (12134): Parameter "OUTDATA_REG_B" = "UNREGISTERED"
    Info (12134): Parameter "ADDRESS_ACLR_B" = "NONE"
    Info (12134): Parameter "OUTDATA_ACLR_B" = "NONE"
    Info (12134): Parameter "ADDRESS_REG_B" = "CLOCK1"
    Info (12134): Parameter "INDATA_ACLR_A" = "NONE"
    Info (12134): Parameter "WRCONTROL_ACLR_A" = "NONE"
    Info (12134): Parameter "RAM_BLOCK_TYPE" = "M10K"
    Info (12134): Parameter "INIT_FILE" = "db/thesis_v1.ram2_adc_line_buffer_5x5_b18addee.hdl.mif"
Info (12021): Found 1 design units, including 1 entities, in source file db/altsyncram_3ur1.tdf
    Info (12023): Found entity 1: altsyncram_3ur1 File: C:/Users/Ms Khanh/OneDrive - hcmut.edu.vn/Desktop/DATN/works_code_DA2/06_FGPA_Imple/thesis/db/altsyncram_3ur1.tdf Line: 28
Info (12130): Elaborated megafunction instantiation "soc_top:u_soc_top|ipu_core:u_ipu_core|haze_removal_top:u_haze_removal_top|haze_removal_core:u_core|adc_estimation:u_adc_estimation|adc_line_buffer_5x5:u_line_buf_mc|altsyncram:line_buf_3_rtl_0"
Info (12133): Instantiated megafunction "soc_top:u_soc_top|ipu_core:u_ipu_core|haze_removal_top:u_haze_removal_top|haze_removal_core:u_core|adc_estimation:u_adc_estimation|adc_line_buffer_5x5:u_line_buf_mc|altsyncram:line_buf_3_rtl_0" with the following parameter:
    Info (12134): Parameter "OPERATION_MODE" = "DUAL_PORT"
    Info (12134): Parameter "WIDTH_A" = "8"
    Info (12134): Parameter "WIDTHAD_A" = "7"
    Info (12134): Parameter "NUMWORDS_A" = "128"
    Info (12134): Parameter "WIDTH_B" = "8"
    Info (12134): Parameter "WIDTHAD_B" = "7"
    Info (12134): Parameter "NUMWORDS_B" = "128"
    Info (12134): Parameter "ADDRESS_ACLR_A" = "NONE"
    Info (12134): Parameter "OUTDATA_REG_B" = "UNREGISTERED"
    Info (12134): Parameter "ADDRESS_ACLR_B" = "NONE"
    Info (12134): Parameter "OUTDATA_ACLR_B" = "NONE"
    Info (12134): Parameter "ADDRESS_REG_B" = "CLOCK1"
    Info (12134): Parameter "INDATA_ACLR_A" = "NONE"
    Info (12134): Parameter "WRCONTROL_ACLR_A" = "NONE"
    Info (12134): Parameter "RAM_BLOCK_TYPE" = "M10K"
    Info (12134): Parameter "INIT_FILE" = "db/thesis_v1.ram3_adc_line_buffer_5x5_b18addee.hdl.mif"
Info (12021): Found 1 design units, including 1 entities, in source file db/altsyncram_4ur1.tdf
    Info (12023): Found entity 1: altsyncram_4ur1 File: C:/Users/Ms Khanh/OneDrive - hcmut.edu.vn/Desktop/DATN/works_code_DA2/06_FGPA_Imple/thesis/db/altsyncram_4ur1.tdf Line: 28
Info (12130): Elaborated megafunction instantiation "soc_top:u_soc_top|ipu_core:u_ipu_core|haze_removal_top:u_haze_removal_top|haze_removal_core:u_core|atm_light_coarse_tx:u_atm_light_coarse_tx|bank_pingpong_stream:u_bank_tx|bank_bram:u_bank2|altsyncram:mem_rtl_0"
Info (12133): Instantiated megafunction "soc_top:u_soc_top|ipu_core:u_ipu_core|haze_removal_top:u_haze_removal_top|haze_removal_core:u_core|atm_light_coarse_tx:u_atm_light_coarse_tx|bank_pingpong_stream:u_bank_tx|bank_bram:u_bank2|altsyncram:mem_rtl_0" with the following parameter:
    Info (12134): Parameter "OPERATION_MODE" = "DUAL_PORT"
    Info (12134): Parameter "WIDTH_A" = "8"
    Info (12134): Parameter "WIDTHAD_A" = "14"
    Info (12134): Parameter "NUMWORDS_A" = "16384"
    Info (12134): Parameter "WIDTH_B" = "8"
    Info (12134): Parameter "WIDTHAD_B" = "14"
    Info (12134): Parameter "NUMWORDS_B" = "16384"
    Info (12134): Parameter "ADDRESS_ACLR_A" = "NONE"
    Info (12134): Parameter "OUTDATA_REG_B" = "UNREGISTERED"
    Info (12134): Parameter "ADDRESS_ACLR_B" = "NONE"
    Info (12134): Parameter "OUTDATA_ACLR_B" = "NONE"
    Info (12134): Parameter "ADDRESS_REG_B" = "CLOCK0"
    Info (12134): Parameter "INDATA_ACLR_A" = "NONE"
    Info (12134): Parameter "WRCONTROL_ACLR_A" = "NONE"
    Info (12134): Parameter "RAM_BLOCK_TYPE" = "M10K"
    Info (12134): Parameter "INIT_FILE" = "db/thesis_v1.ram0_bank_bram_42e900fc.hdl.mif"
    Info (12134): Parameter "READ_DURING_WRITE_MODE_MIXED_PORTS" = "OLD_DATA"
    Info (12134): Parameter "RDCONTROL_REG_B" = "CLOCK0"
Info (12021): Found 1 design units, including 1 entities, in source file db/altsyncram_s512.tdf
    Info (12023): Found entity 1: altsyncram_s512 File: C:/Users/Ms Khanh/OneDrive - hcmut.edu.vn/Desktop/DATN/works_code_DA2/06_FGPA_Imple/thesis/db/altsyncram_s512.tdf Line: 32
Info (12021): Found 1 design units, including 1 entities, in source file db/mux_lfb.tdf
    Info (12023): Found entity 1: mux_lfb File: C:/Users/Ms Khanh/OneDrive - hcmut.edu.vn/Desktop/DATN/works_code_DA2/06_FGPA_Imple/thesis/db/mux_lfb.tdf Line: 23
Info (12130): Elaborated megafunction instantiation "soc_top:u_soc_top|single_cycle:u_single_cycle|lsu:lsu|memory:mem|altsyncram:mem_b0_rtl_0"
Info (12133): Instantiated megafunction "soc_top:u_soc_top|single_cycle:u_single_cycle|lsu:lsu|memory:mem|altsyncram:mem_b0_rtl_0" with the following parameter:
    Info (12134): Parameter "OPERATION_MODE" = "BIDIR_DUAL_PORT"
    Info (12134): Parameter "WIDTH_A" = "8"
    Info (12134): Parameter "WIDTH_B" = "8"
    Info (12134): Parameter "WIDTHAD_A" = "12"
    Info (12134): Parameter "WIDTHAD_B" = "12"
    Info (12134): Parameter "NUMWORDS_A" = "4096"
    Info (12134): Parameter "NUMWORDS_B" = "4096"
    Info (12134): Parameter "OUTDATA_REG_A" = "UNREGISTERED"
    Info (12134): Parameter "OUTDATA_REG_B" = "UNREGISTERED"
    Info (12134): Parameter "ADDRESS_REG_B" = "CLOCK0"
    Info (12134): Parameter "INDATA_REG_B" = "CLOCK0"
    Info (12134): Parameter "WRCONTROL_WRADDRESS_REG_B" = "CLOCK0"
    Info (12134): Parameter "INDATA_ACLR_A" = "NONE"
    Info (12134): Parameter "WRCONTROL_ACLR_A" = "NONE"
    Info (12134): Parameter "ADDRESS_ACLR_A" = "NONE"
    Info (12134): Parameter "ADDRESS_ACLR_B" = "NONE"
    Info (12134): Parameter "OUTDATA_ACLR_B" = "NONE"
    Info (12134): Parameter "RAM_BLOCK_TYPE" = "M10K"
    Info (12134): Parameter "INIT_FILE" = "db/thesis_v1.ram0_memory_739a0be.hdl.mif"
Info (12021): Found 1 design units, including 1 entities, in source file db/altsyncram_tt22.tdf
    Info (12023): Found entity 1: altsyncram_tt22 File: C:/Users/Ms Khanh/OneDrive - hcmut.edu.vn/Desktop/DATN/works_code_DA2/06_FGPA_Imple/thesis/db/altsyncram_tt22.tdf Line: 28
Info (12130): Elaborated megafunction instantiation "soc_top:u_soc_top|single_cycle:u_single_cycle|lsu:lsu|memory:mem|altsyncram:mem_b1_rtl_0"
Info (12133): Instantiated megafunction "soc_top:u_soc_top|single_cycle:u_single_cycle|lsu:lsu|memory:mem|altsyncram:mem_b1_rtl_0" with the following parameter:
    Info (12134): Parameter "OPERATION_MODE" = "BIDIR_DUAL_PORT"
    Info (12134): Parameter "WIDTH_A" = "8"
    Info (12134): Parameter "WIDTH_B" = "8"
    Info (12134): Parameter "WIDTHAD_A" = "12"
    Info (12134): Parameter "WIDTHAD_B" = "12"
    Info (12134): Parameter "NUMWORDS_A" = "4096"
    Info (12134): Parameter "NUMWORDS_B" = "4096"
    Info (12134): Parameter "OUTDATA_REG_A" = "UNREGISTERED"
    Info (12134): Parameter "OUTDATA_REG_B" = "UNREGISTERED"
    Info (12134): Parameter "ADDRESS_REG_B" = "CLOCK0"
    Info (12134): Parameter "INDATA_REG_B" = "CLOCK0"
    Info (12134): Parameter "WRCONTROL_WRADDRESS_REG_B" = "CLOCK0"
    Info (12134): Parameter "INDATA_ACLR_A" = "NONE"
    Info (12134): Parameter "WRCONTROL_ACLR_A" = "NONE"
    Info (12134): Parameter "ADDRESS_ACLR_A" = "NONE"
    Info (12134): Parameter "ADDRESS_ACLR_B" = "NONE"
    Info (12134): Parameter "OUTDATA_ACLR_B" = "NONE"
    Info (12134): Parameter "RAM_BLOCK_TYPE" = "M10K"
    Info (12134): Parameter "INIT_FILE" = "db/thesis_v1.ram1_memory_739a0be.hdl.mif"
Info (12021): Found 1 design units, including 1 entities, in source file db/altsyncram_ut22.tdf
    Info (12023): Found entity 1: altsyncram_ut22 File: C:/Users/Ms Khanh/OneDrive - hcmut.edu.vn/Desktop/DATN/works_code_DA2/06_FGPA_Imple/thesis/db/altsyncram_ut22.tdf Line: 28
Info (12130): Elaborated megafunction instantiation "soc_top:u_soc_top|single_cycle:u_single_cycle|lsu:lsu|memory:mem|altsyncram:mem_b2_rtl_0"
Info (12133): Instantiated megafunction "soc_top:u_soc_top|single_cycle:u_single_cycle|lsu:lsu|memory:mem|altsyncram:mem_b2_rtl_0" with the following parameter:
    Info (12134): Parameter "OPERATION_MODE" = "BIDIR_DUAL_PORT"
    Info (12134): Parameter "WIDTH_A" = "8"
    Info (12134): Parameter "WIDTH_B" = "8"
    Info (12134): Parameter "WIDTHAD_A" = "12"
    Info (12134): Parameter "WIDTHAD_B" = "12"
    Info (12134): Parameter "NUMWORDS_A" = "4096"
    Info (12134): Parameter "NUMWORDS_B" = "4096"
    Info (12134): Parameter "OUTDATA_REG_A" = "UNREGISTERED"
    Info (12134): Parameter "OUTDATA_REG_B" = "UNREGISTERED"
    Info (12134): Parameter "ADDRESS_REG_B" = "CLOCK0"
    Info (12134): Parameter "INDATA_REG_B" = "CLOCK0"
    Info (12134): Parameter "WRCONTROL_WRADDRESS_REG_B" = "CLOCK0"
    Info (12134): Parameter "INDATA_ACLR_A" = "NONE"
    Info (12134): Parameter "WRCONTROL_ACLR_A" = "NONE"
    Info (12134): Parameter "ADDRESS_ACLR_A" = "NONE"
    Info (12134): Parameter "ADDRESS_ACLR_B" = "NONE"
    Info (12134): Parameter "OUTDATA_ACLR_B" = "NONE"
    Info (12134): Parameter "RAM_BLOCK_TYPE" = "M10K"
    Info (12134): Parameter "INIT_FILE" = "db/thesis_v1.ram2_memory_739a0be.hdl.mif"
Info (12021): Found 1 design units, including 1 entities, in source file db/altsyncram_vt22.tdf
    Info (12023): Found entity 1: altsyncram_vt22 File: C:/Users/Ms Khanh/OneDrive - hcmut.edu.vn/Desktop/DATN/works_code_DA2/06_FGPA_Imple/thesis/db/altsyncram_vt22.tdf Line: 28
Info (12130): Elaborated megafunction instantiation "soc_top:u_soc_top|single_cycle:u_single_cycle|lsu:lsu|memory:mem|altsyncram:mem_b3_rtl_0"
Info (12133): Instantiated megafunction "soc_top:u_soc_top|single_cycle:u_single_cycle|lsu:lsu|memory:mem|altsyncram:mem_b3_rtl_0" with the following parameter:
    Info (12134): Parameter "OPERATION_MODE" = "BIDIR_DUAL_PORT"
    Info (12134): Parameter "WIDTH_A" = "8"
    Info (12134): Parameter "WIDTH_B" = "8"
    Info (12134): Parameter "WIDTHAD_A" = "12"
    Info (12134): Parameter "WIDTHAD_B" = "12"
    Info (12134): Parameter "NUMWORDS_A" = "4096"
    Info (12134): Parameter "NUMWORDS_B" = "4096"
    Info (12134): Parameter "OUTDATA_REG_A" = "UNREGISTERED"
    Info (12134): Parameter "OUTDATA_REG_B" = "UNREGISTERED"
    Info (12134): Parameter "ADDRESS_REG_B" = "CLOCK0"
    Info (12134): Parameter "INDATA_REG_B" = "CLOCK0"
    Info (12134): Parameter "WRCONTROL_WRADDRESS_REG_B" = "CLOCK0"
    Info (12134): Parameter "INDATA_ACLR_A" = "NONE"
    Info (12134): Parameter "WRCONTROL_ACLR_A" = "NONE"
    Info (12134): Parameter "ADDRESS_ACLR_A" = "NONE"
    Info (12134): Parameter "ADDRESS_ACLR_B" = "NONE"
    Info (12134): Parameter "OUTDATA_ACLR_B" = "NONE"
    Info (12134): Parameter "RAM_BLOCK_TYPE" = "M10K"
    Info (12134): Parameter "INIT_FILE" = "db/thesis_v1.ram3_memory_739a0be.hdl.mif"
Info (12021): Found 1 design units, including 1 entities, in source file db/altsyncram_ej22.tdf
    Info (12023): Found entity 1: altsyncram_ej22 File: C:/Users/Ms Khanh/OneDrive - hcmut.edu.vn/Desktop/DATN/works_code_DA2/06_FGPA_Imple/thesis/db/altsyncram_ej22.tdf Line: 28
Info (12130): Elaborated megafunction instantiation "soc_top:u_soc_top|single_cycle:u_single_cycle|instr_mem:instr_mem_inst|altsyncram:IMem_rtl_0"
Info (12133): Instantiated megafunction "soc_top:u_soc_top|single_cycle:u_single_cycle|instr_mem:instr_mem_inst|altsyncram:IMem_rtl_0" with the following parameter:
    Info (12134): Parameter "OPERATION_MODE" = "ROM"
    Info (12134): Parameter "WIDTH_A" = "32"
    Info (12134): Parameter "WIDTHAD_A" = "11"
    Info (12134): Parameter "NUMWORDS_A" = "2000"
    Info (12134): Parameter "OUTDATA_REG_A" = "UNREGISTERED"
    Info (12134): Parameter "ADDRESS_ACLR_A" = "NONE"
    Info (12134): Parameter "OUTDATA_ACLR_A" = "NONE"
    Info (12134): Parameter "INDATA_ACLR_A" = "NONE"
    Info (12134): Parameter "WRCONTROL_ACLR_A" = "NONE"
    Info (12134): Parameter "RAM_BLOCK_TYPE" = "M10K"
    Info (12134): Parameter "INIT_FILE" = "db/thesis_v1.ram0_instr_mem_8ff0214b.hdl.mif"
Info (12021): Found 1 design units, including 1 entities, in source file db/altsyncram_8if1.tdf
    Info (12023): Found entity 1: altsyncram_8if1 File: C:/Users/Ms Khanh/OneDrive - hcmut.edu.vn/Desktop/DATN/works_code_DA2/06_FGPA_Imple/thesis/db/altsyncram_8if1.tdf Line: 28
Info (17026): Resynthesizing 0 WYSIWYG logic cells and I/Os using "speed" technology mapper which leaves 0 WYSIWYG logic cells and I/Os untouched
Warning (13024): Output pins are stuck at VCC or GND
    Warning (13410): Pin "LCD_ON" is stuck at VCC File: C:/Users/Ms Khanh/OneDrive - hcmut.edu.vn/Desktop/DATN/works_code_DA2/06_FGPA_Imple/wrapper.sv Line: 20
    Warning (13410): Pin "LCD_BLON" is stuck at VCC File: C:/Users/Ms Khanh/OneDrive - hcmut.edu.vn/Desktop/DATN/works_code_DA2/06_FGPA_Imple/wrapper.sv Line: 21
    Warning (13410): Pin "VGA_SYNC_N" is stuck at GND File: C:/Users/Ms Khanh/OneDrive - hcmut.edu.vn/Desktop/DATN/works_code_DA2/06_FGPA_Imple/wrapper.sv Line: 31
Info (286030): Timing-Driven Synthesis is running
Info (17049): 135 registers lost all their fanouts during netlist optimizations.
Info (16010): Generating hard_block partition "hard_block:auto_generated_inst"
    Info (16011): Adding 5 node(s), including 0 DDIO, 1 PLL, 0 transceiver and 0 LCELL
Warning (21074): Design contains 3 input pin(s) that do not drive logic
    Warning (15610): No output dependent on input pin "KEY[1]" File: C:/Users/Ms Khanh/OneDrive - hcmut.edu.vn/Desktop/DATN/works_code_DA2/06_FGPA_Imple/wrapper.sv Line: 11
    Warning (15610): No output dependent on input pin "KEY[2]" File: C:/Users/Ms Khanh/OneDrive - hcmut.edu.vn/Desktop/DATN/works_code_DA2/06_FGPA_Imple/wrapper.sv Line: 11
    Warning (15610): No output dependent on input pin "KEY[3]" File: C:/Users/Ms Khanh/OneDrive - hcmut.edu.vn/Desktop/DATN/works_code_DA2/06_FGPA_Imple/wrapper.sv Line: 11
Info (21057): Implemented 18682 device resources after synthesis - the final resource count might be different
    Info (21058): Implemented 23 input pins
    Info (21059): Implemented 157 output pins
    Info (21061): Implemented 18079 logic cells
    Info (21064): Implemented 384 RAM segments
    Info (21065): Implemented 1 PLLs
    Info (21062): Implemented 38 DSP elements
Info: Quartus Prime Analysis & Synthesis was successful. 0 errors, 28 warnings
    Info: Peak virtual memory: 5045 megabytes
    Info: Processing ended: Sun Apr 19 15:48:16 2026
    Info: Elapsed time: 00:00:59
    Info: Total CPU time (on all processors): 00:01:12


