00D2C0B9
00D2C1BA
00D2C2BB
00D2C2BC
00D2C2BC
00D3C3BC
00D3C3BD
00D3C3BC
00D4C4BD
00D4C4BD
00D4C4BD
00D5C4BD
00D5C4BE
00D5C5BF
00D5C5BF
00D6C5BF
00D6C6C0
00D5C6C0
00D5C6C0
00D5C6C0
00D6C7C1
00D5C7C1
00D6C7C1
00D6C7C1
00D6C8C1
00D6C8C1
00D6C8C2
00D7C8C2
00D7C8C2
00D6C8C2
00D6C8C2
00D7C9C3
00D7C8C2
00D7C5BB
00D7C4BB
00D7C5BD
00D8C8C1
00D7C9C3
00D7C9C3
00D8CAC4
00D8CAC4
00D8CAC4
00D8CAC4
00D8CAC4
00D8CAC4
00D8CAC4
00D9CBC5
00D9CBC5
00D9CAC5
00D9CBC5
00D9CBC5
00D9CBC5
00D9CBC5
00D9CBC5
00DACCC6
00DACCC6
00DACCC7
00DACCC7
00DACCC6
00DACCC6
00DACCC6
00DACCC6
00DACCC6
00DACCC6
00DBCDC7
00DACCC6
00DBCDC7
00DBCDC7
00DBCDC7
00DBCDC7
00DBCDC7
00DBCDC7
00DBCDC7
00DBCDC7
00DBCDC7
00DBCDC7
00DBCDC7
00DBCDC7
00DBCDC7
00DBCDC7
00DBCDC7
00DBCDC7
00DBCDC7
00DBCDC7
00DBCDC7
00DBCDC7
00DBCDC7
00DBCDC7
00DBCDC7
00DBCDC7
00DBCDC7
00DBCDC7
00DBCDC7
00DACCC6
00DACCC6
00DACCC6
00DACCC6
00DACCC6
00DACCC6
00DACCC6
00DACCC6
00DACCC6
00DACCC6
00DACCC6
00DACBC6
00D9CBC6
00D9CBC5
00D9CBC5
00D9CBC5
00D9CBC5
00D9CBC5
00D9CAC5
00D8CAC5
00D8CAC5
00D8CAC4
00D8CAC4
00D8CAC4
00D8CAC4
00D7CAC4
00D6CAC4
00D7CAC4
00D8CAC4
00D8CAC4
00D7C9C3
00D7C9C3
00D7C9C3
00D7C9C3
00D7C9C3
00D2C0B9
00D2C1BA
00D2C1BA
00D2C2BB
00D2C2BB
00D3C3BC
00D3C3BC
00D3C3BD
00D4C3BD
00D4C4BD
00D4C4BD
00D4C4BD
00D5C5BE
00D5C5BF
00D5C5BF
00D6C5C0
00D6C6C0
00D5C6BF
00D5C6C0
00D6C6C0
00D5C7C1
00D5C7C1
00D5C7C1
00D5C7C1
00D6C8C2
00D6C8C2
00D6C8C2
00D6C8C2
00D7C8C2
00D6C8C2
00D6C8C2
00D7C9C3
00D7C7C0
00D7C4BB
00D7C4BC
00D7C5BD
00D7C8C1
00D7C9C3
00D7C9C3
00D8CAC4
00D8CAC4
00D8CAC4
00D8CAC4
00D8CAC4
00D8CAC4
00D8CAC4
00D9CBC5
00D9CBC5
00D8CBC5
00D9CAC5
00D9CBC5
00D9CBC5
00D9CBC5
00D9CBC5
00DACCC6
00D9CBC5
00DACCC6
00DACBC7
00DACCC7
00DACCC7
00DACCC6
00DACCC6
00DACCC6
00DACCC7
00DACCC6
00DACCC7
00DBCCC7
00DBCDC7
00DBCDC7
00DBCDC7
00DBCDC7
00DBCDC7
00DBCDC7
00DBCDC8
00DBCDC7
00DBCDC7
00DBCDC7
00DBCDC7
00DBCDC7
00DBCDC7
00DBCDC7
00DBCDC7
00DBCDC7
00DBCDC7
00DBCDC7
00DBCDC7
00DBCDC7
00DBCDC7
00DBCCC8
00DBCCC7
00DBCDC7
00DBCDC7
00DBCDC7
00DACCC6
00D9CBC5
00DACCC6
00DACCC6
00DACCC6
00DACCC6
00DACCC6
00DACCC6
00DACCC6
00D9CCC6
00D9CBC6
00D9CBC5
00D9CBC5
00D9CBC5
00D9CBC5
00D9CBC5
00D9CBC5
00D9CBC5
00D8CAC5
00D8CAC4
00D8CAC4
00D8CAC4
00D8CAC4
00D8CAC4
00D8C9C4
00D7CAC4
00D6CAC4
00D7CAC4
00D7CAC4
00D7C9C3
00D8C9C3
00D7C9C3
00D7C9C3
00D7C9C3
00D7C9C3
00D2C1BA
00D2C1BA
00D2C2BB
00D2C2BB
00D2C2BB
00D3C3BC
00D3C2BC
00D3C3BC
00D4C3BD
00D4C4BD
00D4C4BD
00D4C4BE
00D4C4BE
00D5C5BF
00D5C5BF
00D6C6C0
00D6C6C0
00D6C6C0
00D6C6C0
00D6C7C1
00D5C7C1
00D5C7C1
00D5C7C1
00D6C7C1
00D6C8C2
00D6C8C2
00D6C8C2
00D6C8C2
00D6C8C2
00D7C8C2
00D6C8C2
00D7C8C2
00D6C6BE
00D7C4BC
00D7C5BD
00D7C6BD
00D7C7BF
00D8C9C3
00D7C9C3
00D7C9C3
00D8CAC4
00D8CAC4
00D8CAC4
00D8CAC4
00D8CAC4
00D8CAC4
00D9CBC5
00D8CBC4
00D8CAC4
00D9CBC5
00D9CBC5
00D9CBC5
00D9CBC5
00D9CBC5
00D9CBC5
00DACCC6
00DACBC6
00DACCC6
00DACCC6
00DACCC7
00DACCC6
00DACCC6
00DACCC6
00DACCC6
00DACDC7
00DACDC6
00DACCC6
00DBCDC7
00DBCDC7
00DBCDC7
00DBCDC7
00DBCDC7
00DBCDC7
00DBCDC7
00DBCDC7
00DBCDC7
00DBCDC8
00DBCDC7
00DBCDC7
00DBCDC7
00DBCDC7
00DBCDC7
00DBCDC7
00DBCDC7
00DBCDC7
00DBCDC7
00DBCDC7
00DBCDC7
00DBCDC7
00DACCC7
00DACCC6
00DBCDC7
00DBCDC7
00DACCC6
00D9CBC5
00DACCC6
00DACCC6
00DACCC6
00DACCC6
00DACCC6
00DACCC6
00DACCC6
00D9CBC5
00D9CCC6
00DACBC5
00D9CBC5
00D9CBC5
00D9CBC5
00D9CBC5
00D9CBC5
00D9CBC5
00D9CAC4
00D8CAC4
00D8CAC4
00D8CAC4
00D8CAC4
00D7CAC4
00D7CAC3
00D7C9C3
00D7CAC4
00D7C9C3
00D7C9C3
00D7C9C3
00D7C9C3
00D7C9C3
00D7C9C3
00D7C9C3
00D7C9C3
00D3C1BA
00D2C1BA
00D2C2BB
00D3C2BB
00D2C1BB
00D3C2BC
00D3C2BC
00D3C3BC
00D4C3BC
00D4C3BD
00D5C4BE
00D5C4BE
00D5C5BF
00D5C5BF
00D5C5BF
00D5C5BF
00D6C6C0
00D6C6C0
00D6C6C0
00D6C7C1
00D6C7C1
00D6C7C1
00D6C7C1
00D6C7C1
00D7C8C2
00D6C7C2
00D6C8C2
00D6C8C2
00D6C8C2
00D7C8C2
00D6C7C1
00D6C6C0
00D6C5BD
00D6C5BC
00D7C5BC
00D7C6BD
00D7C6BF
00D8C8C2
00D7C8C2
00D7C9C3
00D8CAC4
00D8CAC4
00D8CAC4
00D8CAC4
00D8CAC4
00D8CAC4
00D9CBC5
00D8CAC4
00D9CBC5
00D9CBC5
00D9CBC5
00D9CBC5
00D9CBC5
00D9CBC5
00D9CBC5
00D9CBC5
00DACCC6
00DACCC6
00DACCC6
00DACCC6
00DACCC6
00DACCC6
00DACCC6
00DACCC6
00DACCC7
00DACCC7
00DACCC6
00DACCC6
00DBCDC7
00DBCDC7
00DBCDC7
00DBCDC7
00DBCDC7
00DBCDC7
00DBCDC7
00DBCDC7
00DBCDC8
00DBCDC7
00DBCDC7
00DBCDC7
00DBCDC7
00DBCDC7
00DBCDC7
00DBCDC7
00DBCDC7
00DBCDC7
00DBCDC7
00DBCDC7
00DBCCC7
00DACCC6
00DACCC6
00DACCC7
00DBCCC7
00DACCC6
00D9CBC5
00DACCC6
00DACCC6
00DACCC6
00DACCC6
00DACCC6
00DACCC6
00DACCC6
00D9CBC5
00D9CBC5
00D9CBC5
00D9CBC5
00D9CBC5
00D9CBC5
00D9CBC5
00D8CAC4
00D8CAC4
00D8CAC4
00D8CAC4
00D8CAC4
00D8CAC4
00D8CAC4
00D7CAC4
00D7CAC4
00D8C9C4
00D8CAC4
00D7C9C3
00D7C9C3
00D7C9C3
00D7C9C3
00D7C9C3
00D7C9C3
00D7C9C3
00D7C9C3
00D2C1BA
00D3C1BA
00D3C1BA
00D2C2BB
00D3C1BA
00D3C2BC
00D3C2BC
00D3C3BC
00D4C3BC
00D4C3BD
00D4C4BE
00D4C4BE
00D5C5BE
00D5C4BE
00D5C5BF
00D5C5BF
00D5C5BF
00D6C6C0
00D6C6C0
00D5C7C1
00D6C7C1
00D6C7C1
00D6C7C1
00D6C7C1
00D6C7C1
00D6C8C2
00D6C8C2
00D6C8C2
00D6C7C1
00D7C8C2
00D6C6BE
00D5C4BA
00D6C5BC
00D6C5BC
00D6C5BC
00D7C5BD
00D7C6BD
00D7C6BF
00D6C6C0
00D8C9C3
00D7C9C4
00D7C9C4
00D8CAC4
00D8CAC4
00D8CAC4
00D8CAC4
00D8CAC4
00D8CAC4
00D9CBC5
00D9CBC5
00D9CBC5
00D9CBC5
00D9CBC5
00D9CBC5
00D9CBC5
00D9CBC5
00DACCC6
00DACCC6
00DACCC6
00DACCC6
00DACCC6
00DACCC6
00DACCC6
00DACCC6
00DACDC7
00DACCC7
00DBCCC7
00DACCC6
00DBCDC7
00DBCDC7
00DBCDC7
00DBCDC7
00DBCDC7
00DBCDC7
00DBCDC7
00DBCDC7
00DBCDC7
00DBCDC7
00DBCDC7
00DBCDC7
00DBCDC7
00DBCDC7
00DBCDC7
00DBCDC7
00DBCDC7
00DBCDC7
00DACCC6
00DACCC6
00DACCC6
00DACCC6
00DACCC6
00DACCC6
00DACCC6
00DACBC5
00DACAC4
00D9C9C3
00D8C8C2
00D8C8C1
00D8C8C1
00D9C9C3
00D9CBC5
00DACCC6
00DACCC6
00D9CBC5
00D9CBC5
00D9CBC5
00D9CBC5
00D9CBC5
00D9CBC5
00D9CBC5
00D8CAC4
00D8CAC4
00D8CAC4
00D8CAC4
00D8CAC4
00D8CAC4
00D8CAC4
00D7C9C3
00D7C9C4
00D8CAC4
00D7C9C3
00D7C9C3
00D7C9C3
00D7C9C3
00D7C9C3
00D7C8C2
00D6C9C3
00D6C9C3
00D2C0B9
00D3C1BA
00D3C1BA
00D3C1BA
00D3C1BA
00D3C2BC
00D3C2BB
00D3C2BB
00D3C2BB
00D4C3BD
00D4C4BE
00D4C4BE
00D5C5BE
00D4C3BD
00D5C5BF
00D5C5BF
00D5C5BF
00D5C6C0
00D6C6C0
00D6C6C0
00D6C7C1
00D6C7C1
00D5C7C1
00D6C7C1
00D6C8C2
00D6C8C2
00D6C8C2
00D6C8C2
00D7C7C1
00D7C7C1
00D5C5BD
00D5C3BA
00D5C4BB
00D6C5BC
00D6C5BC
00D7C6BD
00D7C5BD
00D6C5BE
00D7C6BF
00D8C9C3
00D8CAC4
00D8CAC4
00D8CAC4
00D8CAC4
00D8CAC4
00D8CAC4
00D8CAC4
00D8CAC4
00D8CAC4
00D9CBC5
00D9CBC5
00D9CBC5
00D9CBC5
00D9CBC5
00D9CBC5
00D9CBC5
00DACCC6
00DACCC6
00DACCC6
00DACCC6
00DACCC6
00DACCC6
00DACCC6
00DACCC6
00DBCDC7
00DBCDC7
00DBCDC7
00DACCC6
00DBCCC7
00DBCDC7
00DBCDC7
00DACCC7
00DBCDC7
00DBCDC7
00DBCDC7
00DBCDC7
00DBCDC7
00DBCDC7
00DBCDC7
00DBCDC7
00DBCDC7
00DBCDC7
00DBCDC7
00DBCDC7
00DACCC6
00DBCDC7
00DBCDC7
00DACCC6
00DACCC6
00DACCC6
00DACCC6
00DACCC6
00DACCC6
00D9C8C1
00D8C7BF
00D7C6BE
00D8C6BE
00D7C6BE
00D7C6BE
00D6C6BE
00D6C6BE
00D7C6BF
00D8C8C0
00D8CAC3
00D9CBC5
00D9CBC5
00D9CAC5
00D8CAC4
00D8CAC4
00D8CAC5
00D8CAC4
00D8CAC4
00D8CAC4
00D7CAC4
00D8CAC4
00D8CAC4
00D7C9C3
00D7C9C3
00D7C9C3
00D6C9C3
00D7C9C3
00D7C9C3
00D7C9C3
00D6C8C2
00D6C8C2
00D7C9C3
00D7C9C3
00D7C9C3
00D2C0B9
00D3C1BA
00D3C1BA
00D3C1BA
00D3C1BA
00D3C2BB
00D3C2BB
00D4C2BB
00D3C2BB
00D4C3BC
00D4C3BD
00D4C4BD
00D5C5BE
00D4C3BD
00D5C5BE
00D5C5BF
00D6C6BF
00D6C6C0
00D6C6C0
00D6C7C1
00D6C7C1
00D6C7C1
00D5C7C1
00D6C7C1
00D6C7C1
00D6C7C1
00D6C7C1
00D6C8C2
00D7C8C2
00D7C8C1
00D5C4BC
00D5C3BB
00D5C3BB
00D6C4BB
00D6C5BC
00D6C5BC
00D6C4BC
00D7C5BD
00D7C5BF
00D7C8C2
00D8CAC4
00D8CAC4
00D7C9C3
00D8CAC4
00D8CAC4
00D8CAC4
00D8CAC4
00D8CAC4
00D9CBC5
00D9CBC5
00D9CBC5
00D8CBC5
00D9CBC5
00D9CBC5
00D9CBC5
00D9CBC5
00DACCC6
00DACCC6
00D9CBC5
00DACCC6
00DACCC6
00DACCC6
00DACCC6
00DACCC6
00DACCC6
00DACCC6
00DACCC6
00DACCC6
00DACCC6
00DACCC6
00DBCDC7
00DBCCC7
00DBCCC7
00DBCDC7
00DBCDC8
00DBCDC7
00DACCC6
00DACCC6
00DBCDC7
00DBCDC7
00DBCDC7
00DBCDC7
00DBCDC7
00DBCDC7
00DACCC6
00DACCC6
00DACCC6
00DACCC6
00DACCC6
00DACCC6
00DACCC6
00DACAC4
00D8C6BF
00D6C4BB
00D6C5BC
00D7C6BE
00D8C7BE
00D7C7BF
00D8C8C0
00D8C7C0
00D7C6BD
00D7C5BC
00D6C4BB
00D6C6BE
00D9CBC5
00D9CBC5
00D9CBC5
00D8CAC4
00D8CAC5
00D8CAC5
00D8CAC4
00D8CAC4
00D8CAC4
00D8CAC4
00D7CAC4
00D7C9C3
00D7C9C3
00D7C9C3
00D7C9C3
00D7C9C3
00D7C8C2
00D7C9C3
00D6C8C2
00D5C7C1
00D5C7C1
00D6C8C2
00D7C9C3
00D7C9C3
00D1BFB8
00D2C1BA
00D2C0B9
00D3C1BA
00D3C1BA
00D4C2BB
00D3C2BB
00D4C2BB
00D2C1BA
00D4C2BC
00D4C3BC
00D4C4BD
00D5C4BE
00D4C3BC
00D5C5BE
00D5C5BF
00D5C5BF
00D5C5BF
00D6C6C0
00D6C6C0
00D6C6C0
00D6C7C1
00D6C7C1
00D6C7C1
00D6C7C1
00D6C8C2
00D6C8C2
00D6C7C1
00D6C7C1
00D7C8C2
00D6C5BE
00D5C2BA
00D5C3BA
00D5C4BB
00D6C5BC
00D6C5BC
00D6C4BC
00D6C5BD
00D6C5BF
00D7C9C3
00D7C9C3
00D8CAC4
00D8CAC4
00D8CAC4
00D8CAC4
00D8CAC4
00D8CAC4
00D9CBC5
00D8CAC5
00D8CAC4
00D9CBC5
00D9CBC5
00D9CBC5
00D9CBC5
00D9CBC5
00D9CBC5
00D9CBC5
00D9CBC5
00D9CBC5
00DACCC6
00D9CBC5
00DACCC6
00DACCC6
00DACCC6
00DACCC6
00DACCC6
00DACCC6
00DACCC6
00DACCC6
00DBCDC7
00DACDC7
00DACCC6
00DACCC7
00DACCC7
00DBCCC7
00DACCC6
00DACCC6
00DACCC6
00DACCC7
00DACCC6
00DBCDC7
00DBCDC7
00DBCDC7
00DACCC7
00DACCC6
00DACCC6
00DACCC6
00DACCC6
00DACCC6
00DACCC6
00D9CBC4
00D6C4BC
00D6C3BA
00D6C3B9
00D7C5BB
00D9C8C0
00D8C7BF
00D8C7BF
00D7C7C0
00D8C7BF
00D7C5BD
00D7C5BD
00D7C6BE
00D8C9C3
00D9CBC5
00D9CBC5
00D9CBC5
00D8CBC5
00D8CAC4
00D8CAC5
00D8CAC5
00D8CAC4
00D8CAC4
00D8CAC4
00D7C9C3
00D7C9C3
00D7C9C3
00D7C9C3
00D7C9C3
00D7C9C3
00D5C7C1
00D6C8C2
00D5C7C1
00D4C5BF
00D4C5BF
00D5C7C1
00D6C8C2
00D6C8C2
00D2C0B9
00D2C0B9
00D1BFB8
00D2C0B9
00D2C0B9
00D3C1BA
00D4C2BB
00D4C2BB
00D2C0B9
00D4C2BB
00D3C2BC
00D4C2BC
00D5C4BD
00D4C3BB
00D4C4BE
00D5C5BF
00D5C5BF
00D5C5BF
00D6C6BF
00D6C6C0
00D5C7C1
00D5C7C1
00D6C7C1
00D6C7C1
00D6C7C1
00D6C7C1
00D6C7C1
00D6C7C1
00D5C8C2
00D6C7C2
00D5C7C1
00D4C2BB
00D4C2BA
00D5C2BA
00D5C4BC
00D5C4BD
00D5C4BC
00D5C4BD
00D6C6BF
00D8C9C3
00D7C9C3
00D8CAC4
00D8CAC4
00D8CAC4
00D8CAC4
00D8CAC4
00D8CAC4
00D8CAC4
00D8CAC4
00D8CAC5
00D9CBC5
00D9CBC5
00D9CAC4
00D9CBC5
00D9CBC5
00D9CBC5
00D9CBC5
00D9CBC5
00D9CBC5
00D9CBC5
00D9CBC5
00DACCC6
00DACCC6
00DACCC6
00DACCC6
00DACCC7
00DACCC6
00DBCCC7
00DACCC7
00DBCDC7
00DACDC7
00DACCC6
00DACCC6
00DACCC7
00DBCDC7
00DACCC6
00DACCC6
00DACCC6
00DACCC6
00DACCC6
00DBCDC7
00DACCC6
00DBCDC7
00DACCC6
00DACCC6
00DACCC6
00DACCC6
00DACCC6
00DACCC6
00DACCC6
00D9CBC5
00D7C6BE
00D6C4BA
00D5C3B9
00D6C4BB
00D7C6BD
00D7C6BE
00D8C6BE
00D7C6BF
00D7C7BF
00D7C7BF
00D8C8C2
00D9CBC5
00D9CBC5
00D8CAC4
00D9CBC5
00D9CBC5
00D8CAC4
00D8CAC4
00D8CAC4
00D8C9C4
00D7C9C3
00D7C9C3
00D7C9C3
00D7C9C3
00D6C9C3
00D7C9C3
00D7C9C3
00D7C9C3
00D6C8C2
00D5C6C0
00D6C6C0
00D5C5BF
00D5C5BE
00D5C6C0
00D6C8C2
00D6C8C2
00D6C8C2
00D1BFB8
00D2C0B9
00D1BFB8
00D2C0B9
00D2C0B9
00D2C0B9
00D3C1BA
00D4C2BB
00D2C0B9
00D3C2BB
00D4C2BB
00D4C2BC
00D4C3BC
00D4C2BC
00D4C4BE
00D5C5BF
00D5C5BF
00D5C5BF
00D6C6BF
00D6C6C0
00D6C7C1
00D5C7C1
00D5C7C1
00D5C7C1
00D6C7C1
00D6C7C1
00D6C7C1
00D6C7C1
00D6C8C2
00D5C8C1
00D7C8C2
00D7C6BF
00D6C4BD
00D6C5BD
00D6C7C1
00D6C5BF
00D7C7C1
00D7C6C0
00D8C9C3
00D8C9C3
00D7C9C4
00D8C9C4
00D8CAC4
00D8CAC4
00D8CAC4
00D8CAC4
00D8CAC4
00D8CAC4
00D8CAC4
00D8CAC4
00D8CAC4
00D9CBC5
00D9CBC5
00D9CBC5
00D9CBC5
00D9CBC5
00D9CBC5
00D9CBC5
00D9CBC5
00D9CBC5
00DACCC6
00D9CBC5
00D9CCC6
00D9CCC7
00DACCC6
00DACCC7
00DACCC6
00DACCC6
00DACCC6
00DACCC6
00DACCC6
00DACCC6
00DACCC6
00DACCC6
00DACCC6
00DACCC6
00DACCC6
00DACCC6
00DBCDC7
00DACCC6
00DACCC7
00DACCC6
00DACCC6
00DACCC6
00DACCC6
00DACCC6
00DACCC6
00DACCC6
00DACCC6
00DACBC6
00D9CBC6
00DACCC6
00D9CAC3
00D6C6BD
00D7C6BD
00D8C7C0
00D7C6BE
00D7C6BE
00D7C6BF
00D8C9C2
00D8CAC3
00D8CAC4
00D9CBC5
00D9CBC5
00D8CAC4
00D8CAC4
00D8CAC4
00D8CAC4
00D8CAC4
00D7CAC4
00D8CAC4
00D7C9C4
00D7C9C4
00D7C9C3
00D7C9C3
00D7C9C3
00D7C9C3
00D7C9C3
00D6C9C3
00D7C9C3
00D6C7C1
00D6C6BF
00D5C5BE
00D5C5BE
00D5C6C0
00D6C8C2
00D6C8C2
00D6C8C2
00D1BFB8
00D2C0B9
00D2BFB8
00D2C0B9
00D2C0B8
00D3C1BA
00D3C1BA
00D3C1BA
00D2C0B9
00D4C2BB
00D4C2BB
00D4C2BB
00D3C1BA
00D3C2BB
00D5C4BD
00D5C5BF
00D5C5BF
00D5C5BF
00D6C6C0
00D6C6C0
00D6C6C1
00D5C7C1
00D5C7C1
00D5C7C1
00D5C7C1
00D5C7C1
00D6C7C1
00D6C7C1
00D6C7C1
00D6C8C2
00D7C7C1
00D6C5BD
00D6C5BE
00D6C5BE
00D5C7C1
00D5C5BF
00D6C7C2
00D7C7C2
00D7C8C2
00D8C9C3
00D7C9C4
00D7C9C4
00D8CAC4
00D8CAC4
00D8CAC4
00D8CAC4
00D8CAC4
00D8CAC4
00D8CAC4
00D8CAC4
00D8CAC5
00D8CAC4
00D8CAC5
00D8CAC4
00D8CAC4
00D9CBC5
00D9CBC5
00D9CBC5
00D9CBC5
00D9CBC5
00DACCC6
00DACCC6
00D9CCC6
00D9CCC6
00DACCC6
00DACCC6
00DACCC6
00DACCC6
00DACCC6
00DACCC6
00DACCC6
00DACCC6
00DACCC7
00DACCC7
00DACCC6
00DACCC6
00DACCC6
00DACCC6
00DACCC6
00DACCC6
00DACCC6
00DACCC6
00DACCC6
00DACCC6
00DACCC6
00DACCC6
00DACCC6
00DACCC6
00D9CCC6
00D9CCC6
00D9CBC5
00DACBC5
00DACCC6
00D8C9C1
00D8C7BE
00D9C8C1
00D7C6BE
00D7C6BE
00D7C7BF
00D8C9C2
00D7C8C2
00D8CAC4
00D8CAC4
00D8CAC4
00D8CAC4
00D8CAC4
00D8CAC4
00D8CAC4
00D8CAC4
00D7CAC4
00D7C9C3
00D7C9C3
00D7C9C3
00D7C9C3
00D7C9C3
00D7C9C3
00D7C9C3
00D6C8C2
00D6C8C2
00D7C9C3
00D5C6C0
00D5C5BE
00D5C5BE
00D5C5BE
00D5C6C0
00D5C7C1
00D5C8C2
00D5C8C2
00D1BEB7
00D1BEB7
00D1BFB8
00D2C0B9
00D1C0B8
00D2C0B9
00D2C0B9
00D2C0B9
00D1BEB7
00D4C2BB
00D2BFB8
00D4C2BA
00D3C1B9
00D3C1BA
00D5C4BD
00D5C5BE
00D5C5BF
00D5C5BF
00D6C6C0
00D6C6C0
00D5C6C0
00D5C6C0
00D5C7C1
00D5C7C1
00D5C7C1
00D5C7C1
00D6C7C1
00D6C7C1
00D6C7C1
00D6C7C1
00D6C5BE
00D5C5BD
00D5C4BE
00D5C5BE
00D6C7C2
00D6C5BF
00D6C5BF
00D6C8C3
00D6C7C1
00D7C8C2
00D7C9C4
00D7C9C3
00D8CAC4
00D8CAC4
00D8CAC4
00D8CAC4
00D8CAC4
00D8CAC4
00D8CAC4
00D8CAC4
00D8CAC4
00D8CAC4
00D8CAC4
00D8CAC4
00D9CBC5
00D9CBC5
00D9CBC5
00D9CBC5
00D9CBC5
00D9CBC5
00D9CBC5
00D9CBC5
00D9CCC6
00DACCC6
00DACCC6
00DACCC6
00DACCC6
00DACCC6
00DACCC6
00DACCC6
00DACCC6
00DACCC6
00DACCC7
00DACCC6
00DACCC6
00DACCC6
00DACCC6
00DACBC6
00D8CAC3
00DACCC6
00DACCC6
00DACCC6
00DACCC6
00DACCC6
00DACCC6
00DACCC6
00DACCC6
00D9CCC6
00D9CBC5
00D9CCC6
00DACCC6
00D9CBC5
00D9CBC5
00D7C8BF
00D7C6BE
00D8C8C0
00D6C6BE
00D6C6BE
00D6C7BF
00D8C9C1
00D6C8C1
00D8CAC4
00D8CAC4
00D8CAC4
00D8CAC4
00D8CAC4
00D8CAC4
00D8CAC4
00D8CAC4
00D7C9C3
00D7C9C3
00D7CAC4
00D7C9C3
00D7C9C3
00D7C9C3
00D7C9C3
00D7C9C3
00D6C8C2
00D5C7C1
00D6C8C2
00D5C6C0
00D5C5BE
00D5C5BE
00D5C5BE
00D5C6C0
00D4C6C0
00D5C7C1
00D5C8C2
00D0BEB7
00D1BEB7
00D1BFB8
00D2C0B9
00D1BFB8
00D2C0B8
00D2C0B9
00D2C0B8
00D1BEB6
00D3C0B9
00D2C0B8
00D2C1B9
00D3C1B9
00D2C0B9
00D5C4BD
00D5C4BD
00D5C5BE
00D5C5BE
00D5C5BE
00D6C6C0
00D5C6C0
00D5C7C1
00D4C6C0
00D5C6C0
00D5C7C1
00D4C7C1
00D6C7C1
00D6C6C0
00D6C7C1
00D6C6C0
00D5C4BC
00D6C5BE
00D6C4BC
00D6C5BE
00D6C7C2
00D6C5BF
00D6C4BD
00D6C7C2
00D6C7C2
00D6C7C0
00D7C9C3
00D8C9C3
00D8CAC4
00D7C9C4
00D8CAC4
00D8CAC4
00D8CAC4
00D8CAC4
00D8CAC4
00D8CAC4
00D8CAC4
00D8CAC4
00D8CAC4
00D8CAC4
00D8CAC4
00D9CBC5
00D9CBC5
00D9CBC5
00D9CBC5
00D9CBC5
00D9CBC5
00D9CBC5
00D9CBC5
00D9CCC6
00DACCC6
00DACCC6
00DACCC6
00DACCC6
00DACCC6
00DACCC6
00DACCC6
00DACCC6
00DACCC6
00DACCC6
00DACCC6
00DACCC6
00DACCC6
00D9CBC4
00D8C8C1
00D9CBC5
00DACCC6
00DACCC6
00DACCC6
00D9CBC5
00D9CCC6
00D9CBC6
00D9CBC5
00D9CBC5
00D9CBC5
00D9CBC5
00D9CCC6
00D9CBC5
00D9CBC5
00D7C7BE
00D7C6BD
00D7C7BF
00D7C7BF
00D6C7BE
00D7C7C0
00D6C7BF
00D7C8C0
00D8CBC5
00D8CAC4
00D8CAC4
00D8CAC4
00D8CAC4
00D8CAC4
00D8CAC4
00D8CAC4
00D7C9C3
00D7C9C3
00D7C9C3
00D7C9C3
00D6C9C3
00D7C9C3
00D7C9C3
00D6C8C2
00D6C7C1
00D4C6C0
00D4C6C0
00D5C6C0
00D5C6C0
00D5C6BF
00D4C5BE
00D4C5BF
00D4C5BF
00D5C7C1
00D5C7C1
00D0BDB6
00D1BEB7
00D1BEB7
00D2C0B9
00D2C0B9
00D1BFB7
00D1BEB8
00D2C0B8
00D1BFB7
00D3C1B9
00D2C0B9
00D3C1BA
00D3C1BA
00D3C2BA
00D4C2BB
00D4C3BD
00D5C4BD
00D5C3BD
00D5C5BF
00D6C6C0
00D5C6C0
00D4C6C0
00D4C6C0
00D5C6C0
00D6C6C1
00D5C7C1
00D6C6C1
00D6C6C0
00D6C5BF
00D5C4BD
00D4C5BE
00D5C5BD
00D5C3BB
00D5C5BF
00D6C7C2
00D6C6C0
00D6C4BD
00D6C6BF
00D6C8C3
00D5C6C1
00D6C7C1
00D7C9C3
00D7C9C3
00D8CAC4
00D8CAC4
00D8CAC4
00D8CAC4
00D8CAC4
00D8CAC4
00D8CAC4
00D8CAC4
00D8CAC4
00D8CAC4
00D8CAC4
00D8CAC4
00D9CBC5
00D9CBC5
00D9CBC5
00D9CBC5
00D9CBC5
00D9CBC5
00D9CBC5
00D9CBC5
00D9CBC5
00D9CCC6
00DACCC6
00DACBC5
00DACCC6
00DACCC6
00DACCC6
00DACCC6
00DACCC6
00DACCC6
00DACCC6
00DACCC6
00DACCC6
00D9CBC5
00D8C9C3
00D7C8C0
00D9CBC4
00DACCC6
00D9CBC5
00DACCC6
00D9CBC5
00D9CBC5
00D9CBC5
00D9CBC5
00D9CBC5
00D9CBC5
00D9CBC5
00D9CBC5
00D9CBC5
00D8C9C2
00D7C6BE
00D7C6BE
00D7C6BE
00D6C5BD
00D6C5BE
00D6C6BE
00D6C6BE
00D7C9C2
00D8CBC5
00D8CAC4
00D8CAC4
00D8CAC4
00D7CAC4
00D7CAC4
00D7C9C4
00D7C9C4
00D7C9C3
00D7C9C3
00D7C9C3
00D6C9C3
00D5C9C3
00D6C9C3
00D6C9C3
00D6C8C2
00D5C7C1
00D4C6C0
00D4C6C0
00D4C6BF
00D5C6C0
00D4C5BF
00D4C4BD
00D4C4BD
00D3C4BE
00D4C6BF
00D4C5BE
00D0BDB6
00D1BFB7
00D1BEB7
00D1BFB8
00D1C0B8
00D2BFB7
00D1BEB7
00D2BFB8
00D2C0B8
00D2BFB7
00D3C0B9
00D4C2BB
00D2C0B9
00D3C1BA
00D4C2BC
00D5C5BE
00D4C3BC
00D4C3BC
00D6C5BF
00D6C6C0
00D5C5BF
00D5C6BF
00D5C6C0
00D6C6C0
00D5C6C0
00D6C7C1
00D5C6C0
00D6C6C0
00D5C3BC
00D4C3BC
00D4C5BF
00D5C3BB
00D5C3BB
00D5C5BF
00D5C7C2
00D5C6C0
00D6C4BD
00D6C5BD
00D5C8C4
00D5C7C3
00D6C6C0
00D7C7C2
00D8C9C3
00D8CAC4
00D8CAC4
00D8CAC4
00D7C9C3
00D8CAC4
00D8CAC4
00D8CAC4
00D8CAC4
00D8CAC4
00D8CAC4
00D8CAC5
00D8CAC5
00D8CAC5
00D8CAC4
00D8CAC4
00D9CBC5
00D9CBC5
00D9CBC5
00D9CBC5
00D9CBC5
00D9CBC5
00D9CBC5
00DACCC6
00D9CCC6
00DACCC6
00DACCC6
00DACBC6
00DACBC6
00DACBC6
00DACCC7
00DACCC6
00DACCC6
00DACBC6
00DACCC6
00D8C9C2
00D7C7BF
00D9CAC3
00D9CBC5
00DACBC5
00D9CBC5
00D9CBC5
00D9CBC5
00D9CBC5
00D9CBC6
00D9CBC5
00D9CBC5
00D9CBC5
00D9CBC5
00D9CBC5
00D8C7C0
00D8C6BE
00D7C6BF
00D7C6BE
00D7C5BD
00D7C5BE
00D6C6BE
00D6C6BE
00D8CAC4
00D7CAC4
00D7C9C3
00D8CAC4
00D7CAC4
00D7CAC4
00D7CAC4
00D7C9C4
00D7C9C3
00D7C9C3
00D7C9C3
00D7C9C3
00D6C9C3
00D5C9C3
00D6C9C3
00D6C8C2
00D6C8C2
00D5C7C2
00D5C7C1
00D4C6C0
00D5C6C0
00D5C6BF
00D4C4BE
00D5C5BE
00D3C3BC
00D3C3BC
00D4C4BD
00D3C3BC
00D0BDB6
00D1BEB7
00D0BEB7
00D2BFB8
00D2C0B8
00D1BFB7
00D1BFB7
00D2C0B9
00D2C0B8
00D1BEB6
00D3C0B9
00D3C1BA
00D2C0B9
00D4C2BB
00D4C3BC
00D4C3BC
00D3C2BB
00D3C2BC
00D5C5BF
00D5C5BF
00D5C5BF
00D5C5BF
00D6C6C0
00D6C6C0
00D5C6C0
00D6C6C0
00D5C5BF
00D5C4BE
00D4C2BB
00D4C4BE
00D5C4BE
00D5C3BA
00D5C3BB
00D5C5BF
00D5C7C2
00D5C6C1
00D5C4BC
00D6C5BD
00D6C6C1
00D5C8C4
00D5C7C2
00D6C6BF
00D6C8C2
00D7C9C3
00D7C9C3
00D7C9C3
00D8CAC4
00D8CAC4
00D8CAC4
00D8CAC4
00D8CAC4
00D8CAC4
00D8CAC4
00D8CAC5
00D8CAC5
00D8CAC4
00D7C8C2
00D7C9C3
00D8CAC4
00D8CAC4
00D9CBC5
00D9CBC5
00D9CBC5
00D9CBC5
00D9CBC5
00D9CBC5
00D9CCC6
00D9CCC6
00D9CBC6
00D9CBC6
00DACBC7
00DACBC7
00DACBC6
00D9CCC6
00DACCC6
00D9CAC5
00D8C9C3
00D8C8C1
00D7C7C0
00D7C7C0
00D8C9C2
00D8CAC4
00D9CBC5
00D9CBC5
00D9CBC5
00D9CBC5
00D9CBC5
00D9CBC5
00D9CBC5
00D9CBC5
00D9CBC5
00D9CAC5
00D7C6BF
00D8C6BE
00D7C6BF
00D7C6BE
00D6C5BD
00D7C5BE
00D6C6BF
00D6C8C1
00D8CAC4
00D8CAC4
00D6C8C2
00D8CAC4
00D7CAC4
00D6CAC4
00D7CAC4
00D7C9C4
00D7C9C4
00D7C9C3
00D7C9C3
00D7C9C3
00D6C9C3
00D6C9C3
00D5C8C2
00D6C8C2
00D6C8C2
00D6C8C2
00D5C8C1
00D4C6C0
00D5C6C0
00D5C5BF
00D4C4BE
00D5C6BF
00D4C3BD
00D3C3BC
00D4C3BD
00D2C2BB
00D0BDB6
00D1BEB7
00D0BEB6
00D1BFB8
00D2BFB8
00D1BEB7
00D1BEB7
00D2C0B8
00D2C0B9
00D1BEB6
00D3C0B9
00D4C1BA
00D2C0B9
00D3C0B9
00D3C1BA
00D3C2BB
00D4C2BB
00D4C4BD
00D5C5BF
00D5C5C0
00D4C4BE
00D5C5BF
00D6C6C0
00D5C6C0
00D5C5BF
00D6C4BE
00D5C4BE
00D4C1BA
00D4C3BC
00D3C5BF
00D4C3BC
00D5C3BA
00D5C3BB
00D4C6C0
00D5C7C3
00D5C6C2
00D5C5BD
00D6C5BC
00D6C4BD
00D5C7C3
00D5C8C4
00D5C6C0
00D6C6C0
00D7C9C3
00D7C9C3
00D7C9C3
00D7C9C3
00D8CAC4
00D8CAC4
00D8CAC4
00D8CAC4
00D8CAC4
00D8CAC5
00D8CAC5
00D8CAC5
00D8CAC5
00D8CAC4
00D8CAC4
00D8CAC4
00D8CAC4
00D9CBC5
00D9CBC5
00D9CBC5
00D9CBC5
00D9CBC5
00D9CBC5
00D9CBC5
00D9CBC5
00D9CBC5
00D9CBC6
00D9CBC6
00D9CBC6
00D9CCC6
00D9CBC6
00D9CBC5
00D9CAC4
00D7C7C0
00D8C7C0
00D8C7C0
00D6C6BF
00D7C7C0
00D7C8C1
00D8CBC5
00D9CBC5
00D8CBC5
00D9CBC5
00D9CBC5
00D9CBC5
00D9CBC6
00D9CBC6
00D9CBC6
00D8C9C3
00D7C6BE
00D7C6BE
00D7C7BE
00D7C6BF
00D6C5BE
00D6C5BE
00D6C7C0
00D7C9C3
00D8CAC4
00D8CAC4
00D7C9C3
00D7CAC4
00D7C9C4
00D6C9C4
00D6CAC4
00D6C9C3
00D6C9C3
00D7C9C3
00D7C9C3
00D7C9C3
00D6C8C3
00D6C8C2
00D6C8C2
00D6C8C2
00D6C8C2
00D6C8C2
00D5C7C1
00D5C7C1
00D5C6BF
00D5C5BF
00D4C5BF
00D5C6BF
00D4C4BD
00D3C3BC
00D3C4BE
00D3C5BF
00D0BEB7
00D0BDB6
00D0BEB7
00D1BFB8
00D2C0B9
00D1BEB7
00D1BDB6
00D1BFB7
00D1BEB8
00D0BEB6
00D3C0B9
00D3C1B9
00D2C0B8
00D2C0B9
00D2C0B9
00D3C1BA
00D4C3BC
00D5C4BD
00D5C5BF
00D5C5BE
00D3C3BD
00D5C5BF
00D5C5C0
00D5C6C0
00D5C5BE
00D5C3BC
00D4C1BA
00D3C0B9
00D3C4BE
00D3C4BE
00D4C2BA
00D4C1B9
00D4C3BB
00D4C6C0
00D4C6C2
00D5C6C2
00D6C5BD
00D6C5BC
00D5C4BD
00D5C6C0
00D5C8C4
00D5C8C2
00D5C6BF
00D6C7C0
00D7C9C3
00D7C9C4
00D7C9C4
00D8CAC4
00D8C9C4
00D8CAC4
00D8CAC4
00D8CAC4
00D8CAC4
00D8CAC4
00D8CAC4
00D8CAC4
00D8CAC4
00D8CAC4
00D8CBC5
00D9CBC5
00D9CBC5
00D9CBC5
00D9CBC5
00D9CBC5
00D9CBC5
00D9CBC5
00D9CBC5
00D9CBC5
00D9CBC5
00D9CBC6
00D9CBC6
00D9CBC5
00D9CBC5
00DACCC6
00DACCC6
00D9CBC5
00D7C7C0
00D7C6BF
00D7C7C0
00D7C7BF
00D7C7C0
00D7C8C1
00D8CAC4
00D9CBC5
00D8CBC5
00D9CBC5
00D9CBC5
00D9CAC6
00D9CAC6
00D9CAC5
00D9CBC5
00D7C8C1
00D7C5BE
00D7C6BE
00D7C6BE
00D7C6BE
00D6C5BE
00D6C5BE
00D6C6BF
00D7C9C3
00D8C9C4
00D8C9C4
00D7C9C3
00D7CAC4
00D7C9C3
00D6C9C3
00D6C9C3
00D6C9C3
00D6C9C3
00D6C9C3
00D6C9C3
00D6C8C2
00D6C8C2
00D6C8C3
00D6C8C2
00D6C8C2
00D5C8C2
00D5C8C2
00D5C7C1
00D5C7C1
00D5C6C0
00D4C6BF
00D4C4BD
00D4C4BD
00D3C3BC
00D3C3BC
00D4C4BE
00D4C6C0
00D1BFB8
00D0BEB6
00D1BFB8
00D1BFB9
00D1BFB8
00D1BEB6
00D0BDB6
00D1BEB6
00D1BEB7
00D0BEB6
00D2C0B9
00D2BFB8
00D0BEB6
00D3C1BA
00D3C1BA
00D5C3BC
00D4C2BB
00D4C3BC
00D4C3BC
00D4C4BE
00D5C5BF
00D5C6C0
00D5C6C0
00D5C6C0
00D5C4BD
00D4C2BB
00D2BFB7
00D3C3BC
00D3C4BF
00D4C3BC
00D4C1B9
00D4C2B9
00D4C3BB
00D4C5C1
00D4C5C2
00D5C6C3
00D5C4BE
00D5C4BB
00D6C4BC
00D6C5BD
00D5C8C4
00D5C8C4
00D5C7C2
00D6C5BE
00D7C7C1
00D7C8C4
00D8C9C4
00D7C9C4
00D7C9C3
00D8CAC4
00D8CAC4
00D8CAC4
00D8CAC4
00D8CAC4
00D8CAC4
00D8CAC4
00D9CBC5
00D8CAC4
00D7C9C3
00D7C9C3
00D7C9C3
00D8CAC4
00D9CAC5
00D9CBC5
00D9CBC5
00D8CBC5
00D8CBC5
00D9CBC5
00D9CBC5
00D9CBC5
00D9CBC5
00D9CBC5
00D9CBC5
00D9CBC5
00D9CBC5
00D9CBC5
00D8C9C2
00D7C6BF
00D7C6BF
00D7C6BF
00D7C7C0
00D6C7C0
00D8CAC3
00D9CBC5
00D9CBC5
00D8CBC5
00D8CAC5
00D9CAC6
00D9CAC7
00D8CAC5
00D9CAC4
00D7C6BF
00D7C6BE
00D7C6BE
00D7C6BE
00D8C6BE
00D6C5BE
00D5C5BE
00D6C6C0
00D7C9C3
00D8C9C4
00D8C9C4
00D6C8C2
00D7C9C3
00D7C9C3
00D6C9C3
00D6C9C3
00D7C9C3
00D7C9C3
00D6C9C3
00D6C8C2
00D5C7C1
00D6C8C2
00D6C8C2
00D6C8C2
00D6C8C2
00D5C8C2
00D5C8C2
00D5C7C1
00D5C7C1
00D5C7C1
00D4C5BF
00D4C4BE
00D3C4BD
00D3C3BC
00D3C3BC
00D3C4BE
00D4C6C0
00D0BEB6
00D0BDB5
00D1BFB7
00D1BFB8
00D1BEB7
00D0BDB5
00D0BDB5
00D1BFB7
00D0BDB5
00D1BDB5
00D1BFB7
00D1BEB6
00D2BFB7
00D3C1BA
00D3C1BA
00D3C2BB
00D4C3BC
00D5C4BD
00D4C3BC
00D4C4BE
00D4C5BF
00D6C6C0
00D6C6C0
00D6C5BF
00D4C3BC
00D2BFB8
00D3C1BA
00D4C4BE
00D3C4BE
00D3C0B9
00D4C1B9
00D4C1B9
00D4C2BC
00D4C5C2
00D4C6C2
00D4C6C3
00D4C5BE
00D5C3BB
00D5C4BB
00D6C4BC
00D5C6C1
00D5C8C4
00D5C8C4
00D6C6C1
00D7C5BF
00D7C7C2
00D7C9C3
00D7C9C4
00D7C9C4
00D7C9C3
00D8CAC4
00D8CAC4
00D8CAC4
00D8CAC4
00D8CAC4
00D8C8C3
00D8C9C2
00D7C9C3
00D7C8C2
00D7C8C2
00D8CAC4
00D9CBC5
00D9CBC5
00D9CBC5
00D8CBC5
00D8CBC5
00D8CBC5
00D9CBC5
00D9CBC5
00D9CBC6
00D9CBC6
00D9CBC5
00D9CBC5
00D9CAC5
00D7C8C2
00D9CAC4
00D9CAC4
00D7C6BF
00D7C7C0
00D8C8C1
00D7C7BF
00D7C7BF
00D8CAC3
00D9CBC5
00D9CBC5
00D8CBC5
00D8CAC5
00D9CAC6
00D9CAC5
00D8CAC4
00D8CAC4
00D7C6BE
00D7C6BE
00D7C6BE
00D7C6BE
00D7C6BE
00D7C5BE
00D6C5BE
00D6C6C0
00D7C9C3
00D8C9C4
00D7C9C4
00D6C8C2
00D7C9C3
00D7C9C3
00D7C9C3
00D7C9C4
00D7C9C4
00D7C9C3
00D6C8C2
00D6C8C2
00D4C6C0
00D5C7C1
00D6C8C2
00D6C7C2
00D6C8C2
00D5C7C1
00D5C7C1
00D5C7C1
00D5C7C2
00D5C7C1
00D4C5BF
00D3C5BF
00D4C5BF
00D3C4BD
00D3C2BC
00D2C2BB
00D2C2BB
00D0BEB6
00CFBDB5
00D1BFB7
00D1BFB8
00D0BEB6
00D1BEB6
00D1BEB6
00D1BEB6
00D0BDB5
00D1BDB5
00D0BDB5
00CFBCB4
00D1BEB6
00D2C0B8
00D1BFB8
00D1BFB8
00D2BFB8
00D3C1B9
00D4C3BC
00D4C4BE
00D5C5BF
00D5C5BF
00D6C5BF
00D5C4BD
00D2BFB7
00D1BFB7
00D3C3BE
00D3C4BF
00D3C2BC
00D3C0B6
00D3C1B7
00D3C0B8
00D3C3BD
00D3C6C3
00D4C6C2
00D5C6C3
00D5C5BF
00D5C3BA
00D5C5BB
00D6C4BC
00D6C5BE
00D5C7C3
00D5C8C4
00D5C8C4
00D6C6BF
00D6C6BF
00D6C8C2
00D7C9C3
00D8CAC4
00D8C9C4
00D7C9C4
00D8CAC4
00D8CAC4
00D8CAC4
00D8CAC4
00D7C8C2
00D7C7C0
00D7C7C0
00D8C9C3
00D8CAC3
00D8CAC4
00D8CAC4
00D9CBC5
00D9CBC5
00D8CBC5
00D8CAC4
00D8CBC5
00D8CBC5
00D9CBC5
00D9CBC5
00D9CBC5
00D9CBC5
00D9CBC6
00D9CBC5
00D7C8C2
00D6C6BF
00D7C9C3
00D7C8C1
00D8C7C0
00D7C7C0
00D7C6BF
00D7C7BF
00D8CAC4
00D9CBC5
00D8CAC4
00D9CBC5
00D8CBC5
00D8CAC5
00D8CAC5
00D8CAC4
00D8C9C2
00D7C6BE
00D7C6BD
00D7C6BE
00D7C6BE
00D7C6BF
00D6C5BD
00D5C4BC
00D5C6BE
00D7C9C3
00D7C9C3
00D7C9C3
00D6C8C2
00D7C9C3
00D7C9C4
00D7C9C3
00D7C9C3
00D7C9C3
00D6C9C3
00D6C8C3
00D6C8C2
00D5C7C1
00D5C7C1
00D5C8C2
00D6C7C2
00D6C7C2
00D5C7C1
00D5C7C1
00D5C7C1
00D5C7C1
00D5C7C1
00D3C5BF
00D3C5BF
00D3C5BF
00D4C5BF
00D4C4BE
00D3C2BB
00D1C1BA
00D0BEB6
00CFBCB4
00D1BEB7
00D1BFB8
00D1BEB6
00D1BEB6
00D0BDB6
00D1BDB5
00D1BEB6
00D1BDB5
00D0BDB4
00CFBCB4
00D2BFB7
00D3C0B9
00D2C0B8
00D3C1BA
00D3C1BA
00D4C3BB
00D3C1BA
00D3C3BC
00D5C5BF
00D5C5BE
00D5C4BD
00D2C0B9
00D1BEB5
00D3C1BB
00D4C3BE
00D4C4BE
00D3C0B8
00D3C0B6
00D3C1B6
00D3C0B6
00D3C4BE
00D4C6C3
00D5C5C2
00D4C5C1
00D5C6C0
00D5C4BB
00D5C4BB
00D6C4BC
00D6C4BC
00D5C6C1
00D4C8C4
00D5C8C4
00D6C7C3
00D6C6BF
00D6C6C0
00D6C8C2
00D7C9C3
00D8CAC4
00D8CAC4
00D8CAC4
00D8CAC4
00D8CAC4
00D8C9C3
00D7C9C2
00D7C7C0
00D6C7C0
00D8C9C3
00D8CAC4
00D8CAC4
00D9CBC5
00D9CBC5
00D8CAC5
00D8CAC4
00D8CBC5
00D9CBC5
00D9CBC5
00D8CBC5
00D9CBC5
00D9CBC5
00D8CBC5
00D8CAC4
00D8CBC5
00D9CBC5
00D7C8C1
00D6C7C0
00D7C7C0
00D8C8C1
00D7C7C0
00D6C6BE
00D7C8C1
00D8CBC5
00D9CBC5
00D8CAC4
00D8CAC5
00D8CAC5
00D8CAC4
00D8CAC4
00D8CAC4
00D8C8C1
00D7C5BD
00D7C6BD
00D7C5BE
00D7C5BE
00D6C5BE
00D6C6BD
00D5C4BB
00D5C5BE
00D7C9C3
00D7C9C3
00D6C8C1
00D5C4BE
00D7C7C1
00D7C9C3
00D7C9C3
00D6C8C3
00D6C8C3
00D6C8C3
00D6C8C2
00D5C7C1
00D5C7C1
00D5C7C1
00D6C8C2
00D5C7C2
00D5C7C2
00D5C7C1
00D4C6C0
00D5C7C1
00D4C7C1
00D4C7C1
00D4C5BF
00D3C4BE
00D3C5BF
00D3C5BF
00D3C3BD
00D2C2BB
00D2C2BB
00D0BDB6
00CFBCB5
00D0BDB6
00D0BEB6
00D0BDB6
00D0BDB5
00CFBCB4
00D0BDB5
00D0BDB5
00D1BEB6
00D0BEB5
00D0BDB5
00D4C2BB
00D2C0B9
00D0BFB7
00D3C2BB
00D4C4BD
00D5C5BE
00D3C1BA
00D3C2BB
00D5C5BE
00D5C4BD
00D2C1B9
00D1BEB5
00D2C0B9
00D3C3BD
00D3C4BE
00D3C2BB
00D2BFB7
00D3C0B6
00D3C0B6
00D2C0B7
00D4C5C0
00D3C3BE
00D2C0B9
00D1BFB8
00D3C2BC
00D4C3BB
00D5C4BC
00D5C4BC
00D5C3BC
00D5C5BE
00D5C8C3
00D5C8C4
00D5C8C4
00D6C7C2
00D5C6BF
00D6C6C0
00D6C8C2
00D7C9C3
00D8CAC4
00D8CAC4
00D8CAC4
00D8CAC4
00D7C9C3
00D8C9C3
00D7C9C3
00D7C8C1
00D8C9C2
00D7C7C0
00D7C8C2
00D9CAC4
00D9CBC5
00D9CAC5
00D8CAC4
00D9CBC5
00D9CBC5
00D9CBC5
00D8CBC5
00D9CBC5
00D9CBC4
00D8CAC4
00D6C8C1
00D8CAC4
00D8CBC5
00D8CAC4
00D6C6C0
00D6C6BF
00D7C6BF
00D6C6BF
00D7C7C0
00D7C8C2
00D9CBC5
00D9CAC5
00D8CAC4
00D8CAC4
00D8CAC5
00D8CAC4
00D8CAC4
00D8CAC4
00D7C7BF
00D7C6BD
00D7C6BE
00D7C5BE
00D7C6BE
00D7C6BE
00D7C7BE
00D6C5BC
00D6C5BD
00D7C8C2
00D7C9C3
00D6C7C1
00D5C3BB
00D6C6BF
00D6C9C3
00D7C9C3
00D7C9C3
00D6C8C2
00D6C8C2
00D6C7C1
00D5C7C1
00D4C6C0
00D4C6C0
00D4C6C1
00D5C7C2
00D4C7C2
00D4C5BF
00D4C5BF
00D5C7C1
00D4C7C1
00D5C7C1
00D4C5BE
00D4C4BD
00D4C4BE
00D3C3BD
00D2C2BB
00D2C2BB
00D1C1BA
00D0BCB5
00D0BDB5
00D0BEB7
00D0BEB6
00CFBCB4
00CFBCB4
00CEBBB2
00CEBBB3
00D0BEB5
00D0BDB5
00CFBCB3
00D0BEB6
00D2BFB8
00D1C0B8
00D2C0B9
00D2C1BA
00D3C3BC
00D3C2BB
00D3C1BA
00D3C2BB
00D3C2BB
00D3C1BA
00D1BEB5
00D1BFB7
00D3C3BD
00D2C4BF
00D3C4BE
00D2C0B8
00D2C0B7
00D3C0B7
00D2BFB6
00D3C0B7
00D2C1BA
00D1BFB8
00D1BEB5
00D1BEB5
00D2BFB7
00D2C0B9
00D5C2BB
00D6C4BC
00D5C3BD
00D6C4BC
00D5C6C0
00D4C8C4
00D5C8C4
00D5C8C3
00D5C7C1
00D6C6BF
00D6C6C0
00D7C8C3
00D7C9C3
00D8CAC4
00D8CAC4
00D7C9C4
00D7C8C2
00D7C8C2
00D8C8C2
00D8C8C1
00D7C7C0
00D6C5BE
00D6C7C0
00D8CAC4
00D8CAC4
00D8CAC5
00D8CAC4
00D8CAC5
00D8CBC5
00D8CAC5
00D8CBC5
00D8CAC4
00D8CAC4
00D9CBC5
00D7C8C3
00D6C7C0
00D8CAC4
00D8CAC4
00D6C7C0
00D7C5BE
00D7C6BF
00D6C5BE
00D6C6BF
00D7C7C1
00D8CAC4
00D8CAC5
00D8CAC4
00D8CAC4
00D8CAC5
00D7CAC5
00D8CAC4
00D8CAC4
00D7C6BF
00D7C6BE
00D6C6BE
00D6C6BE
00D7C6BD
00D6C5BE
00D6C6BE
00D6C4BB
00D5C5BC
00D6C6BF
00D6C7C1
00D6C6BF
00D5C4BC
00D5C5BD
00D5C6BF
00D6C8C2
00D6C8C2
00D5C8C2
00D6C8C2
00D6C8C2
00D5C6C0
00D4C5BF
00D3C5BF
00D4C6C0
00D5C7C2
00D5C7C1
00D4C4BD
00D3C4BE
00D4C6C1
00D5C7C1
00D4C6C0
00D3C4BD
00D3C3BD
00D3C3BC
00D3C3BC
00D2C2BB
00D2C1BA
00D1C0B9
00D0BDB6
00CFBCB5
00D0BEB7
00D0BEB6
00CFBCB4
00CFBCB4
00CEBAB2
00CFBBB3
00D0BCB3
00CDB8AD
00CDB9AF
00CEB9B0
00CFBCB4
00D2C0B9
00D1BFB8
00D1C0B8
00D2C0B9
00D2C1BA
00D2C0B8
00D3C2BA
00D2C1BA
00D0BDB5
00D1BEB6
00D2C2BC
00D2C4BF
00D2C4C1
00D2C2BC
00D2BFB7
00D2C0B6
00D2C0B6
00D2BFB7
00D1BEB6
00CFBCB3
00D1BEB5
00D2BFB7
00D2BFB7
00D2BFB7
00D2BFB7
00D2C0B8
00D6C4BD
00D5C4BC
00D6C4BD
00D5C4BD
00D4C8C3
00D4C8C4
00D4C8C3
00D5C8C3
00D6C6C0
00D6C5BE
00D6C6C0
00D6C9C4
00D7C9C3
00D7CAC4
00D6C8C2
00D6C6C0
00D6C7C0
00D6C6C0
00D5C6BF
00D6C5BF
00D6C5BD
00D6C5BE
00D7C8C2
00D8CAC4
00D8CAC4
00D8CAC4
00D8CAC5
00D7CAC5
00D8CAC4
00D8CAC4
00D8CAC4
00D9CBC5
00D9CAC5
00D8CAC4
00D6C6C0
00D6C6C0
00D8C9C3
00D7C9C2
00D7C5BE
00D6C5BE
00D6C6BF
00D5C6BF
00D7C9C3
00D8CAC4
00D8CAC4
00D8CAC4
00D8CAC4
00D7CAC5
00D8CAC4
00D8CAC4
00D7C8C2
00D6C6BF
00D6C6BF
00D6C6BE
00D6C6BD
00D6C6BE
00D6C6BD
00D6C6BD
00D5C4BA
00D6C4BB
00D6C5BE
00D5C4BD
00D5C4BD
00D5C4BC
00D5C4BD
00D4C5BD
00D6C7C1
00D6C8C2
00D6C8C2
00D5C7C1
00D5C6C0
00D5C5BF
00D4C4BE
00D4C5BD
00D4C5BE
00D4C6C1
00D4C6C1
00D4C3BD
00D4C5BE
00D4C7C1
00D4C6C0
00D4C6C0
00D3C4BE
00D3C4BD
00D3C3BC
00D3C4BD
00D3C3BC
00D1C1BA
00D1C0B9
00D0BDB6
00CFBCB5
00D0BDB5
00CFBCB4
00D0BDB5
00CEBAB1
00CEBAB1
00CFBBB1
00CDB8AC
00CEB7AC
00CDB7AC
00CEB7AC
00CEB8AE
00CEBCB4
00D0BFB8
00D2C1BA
00D2C0B9
00D1BFB7
00D2C1B9
00D3C1BA
00D0BDB5
00D0BDB3
00D1C1BA
00D2C2BE
00D2C3BF
00D3C3BF
00D1BFB7
00D2BFB6
00D2BFB6
00D2C0B6
00D2BFB7
00CFBCB3
00CFBCB2
00D1BEB4
00D1BEB5
00D1BDB4
00D2BEB5
00D1BEB5
00D2BFB6
00D3C1BA
00D5C4BD
00D5C4BD
00D5C4BD
00D4C6C0
00D5C8C4
00D4C8C4
00D4C8C4
00D5C7C3
00D5C7C1
00D5C6BF
00D5C7C0
00D6C9C3
00D7C9C3
00D7C9C3
00D6C7C0
00D5C5BF
00D6C6C0
00D6C5BE
00D7C5BD
00D6C5BE
00D6C5BD
00D5C5BE
00D8C9C2
00D8CBC5
00D8CAC4
00D8CAC4
00D8CAC4
00D8CAC4
00D8CBC5
00D8CAC4
00D9CBC5
00D9CBC5
00D8CAC4
00D7C8C1
00D6C7C0
00D6C6BF
00D6C7BF
00D6C5BE
00D7C5BE
00D7C7C0
00D6C7BF
00D6C7BF
00D7C9C2
00D8CAC4
00D8CAC4
00D8CAC4
00D8CAC4
00D8CAC4
00D7C9C3
00D6C6C0
00D6C6BF
00D6C6BF
00D6C6BE
00D6C6BE
00D6C6BD
00D5C6BE
00D5C6BE
00D5C5BB
00D5C4BB
00D5C5BD
00D5C5BC
00D5C5BD
00D4C4BC
00D4C5BC
00D5C5BE
00D6C8C1
00D6C8C2
00D5C8C2
00D5C7C1
00D4C5BF
00D4C4BD
00D5C4BD
00D4C4BC
00D4C4BD
00D4C5BF
00D3C5BE
00D3C3BC
00D3C4BE
00D4C6C0
00D4C6C0
00D4C6C0
00D3C4BD
00D3C4BD
00D3C3BC
00D2C2BC
00D2C1BA
00D1C0B9
00D1C0B9
00CFBCB4
00CFBCB4
00CFBDB5
00CFBCB4
00D0BDB5
00CEBAB2
00CEBAB0
00CEB9AF
00CDB7AC
00CEB8AC
00CFB9AD
00CEB9AD
00CDB7AB
00CDB8AF
00D0BDB6
00D0BCB5
00D0BEB6
00D3C1BA
00D3C2BA
00D0BDB5
00D0BCB2
00D1BFB8
00D2C4BF
00D1C3BF
00D2C3BF
00D2C0B9
00D1BEB6
00D2BFB6
00D2C0B5
00D2BFB5
00D0BDB2
00D0BBB1
00CFBBB0
00CFBBB0
00D0BDB4
00D0BCB1
00D1BDB3
00D2BEB4
00D2BEB4
00D3C2BB
00D4C2BA
00D5C4BD
00D5C4BD
00D4C4BD
00D5C7C1
00D5C8C4
00D4C8C4
00D4C6C1
00D6C7C1
00D5C6BF
00D6C6BF
00D5C7C0
00D6C8C2
00D7C9C3
00D7C8C1
00D5C5BE
00D5C4BD
00D6C5BC
00D6C4BC
00D5C4BC
00D5C4BC
00D5C3BC
00D6C6BF
00D8CAC4
00D8CAC4
00D8CAC4
00D8CAC4
00D8CAC4
00D8CAC4
00D8CBC5
00D8CAC4
00D8CAC4
00D9CBC5
00D7C8C2
00D6C5BF
00D8C8C2
00D7C7C0
00D5C5BE
00D6C5BD
00D6C5BE
00D5C5BE
00D6C7C0
00D7C7C1
00D7C8C2
00D7C9C3
00D8C9C4
00D7C9C4
00D7C9C3
00D6C7C0
00D6C6BF
00D6C5BE
00D5C4BD
00D6C5BD
00D6C5BD
00D6C5BD
00D5C5BD
00D5C6BD
00D5C5BB
00D5C4BA
00D6C5BC
00D5C5BC
00D6C5BC
00D5C4BC
00D5C5BD
00D6C7C1
00D5C7C1
00D5C7C1
00D5C7C1
00D5C7C0
00D5C5BF
00D4C4BD
00D4C3BC
00D4C3BC
00D4C4BD
00D4C6BF
00D4C4BE
00D4C5BE
00D4C5BE
00D3C5BF
00D4C5C0
00D3C5BF
00D2C3BC
00D3C4BD
00D4C4BD
00D2C2BC
00D2C2BB
00D1C0B9
00D1C0B8
00CFBCB4
00CFBCB5
00CFBCB4
00CFBCB4
00CFBCB5
00CFBCB4
00CFBBB1
00CEB9AE
00CEB8AD
00CEB8AC
00CEB8AD
00CFB8AC
00CEB6AA
00CEB7AC
00CDB8AE
00CEBAB1
00D3C0B9
00D2C0B9
00D0BDB5
00CFBCB4
00CFBCB3
00CCB9B0
00CBB9B1
00D0C0BB
00D3C2BC
00D1BEB5
00D0BDB5
00D2C0B8
00D2BFB5
00D0BCB2
00CEBAAE
00CFBAAF
00CFBBB1
00CFBCB2
00D1BEB5
00D1BDB2
00D1BDB3
00D2BFB6
00D2BFB6
00D2C0B8
00D2C1B8
00D3C2BA
00D4C4BC
00D4C4BD
00D5C5BF
00D5C8C4
00D4C7C3
00D4C4BD
00D4C3BC
00D4C5BF
00D6C7C1
00D6C6BF
00D5C6C0
00D6C8C2
00D6C6C0
00D5C4BD
00D5C4BD
00D5C4BB
00D5C4BB
00D5C4BB
00D5C4BB
00D5C4BB
00D5C4BC
00D7C8C1
00D8CAC4
00D8CAC4
00D8CAC4
00D7CAC5
00D7CAC5
00D7CAC4
00D8CAC4
00D8CAC4
00D7C8C2
00D4C4BE
00D6C5BE
00D7C6BF
00D7C6BF
00D6C5BD
00D6C6BE
00D8C9C2
00D7C7C0
00D6C6BF
00D5C6BF
00D5C6BF
00D6C7C0
00D7C9C3
00D7C9C3
00D6C7C1
00D6C6BF
00D5C5BE
00D4C4BD
00D4C3BB
00D5C4BC
00D5C4BC
00D5C4BC
00D4C3BB
00D4C3BA
00D4C3B9
00D5C3BA
00D5C4BB
00D5C4BB
00D5C4BB
00D5C3BB
00D4C3BB
00D4C4BE
00D4C5BF
00D4C4BD
00D3C5BE
00D4C5BE
00D4C5BE
00D4C3BC
00D4C3BC
00D4C3BB
00D4C2BB
00D4C5BE
00D3C4BD
00D3C3BC
00D3C3BD
00D3C3BC
00D3C5BF
00D3C5BE
00D2C3BC
00D3C3BC
00D3C3BC
00D2C2BB
00D2C1BA
00D2C0B9
00D1BFB8
00CFBCB5
00D0BDB5
00CEBBB3
00CFBCB5
00D0BDB6
00CFBCB4
00CEBAB0
00CEB8AD
00CDB7AB
00CEB8AC
00CDB7AB
00CEB8AC
00CDB6AA
00CDB7AC
00CDB7AB
00CCB7AC
00CFBCB4
00CEBBB3
00CFBEB8
00D1BEB5
00D0BDB5
00CCB9B0
00CCB8AF
00CDBCB5
00D1BFB9
00D1BEB6
00CEBBB2
00CFBCB2
00CFBBB1
00CFBBB0
00D0BCB2
00D0BCB2
00D2C0B8
00D2C0B9
00D1BEB7
00D1BDB3
00D2BFB6
00D4C3BB
00D4C2BB
00D3C1B9
00D3C1B9
00D3C1B9
00D3C1B9
00D3C1B9
00D5C3BB
00D6C6C0
00D5C4BE
00D4C2BB
00D5C4BE
00D5C4BE
00D6C7C2
00D6C5BF
00D5C4BC
00D4C5BE
00D5C4BC
00D5C3BC
00D5C4BC
00D6C5BB
00D5C4BB
00D5C4BB
00D6C5BC
00D5C4BB
00D4C3BA
00D6C5BE
00D8CAC4
00D7CAC4
00D8CAC5
00D6C9C5
00D6C9C4
00D7CAC4
00D8CAC4
00D7CAC4
00D5C6C0
00D4C3BB
00D5C3BC
00D7C5BE
00D6C5BD
00D6C5BC
00D6C7BF
00D7C8C0
00D6C6BF
00D6C6BF
00D5C6BF
00D6C7C0
00D7C8C2
00D8C9C3
00D6C7C1
00D6C6BE
00D6C6BF
00D6C5BE
00D4C4BD
00D5C4BC
00D5C5BD
00D5C5BC
00D6C5BD
00D6C4BC
00D5C4BB
00D4C3B9
00D5C4BB
00D5C5BC
00D5C4BC
00D5C4BD
00D5C3BC
00D5C3BC
00D4C4BD
00D5C6BF
00D4C4BD
00D4C4BD
00D3C3BC
00D4C3BC
00D4C3BC
00D4C2BB
00D4C3BC
00D3C2BB
00D4C3BC
00D3C3BC
00D3C3BC
00D3C2BC
00D2C2BB
00D2C2BB
00D3C3BC
00D2C2BB
00D3C3BC
00D2C1BA
00D2C1BA
00D1C1BA
00D2C0B9
00D1BFB8
00CFBCB5
00CFBEB7
00CEBCB4
00CFBDB5
00D0BDB6
00D0BBB3
00CDB7AB
00CDB7AB
00CEB7AC
00CEB7AC
00CEB7AB
00CEB7AA
00CDB7AB
00CEB8AD
00CDB7AC
00CDB7AB
00CCB7AD
00CBB6AC
00CBB7AD
00D0BCB5
00CEB9B1
00CCB7AE
00CCB7AD
00CCB8AF
00CEBBB4
00D0BEB8
00CEBBB1
00CEB9AE
00CEBAAF
00CFBCB2
00D1BEB5
00D0BDB4
00D0BDB4
00D1BFB7
00D3C0B8
00D1BDB3
00D1BEB4
00D1BFB7
00D2BFB7
00D2BFB7
00D4C1B9
00D4C2BA
00D3C0B8
00D3C0B8
00D4C2BA
00D4C4BE
00D4C3BC
00D4C2BA
00D3C2BB
00D4C2BC
00D5C5C0
00D4C5BE
00D4C3BB
00D4C3BA
00D5C3BA
00D6C4BC
00D5C4BC
00D6C4BC
00D5C4BB
00D6C5BC
00D6C5BC
00D5C4BB
00D5C4BB
00D5C4BB
00D4C5BD
00D5C6C0
00D8CAC5
00D5C7C2
00D3C3BD
00D7C8C2
00D8CAC4
00D6C8C1
00D4C4BD
00D4C2BB
00D4C3BB
00D6C4BD
00D7C6BF
00D6C6BE
00D5C5BE
00D6C6BF
00D5C5BE
00D6C6BF
00D6C7C0
00D6C8C2
00D7C9C3
00D7C7C1
00D6C5BE
00D6C6BF
00D6C5BE
00D5C5BE
00D4C4BC
00D4C4BC
00D5C4BC
00D5C5BC
00D6C4BC
00D6C4BC
00D5C3BB
00D4C2B9
00D5C3BB
00D5C4BD
00D4C4BD
00D5C4BD
00D4C4BD
00D4C4BD
00D4C4BD
00D5C5BE
00D6C7C1
00D5C7C1
00D5C5BF
00D4C3BC
00D4C2BB
00D4C2BB
00D4C3BB
00D3C2BB
00D4C2BB
00D4C3BC
00D4C3BC
00D3C2BB
00D2C2BA
00D2C1BA
00D2C2BB
00D3C3BC
00D4C4BD
00D2C1B9
00D1C0B9
00D1C0B9
00D1C0B9
00D1BFB8
00CCB8B0
00CDBAB2
00CFBDB7
00CEBAB1
00CEBAB2
00CEB8AE
00CDB7AB
00CEB7AB
00CEB7AB
00CDB7AB
00CDB7AB
00CEB8AC
00CEB9AF
00CFB9AF
00CEB8AE
00CDB7AC
00CBB5A9
00CCB5A9
00CBB6AB
00CDBAB3
00CDB9AF
00CCB7AC
00CCB8AE
00CCB9B0
00CDBAB2
00CFBEB8
00CFBCB4
00CEB9AF
00CFBCB2
00D0BDB3
00D0BEB5
00CFBCB3
00CFBCB3
00CFBDB4
00D1BEB6
00D0BCB2
00D1BDB2
00D0BEB4
00D1BFB6
00D2BFB6
00D3C0B8
00D3C0B8
00D3C0B8
00D3C1BA
00D3C4BE
00D4C4BE
00D4C2BC
00D5C3BC
00D4C3BC
00D4C3BE
00D4C4BE
00D4C6C0
00D4C3BB
00D5C4BC
00D5C3BB
00D6C3BB
00D5C4BB
00D5C4BC
00D5C4BC
00D6C5BB
00D6C5BC
00D6C4BB
00D5C4BB
00D6C5BC
00D4C3BA
00D5C4BC
00D7C8C3
00D4C5BE
00D4C4BC
00D6C8C2
00D5C7C1
00D4C5BE
00D4C3BC
00D3C2BA
00D4C2B9
00D5C4BD
00D6C5BE
00D5C5BE
00D6C5BE
00D5C5BE
00D5C5BE
00D7C7C0
00D6C8C1
00D7C9C3
00D6C7C0
00D5C5BE
00D5C5BE
00D5C5BE
00D5C5BE
00D5C6BE
00D4C4BC
00D4C4BC
00D4C4BC
00D5C4BC
00D5C4BC
00D5C4BC
00D5C3BB
00D4C1B9
00D5C2BA
00D6C5BF
00D5C4BD
00D5C4BD
00D4C4BD
00D4C4BD
00D3C3BC
00D3C3BB
00D5C5BD
00D5C7C1
00D5C7C1
00D4C4BE
00D4C3BC
00D4C3BC
00D3C3BC
00D4C2BB
00D4C2BB
00D4C2BB
00D3C2BA
00D3C2BA
00D3C2B9
00D2C2BA
00D2C2BA
00D2C2BB
00D2C1B9
00D2C0B9
00D2C0B9
00D1C0B9
00D1BFB8
00D0BEB7
00CDB8AF
00CDB8AF
00CEBBB3
00CEBAB1
00CDB8AC
00CDB7AB
00CEB8AD
00CDB6AA
00CEB6AA
00CDB6AA
00CCB7AA
00CDB7AD
00CDB8AF
00CDB7AD
00CDB7AD
00CDB7AD
00CEB8AC
00CDB7AB
00CEB9AF
00CEBAB2
00CCB8AE
00CFBBB2
00CFBCB4
00CFBDB7
00CDBAB2
00CFBEB8
00CEBCB5
00CEB9B0
00CFBBB1
00CFBCB0
00D1BEB4
00D0BCB3
00CFBCB3
00D0BEB5
00D1BEB5
00CFBDB1
00D0BEB3
00D1BFB4
00D2BFB5
00D1BFB5
00D1BFB5
00D3C0B8
00D4C1B9
00D3C1BA
00D4C3BC
00D4C4BF
00D4C3BC
00D5C3BD
00D4C4BE
00D4C4BF
00D4C5C0
00D4C5C0
00D5C3BC
00D6C4BD
00D6C3BB
00D5C3BB
00D5C3BB
00D5C4BD
00D6C5BE
00D6C5BC
00D6C5BC
00D6C5BC
00D5C4BB
00D5C4BA
00D4C3BA
00D4C4BC
00D4C5C0
00D4C3BC
00D3C2B9
00D4C5BE
00D4C3BC
00D4C4BC
00D5C4BD
00D5C5BE
00D5C3BB
00D5C4BC
00D5C6BF
00D5C5BD
00D5C5BD
00D5C6BE
00D6C6BF
00D5C6BF
00D6C8C2
00D6C7C1
00D5C4BD
00D5C5BE
00D5C5BE
00D5C5BE
00D5C5BE
00D5C6BE
00D4C5BD
00D4C4BC
00D4C4BC
00D4C4BD
00D4C4BC
00D5C4BC
00D5C3BB
00D4C2B9
00D5C2BA
00D5C4BD
00D4C4BC
00D5C4BD
00D4C3BC
00D4C4BD
00D4C3BC
00D3C2BB
00D3C2BB
00D4C4BE
00D4C4BD
00D3C3BC
00D3C2BB
00D3C2BB
00D3C1BA
00D4C2BB
00D4C2BB
00D3C1BA
00D3C2BA
00D3C2BA
00D3C1B9
00D2C1B9
00D1C0B9
00D1BFB8
00D2C0B8
00D1C0B9
00D1C0B9
00D0BFB8
00D0BEB7
00D0BEB7
00CCB7AD
00CCB7AD
00CCB8B0
00CDB9B1
00CDB8AD
00CDB7AC
00CDB7AC
00CDB6AA
00CEB6AB
00CEB9AF
00CDB9AF
00CDB9B0
00CEBAB0
00CEB9AE
00CDB7AB
00CEB8AD
00CEB8AC
00CDB8AD
00CCB7AC
00CEBAB2
00CDBAB2
00CDB8AE
00CCB5AB
00CCB8AF
00CDBBB4
00CFBEB8
00CDBAB2
00CDB9AE
00CFBCB0
00CFBCAE
00D0BDB3
00CEBAB0
00CFBCB2
00D2C0B9
00D2C0B7
00D2C0B5
00D3C1B6
00D3C1B6
00D3C1B6
00D3C1B6
00D4C2B7
00D4C2B9
00D5C2BA
00D4C1BA
00D4C2BB
00D4C5BF
00D3C3BC
00D3C1BA
00D4C0B9
00D3C1BA
00D3C5C0
00D4C5C0
00D4C2BA
00D5C3BB
00D4C3BB
00D4C3BB
00D5C3BB
00D4C3BC
00D5C3BB
00D5C4BB
00D5C5BD
00D5C6BE
00D5C5BD
00D5C4BB
00D5C4BC
00D4C5BE
00D4C5BF
00D4C3BC
00D4C3BC
00D4C5BF
00D3C2BB
00D3C4BD
00D5C6BF
00D6C7C1
00D5C4BD
00D4C4BC
00D6C8C2
00D5C5BE
00D5C5BD
00D5C5BD
00D5C5BE
00D6C6BF
00D7C8C2
00D5C4BE
00D5C5BE
00D5C5BE
00D5C5BE
00D5C5BE
00D5C5BE
00D5C5BE
00D4C4BC
00D4C4BC
00D4C4BC
00D4C4BD
00D4C4BD
00D5C4BC
00D5C4BB
00D4C2B9
00D4C2BA
00D5C3BC
00D5C3BC
00D5C3BC
00D4C3BC
00D4C4BD
00D4C3BB
00D3C2BB
00D4C4BD
00D4C4BD
00D3C2BB
00D3C2BB
00D4C2BB
00D4C3BC
00D3C2BB
00D4C2BB
00D4C2BB
00D3C1BA
00D3C1BA
00D3C2B9
00D3C2B9
00D2C1B8
00D1C0B7
00D1C0B8
00D3C1BA
00D2C0B9
00D1BFB8
00D1BFB8
00D0BFB8
00D0BEB7
00CCB8AE
00CDB8AE
00CDB8B0
00CEB9B1
00CEB9AF
00CFB9AE
00CEB7AC
00CEB6AA
00CEB8AC
00CEB9AF
00CDB9AF
00CEB9AE
00CFBAAE
00CFB9AD
00CDB7AB
00CDB8AB
00CDB7AB
00CDB8AD
00CCB7AD
00CEBAB2
00CDB9B2
00CBB5AD
00CCB5AE
00CCB6AD
00CDBAB3
00CFBEB8
00CEBCB5
00CCB8AF
00D0BEB4
00CEBBB0
00CDB9AF
00CDB9AF
00CFBBB2
00CFBDB4
00CFBDB3
00D0BFB2
00D2C0B4
00D3C1B6
00D3C1B6
00D3C1B6
00D4C3B8
00D4C3B9
00D5C3BA
00D4C2BA
00D3C3BD
00D4C4BE
00D3C3BC
00D3C2BB
00D4C1BC
00D4C1BB
00D4C4BE
00D4C5C1
00D4C3BB
00D4C3BB
00D4C3BD
00D4C4BD
00D4C4BD
00D4C3BC
00D4C2BA
00D4C3BA
00D4C6BF
00D4C6C0
00D5C6BF
00D5C4BB
00D5C3BA
00D4C3BC
00D4C5C0
00D4C4BE
00D4C4BE
00D4C5BF
00D3C4BD
00D5C5BE
00D5C5BE
00D5C6BF
00D5C5BE
00D5C4BC
00D5C6C0
00D5C5BE
00D4C4BD
00D5C5BD
00D5C5BE
00D6C7C1
00D7C8C2
00D5C6BF
00D4C4BD
00D5C4BD
00D5C5BF
00D5C6BF
00D5C6BF
00D5C6BF
00D4C4BD
00D4C4BC
00D4C3BC
00D5C3BC
00D4C4BC
00D4C4BD
00D5C3BC
00D4C2B9
00D4C2B9
00D5C3BC
00D5C3BC
00D4C3BC
00D4C3BC
00D4C3BC
00D3C2BB
00D4C4BD
00D5C6BF
00D4C4BD
00D3C2BC
00D4C2BB
00D4C3BC
00D3C3BC
00D3C1BA
00D2C0B9
00D3C1BA
00D3C1BA
00D3C1B9
00D2C1B8
00D2C1B8
00D2C1B8
00D1C0B7
00D2C0B8
00D1C0B9
00D2C1BA
00D1BFB8
00D1BFB8
00D0BFB7
00D0BEB7
00CEB9AF
00CEB9B1
00CDBAB2
00CDB9B1
00CDB8B0
00CEB8AE
00CEB7AB
00CDB6AA
00CDB8AB
00CEB8AC
00CEB9AD
00CEBAAD
00CEB8AC
00CEB7AB
00CDB7AA
00CEB8AC
00D0BAAE
00CEB8AD
00CDB8AD
00CFBBB4
00CCB8AF
00CCB6AD
00CCB4AF
00CBB5AC
00CCB8B0
00CEBCB6
00CEBBB3
00CCB8AE
00CEBBB2
00CEBAAF
00D0BCB3
00D0BCB2
00D1BEB6
00CFBCB3
00D0BDB5
00D0BEB4
00D1BFB5
00D3C0B6
00D1BFB4
00D2C0B5
00D3C1B7
00D3C2B9
00D3C1B9
00D2C1B8
00D3C2BA
00D3C3BC
00D3C1B9
00D3C1BA
00D3BFB9
00D3C1BA
00D4C2BC
00D4C4BD
00D4C3BB
00D4C3BB
00D5C3BE
00D4C4BF
00D4C4BE
00D4C3BB
00D5C3BA
00D4C3BB
00D4C6C0
00D4C6C0
00D4C6BE
00D5C5BC
00D6C5BD
00D4C4BE
00D4C5C0
00D4C3BD
00D3C1BA
00D3C3BD
00D3C3BC
00D5C4BE
00D5C5BE
00D5C5BE
00D5C5BD
00D4C3BB
00D4C4BD
00D5C4BD
00D5C4BC
00D5C4BD
00D5C6BF
00D6C9C3
00D6C9C3
00D6C8C2
00D5C5BF
00D5C5BE
00D5C5BF
00D4C6BF
00D4C6BF
00D5C6BF
00D4C4BD
00D4C4BC
00D4C3BC
00D4C3BC
00D4C3BC
00D4C4BD
00D4C4BC
00D4C3BA
00D4C2BA
00D5C3BC
00D4C3BC
00D4C3BC
00D3C3BC
00D3C3BC
00D3C3BC
00D4C3BD
00D4C6C0
00D4C3BC
00D4C3BC
00D3C3BC
00D3C3BC
00D3C2BB
00D3C1B9
00D2C0B9
00D2C1B9
00D2C1B9
00D2C1B8
00D2C1B8
00D2C1B8
00D1C0B7
00D1BFB7
00D2C0B9
00D0BEB6
00D1C1B9
00D1C0B8
00D1C0B9
00D0BFB8
00D0BEB7
00CDB8AE
00CCB7AE
00CDB8B0
00CEB9B1
00CDB8B0
00CEB9AF
00CDB7AC
00CDB6AA
00CEB8AC
00CFB9AD
00CFB9AD
00CFB9AD
00CEB8AC
00CDB6A9
00CEB7AB
00CFB9AD
00CEB9AD
00CDB7AB
00CDB7AC
00CDB8AE
00CCB7AE
00CCB7AF
00CAB3AB
00CBB5AC
00CCB9B1
00CEBCB5
00CDB9AF
00CDB9B0
00CEBBB3
00CFBCB4
00CEBAB1
00CDB9AD
00CEBAB0
00CDB8AE
00CFBAB1
00D0BEB9
00D0BEB8
00D1BFB6
00D2BFB5
00D2C0B6
00D2C0B6
00D3C2BA
00D3C1B8
00D2C0B8
00D2C1B9
00D3C2BB
00D3C1B9
00D3C1B9
00D3C1BB
00D4C2BC
00D4C4BD
00D4C3BB
00D4C3BC
00D4C3BC
00D5C3BC
00D4C3BD
00D4C3BD
00D4C3BB
00D5C4BD
00D5C5BF
00D4C5BF
00D4C6C0
00D4C6BF
00D5C5BD
00D5C4BD
00D5C4BE
00D4C4BE
00D4C3BC
00D4C2BC
00D4C3BD
00D3C4BD
00D5C5BE
00D4C4BD
00D5C4BD
00D5C5BE
00D4C4BD
00D5C3BD
00D5C3BC
00D4C4BC
00D4C4BD
00D6C7C0
00D6C8C2
00D5C6C1
00D6C7C1
00D5C6C0
00D5C4BD
00D5C5BE
00D4C6BF
00D4C6BF
00D5C5BE
00D4C4BC
00D4C4BD
00D4C4BD
00D3C3BC
00D4C3BC
00D3C4BD
00D4C4BD
00D4C3BA
00D4C2B8
00D4C3BC
00D4C3BC
00D4C3BC
00D3C3BC
00D3C3BC
00D4C2BB
00D3C2BB
00D4C4BE
00D3C3BC
00D3C2BB
00D3C3BC
00D2C2BB
00D2C1BA
00D2C0B8
00D1C0B8
00D2C1B8
00D2C1B8
00D2C1B8
00D2C1B8
00D1C0B7
00D1C0B7
00D0BFB6
00D1C0B8
00D1BFB7
00D2C1BA
00D2C0B9
00D1BFB8
00D0BEB7
00D0BEB7
00CDB9B0
00CCB8AF
00CDB8B0
00CEB9B1
00CDB9B0
00CDB8AF
00CEB8AE
00CEB8AC
00CEB8AC
00CFB9AE
00CEB9AD
00CEB9AE
00CDB8AC
00CDB7AC
00CDB7AB
00CDB8AC
00CEB9AE
00CDB6AB
00CDB7AC
00CCB7AD
00CDB7AE
00CCB6AE
00CDB9B2
00CEB9B1
00CCB7AE
00CEBAB2
00CDB8AF
00CDB9B0
00CEBAB1
00CEBAB1
00CDB9AE
00CCB8AC
00CDB9AE
00CEB9AF
00CEB9AF
00CDB9B0
00CEBBB3
00CFBDB4
00D0BDB3
00D0BCB3
00D1BEB6
00D2C0B7
00D2BFB7
00D2C0B8
00D2C0B8
00D2C0B7
00D2C0B6
00D2C0B7
00D4C3BD
00D4C3BD
00D3C2B9
00D3C2BA
00D4C3BB
00D4C2BB
00D4C2BB
00D5C3BC
00D4C2BB
00D4C2BB
00D4C4BD
00D3C4BE
00D4C3BD
00D3C5BE
00D4C5BF
00D4C4BE
00D5C4BE
00D4C3BB
00D4C3BC
00D4C2BB
00D3C1BB
00D4C3BC
00D3C2BB
00D5C5BE
00D4C4BD
00D5C4BD
00D5C4BD
00D4C4BD
00D5C4BE
00D5C3BC
00D5C4BB
00D4C4BC
00D5C5BF
00D5C6BF
00D6C7C1
00D6C7C2
00D5C6BF
00D4C5BE
00D5C5BE
00D5C6BE
00D4C5BE
00D5C6BF
00D4C4BD
00D3C3BC
00D4C4BD
00D3C3BC
00D3C3BC
00D4C3BD
00D4C3BC
00D4C3BA
00D4C2B8
00D4C3BB
00D3C3BC
00D3C3BC
00D3C3BC
00D3C3BB
00D3C3BB
00D2C2B9
00D3C2BC
00D3C3BC
00D3C2BC
00D3C2BB
00D3C2BB
00D2C1BA
00D1C0B7
00D1C0B7
00D1C0B8
00D2C0B8
00D2C0B8
00D1C0B7
00D0BFB6
00D0BFB6
00D0BFB6
00D1C0B7
00D1C0B8
00D2C0B9
00D1C0B9
00D1BFB8
00D0BEB7
00D0BEB7
00CDB8AF
00CCB7AF
00CCB7AF
00CEB9B0
00CDB8AF
00CDB9AF
00CEB9AF
00CEB8AE
00CEB8AD
00CEB8AD
00CDB8AF
00CEB8AF
00CEB8AE
00CDB7AC
00CDB7AB
00CDB7AC
00CCB6AB
00CCB6AB
00CEB8AE
00CDB6AB
00CCB3A7
00CCB5AB
00CDB7AE
00CDB8AF
00CDB8AE
00CDB5A8
00CEB9B0
00CDB9AE
00CEB8AD
00CEB8AD
00CEB9AE
00CDB9AF
00CDB8AE
00CDB7AC
00CEB7AD
00CFB9AF
00D0BBB4
00CEBAB1
00CFBBB1
00D0BDB4
00D1BDB4
00D1BFB5
00D1BFB7
00D2C0B8
00D2C0B8
00D1BFB5
00D2BFB4
00D3C1B8
00D2BFB7
00D3C2BB
00D3C1B7
00D2C1B7
00D4C2BA
00D4C2BB
00D5C3BB
00D4C3BB
00D4C2BA
00D4C2BA
00D4C2BA
00D3C1BA
00D3C2BA
00D3C3BB
00D4C3BC
00D4C3BC
00D4C3BB
00D4C3BC
00D4C3BC
00D3C2BA
00D5C4BE
00D4C3BD
00D3C2BB
00D4C5BD
00D4C3BD
00D5C5BE
00D5C5BE
00D4C5BF
00D4C4BE
00D5C3BC
00D5C4BC
00D5C5BE
00D6C5BE
00D5C6C0
00D5C6BF
00D5C5BF
00D5C4BE
00D5C5BE
00D5C5BE
00D4C4BD
00D4C4BD
00D4C5BE
00D4C4BD
00D3C3BC
00D3C3BC
00D3C3BC
00D3C3BC
00D3C3BC
00D4C3BC
00D4C2BA
00D3C1B9
00D4C3BB
00D3C3BB
00D3C3BC
00D2C2BB
00D3C3BC
00D4C3BA
00D3C2B9
00D3C3BC
00D3C3BC
00D3C2BB
00D3C1BA
00D2C2BA
00D3C2BA
00D1C0B7
00D1C0B7
00D1C0B8
00D2C0B8
00D1C0B7
00D1C0B7
00D0BFB7
00D0BFB6
00CFBEB6
00D0BFB7
00D0BFB7
00D1BFB7
00D1BFB8
00D1BFB8
00D0BEB7
00D0BEB7
00CCB7AF
00CCB8AF
00CDB8AF
00CDB9AF
00CDB8AF
00CDB9AE
00CDB9AE
00CDB7AD
00CDB7AC
00CDB7AB
00CCB6AB
00CDB6AC
00CDB7AD
00CDB7AC
00CDB7AC
00CCB6AB
00CDB7AB
00CEB7AC
00CEB7AC
00CDB5A8
00CCB3A6
00CDB7AC
00CCB4A8
00CDB6AB
00CEB8AD
00CDB5A8
00CEB7AC
00CEB8AD
00CDB7AA
00CEB8AB
00CDB6AA
00CDB6AA
00CEB9AE
00CEB9AE
00CFB8AF
00CFB9B4
00CFBBB6
00D0BBB3
00D1BCB2
00D0BCB2
00D0BBB0
00D0BCAF
00D1BDB2
00D2BEB3
00D2BFB5
00D2BFB4
00D2BFB4
00D2BFB5
00D1BFB5
00D3C1B7
00D3C1B7
00D2C0B5
00D3C1B7
00D3C1B9
00D4C2B9
00D3C1B8
00D4C1BA
00D4C2BA
00D4C2BA
00D3C2BB
00D3C2BB
00D4C3BB
00D5C4BD
00D4C3BB
00D4C2BA
00D4C3BB
00D4C2BA
00D4C3BB
00D4C3BC
00D3C3BC
00D4C4BC
00D3C2BA
00D4C3BC
00D5C4BD
00D5C5BF
00D4C5BF
00D4C4BE
00D5C4BC
00D5C4BC
00D6C6BF
00D6C7C0
00D5C5BE
00D4C5BD
00D4C5BD
00D5C4BD
00D4C4BD
00D4C4BD
00D5C4BD
00D4C5BE
00D5C5BE
00D3C3BC
00D3C3BC
00D3C3BC
00D3C3BC
00D3C3BC
00D4C3BC
00D5C3BC
00D4C2B9
00D4C1B8
00D4C3BB
00D3C3BB
00D2C2BB
00D3C3BC
00D3C3BB
00D4C3BA
00D3C2B9
00D2C2BA
00D2C2BB
00D3C2BB
00D2C1BA
00D1C1B8
00D1C1B7
00D1C0B7
00D1C0B7
00D0BFB7
00D1C0B7
00D1BFB7
00D1BFB6
00D0BFB6
00D0BEB5
00D0BEB6
00D0BFB6
00CFBDB5
00D0BEB6
00D0BFB6
00CFBEB6
00CFBEB6
00CEBCB5
00CDB8AF
00CEB9B0
00CDB9AF
00CDB8AE
00CDB9AF
00CDB9AF
00CDB7AC
00CEB8AD
00CDB7AC
00CDB6AB
00CDB6AC
00CDB6AD
00CFB8AE
00CEB7AC
00CEB7AD
00CEB6AA
00CDB6A8
00CDB5A8
00CEB5A9
00CDB4A7
00CEB4A6
00CCB5A8
00CDB5A8
00CDB5A7
00CDB6A9
00CDB5A9
00CDB4A6
00CDB5A7
00CDB5A7
00CEB6A8
00CEB6A7
00CFB5A6
00CEB6A8
00CDB6AA
00CEB8AD
00CFB8AE
00CFB9AF
00D0B9AF
00D0BAAE
00D1BBAF
00D2BCB0
00D2BDAF
00D2BDAF
00D2BDB1
00D2BFB5
00D2C0B9
00D2C1B8
00D2BFB5
00D2C0B4
00D2C1B9
00D3C1B9
00D3C1B7
00D2BFB4
00D3C0B5
00D3C1B6
00D3C1B6
00D3C0B6
00D3C0B8
00D4C1B9
00D4C1BB
00D4C1BB
00D4C2B9
00D4C3B8
00D3C2B8
00D3C1B8
00D4C1B9
00D4C2B9
00D4C2BA
00D4C2B9
00D2C1B8
00D3C2BA
00D3C3BA
00D3C2BA
00D4C3BC
00D4C3BC
00D4C4BD
00D3C3BC
00D5C4BB
00D5C4BC
00D6C6BF
00D5C4BD
00D4C4BC
00D4C4BD
00D5C4BD
00D4C4BD
00D4C4BC
00D4C3BC
00D4C3BC
00D4C3BC
00D3C3BC
00D3C3BC
00D3C3BC
00D4C3BC
00D3C3BB
00D3C3BC
00D4C3BC
00D4C2BB
00D3C2B9
00D3C1B8
00D4C3BA
00D3C3BB
00D3C2BB
00D3C3BC
00D3C2BB
00D3C2BA
00D2C1B9
00D2C1B8
00D2C1BA
00D1C1B9
00D2C2BA
00D2C1B8
00D1C0B6
00D0BFB6
00D1C0B7
00D0BFB6
00D0BEB6
00D0BEB5
00D0BEB6
00D0BEB6
00D0BEB5
00D0BFB6
00D0BFB6
00CFBDB4
00CFBDB5
00D0BEB6
00CFBEB5
00CFBEB5
00CEBDB5
00CCB7AD
00CDB7AD
00CEB8AD
00CEB8AE
00CEB9AF
00CEB8AD
00CCB6AB
00CEB6AA
00CEB7AB
00CEB6AC
00CDB6AE
00CDB6AE
00CEB7AD
00CEB6AB
00CEB7AA
00CEB6A8
00CFB6A7
00CEB5A7
00CDB5A6
00CDB5A8
00CEB7AB
00CDB8AC
00CFB8AB
00CFB7A9
00CDB7AB
00CCB6AC
00CDB6AB
00CEB6AA
00CEB7A9
00CEB6A7
00CFB6A7
00CFB6A7
00D0B6A8
00CFB6A9
00CFB7AB
00CFB8AD
00CFB9AE
00D0BAAD
00D1BCAE
00D2BCAF
00D3BDAF
00D3BDAF
00D3BEB1
00D2BFB7
00D2C0B9
00D2C0B8
00D2C1B9
00D3C2BC
00D2C1B8
00D2C2BC
00D2C1B9
00D3C1B9
00D3C2BA
00D3C1B6
00D4C1B6
00D4C1B6
00D4C1B6
00D2C0B6
00D3C0B6
00D3C0B8
00D4C1B7
00D4C2B7
00D4C2B7
00D4C3B7
00D4C1B8
00D4C2B9
00D4C2B9
00D3C1B8
00D3C1B7
00D2C0B5
00D2C1B7
00D3C3BA
00D4C3BB
00D4C2BB
00D3C2BA
00D4C3BC
00D4C3BC
00D4C3BB
00D5C4BB
00D5C4BC
00D6C4BD
00D6C4BD
00D4C4BC
00D4C3BC
00D3C3BC
00D3C3BC
00D4C3BC
00D4C4BD
00D4C4BD
00D4C4BD
00D3C3BC
00D3C3BC
00D3C3BC
00D3C3BB
00D3C3BC
00D4C3BB
00D4C3BB
00D3C2B9
00D3C2B7
00D4C3BA
00D3C2BB
00D3C2BB
00D3C2BB
00D3C3BB
00D4C3BA
00D2C1B8
00D2C2B7
00D2C1B8
00D2C2B9
00D2C1B9
00D2C1B8
00D1C1B7
00D1C0B6
00D0BFB6
00D0BFB6
00D0BEB6
00D0BDB5
00D0BEB5
00D0BEB5
00CFBDB5
00CFBEB5
00D0BFB6
00CFBEB5
00CFBDB5
00CFBDB6
00CFBEB5
00CFBEB5
00CFBDB5
00CCB7AC
00CDB7AB
00CEB8AC
00CDB8AD
00CDB8AD
00CDB7AC
00CCB6AA
00CDB5A9
00CEB6AA
00CDB6AA
00CDB5A9
00CCB5A9
00CDB5A8
00CDB6A8
00CFB7A9
00D0B6A7
00CFB6A8
00CFB6A9
00CEB8AB
00CEB8AD
00CEB8AC
00CEB9AE
00CFBAB1
00CFB9AE
00CEBAB1
00CCB8AF
00CDB6AA
00CDB8AE
00CEBAB3
00CFB8AA
00D0B7A8
00D0B6A7
00D0B6A7
00CFB7A8
00D0B9AB
00CFB8AC
00D0BAAF
00D0BBAE
00D1BCAD
00D2BDB0
00D2BDAF
00D2BEB3
00D2C0B8
00D2C0BA
00D2BFB5
00D2C0B7
00D1BFB7
00D2C1BA
00D2C0B7
00D2C1BA
00D2C0B5
00D3C1B7
00D2C2BB
00D3C2BA
00D3C1B7
00D4C1B6
00D4C1B6
00D3C1B6
00D2C0B7
00D4C2B8
00D4C2B7
00D5C2B8
00D5C3B8
00D4C3B8
00D4C3BB
00D4C3BC
00D4C4BD
00D3C2BA
00D4C3BA
00D3C1B7
00D3C1B5
00D3C1B6
00D3C2B9
00D4C2BB
00D3C2BB
00D4C4BB
00D4C4BC
00D4C3BC
00D4C4BC
00D5C4BC
00D6C6BF
00D5C4BD
00D5C3BC
00D5C4BD
00D4C4BD
00D4C4BC
00D5C4BD
00D4C3BC
00D4C4BD
00D4C4BD
00D4C4BD
00D4C3BC
00D4C3BC
00D4C3BB
00D3C3BB
00D4C3BB
00D4C3BA
00D3C2B9
00D3C1B6
00D3C2BB
00D3C2BB
00D3C2BB
00D3C2BB
00D3C2BB
00D3C2BA
00D3C1B8
00D3C1B7
00D2C1B8
00D2C1B8
00D1C0B7
00D1C1B7
00D1C0B7
00D1C0B7
00D0BFB5
00D0BEB5
00D0BDB5
00D0BDB5
00D0BDB5
00D0BEB5
00D0BDB5
00D0BEB5
00CFBEB5
00CFBDB4
00CFBDB4
00CFBDB5
00CFBDB5
00CEBDB4
00CEBDB4
00CDB7AC
00CEB7AC
00CEB8AC
00CDB8AD
00CDB8AE
00CDB8AD
00CDB7AB
00CEB6AA
00CEB6A9
00CEB6A9
00CDB6A8
00CDB5A8
00CDB5A7
00CEB6A7
00CEB6A7
00CEB5A7
00CEB5A8
00CEB8AC
00CEB9AF
00CDB7AB
00CFB8AB
00CDB8AD
00CEB9AF
00CFB8AB
00CEB9AE
00CDB8AD
00CEB8AB
00CDB8AE
00CCB9B4
00CCB9B3
00CDB8AE
00CEB6A9
00CEB8AC
00CEB8AA
00D0BAAD
00D0BAAB
00D2BBAE
00D0BDB3
00D0BBB0
00D0BDB2
00D0BDB3
00D0BEB6
00D1C0B9
00D1BEB7
00D3C0B8
00D2BFB6
00D2BFB6
00D3C0B6
00D2BEB2
00D1BFB5
00D1BEB3
00D2C0B5
00D2C0B8
00D2C1BB
00D2C2BB
00D3C2B8
00D4C2B9
00D4C2B8
00D4C2B8
00D4C2B9
00D4C3B8
00D5C2B8
00D4C3B9
00D3C3BC
00D3C5BF
00D4C3BB
00D3C3BC
00D4C3BC
00D4C3BB
00D4C2B9
00D4C2B7
00D4C2B7
00D3C1B6
00D3C0B8
00D3C1B8
00D3C2BA
00D4C3BC
00D4C4BC
00D4C3BB
00D5C5BE
00D5C5BE
00D4C4BD
00D4C3BC
00D4C3BC
00D4C3BC
00D4C4BC
00D4C3BC
00D4C3BC
00D4C3BC
00D4C3BC
00D4C3BC
00D4C3BB
00D4C3BC
00D3C3BC
00D3C3BB
00D3C3BB
00D4C3BA
00D3C1B7
00D2C0B6
00D3C2BB
00D2C2BB
00D3C2BB
00D3C3BC
00D2C2BB
00D3C2BB
00D2C1B8
00D2C0B8
00D2C0B7
00D1C0B7
00D1C0B7
00D1C0B7
00D1C0B7
00D1C0B7
00D0BFB6
00D0BEB5
00CFBDB5
00CFBDB4
00CFBDB5
00D0BDB5
00D0BEB5
00D0BEB5
00CFBDB4
00CEBDB4
00CFBCB4
00CEBCB4
00CEBCB4
00CFBDB4
00CEBDB4
00CDB7AC
00CEB8AD
00CEB8AD
00CDB9AE
00CEB9AF
00CDB9AE
00CEB9AD
00CDB7AA
00CEB6A8
00CEB6A8
00CEB7A9
00CEB7A8
00CDB6A8
00CEB6A8
00CEB6A8
00CDB6AA
00CDB6AB
00CCB8AE
00CCB9AF
00CFB9AE
00CFB7AA
00CFB8AA
00CFB8AB
00CEB6A8
00CFB8AC
00CCB5A9
00CCB4A7
00CDB5A9
00CCB8B0
00CDBBB5
00CCBAB2
00CDB6AA
00CDB6A9
00CEBBB3
00CFB9AC
00D0B9A9
00D2BAAA
00D0BBB0
00CFBCB4
00CFBBB0
00D1BDB2
00D0BFB7
00D1C1BC
00D1C0BA
00D2BFB5
00D2BEB2
00D2BEB2
00D1BEB2
00D0BDB2
00CFBDB3
00CFBDB3
00D1BEB3
00D2C1B8
00D2C3BD
00D2C2BC
00D2C1B8
00D2C1B9
00D3C2BA
00D3C1B7
00D4C2B7
00D4C3B9
00D5C3BB
00D3C2BB
00D2C5BF
00D2C3BB
00D4C2BA
00D4C2BB
00D3C1BA
00D4C3BC
00D4C3BC
00D4C3B9
00D4C2B8
00D3C2B8
00D4C2B8
00D4C2B8
00D3C2B9
00D4C3BC
00D4C4BD
00D4C4BB
00D5C5BD
00D5C3BC
00D4C4BC
00D4C3BC
00D5C3BC
00D4C3BB
00D5C3BB
00D3C3BB
00D3C2BA
00D4C3BB
00D4C3BB
00D3C2BA
00D4C2BB
00D4C3BC
00D3C3BC
00D3C2BB
00D2C2BB
00D3C3BB
00D3C1B8
00D2C0B6
00D4C2BA
00D3C2BB
00D2C2BB
00D2C2BB
00D2C2BB
00D3C2BB
00D2C0B9
00D1C0B8
00D1C0B7
00D1BFB6
00D1C0B7
00D1C0B7
00D0BFB6
00D0BFB6
00CFBEB5
00CFBEB5
00CFBDB5
00CFBDB4
00CFBCB4
00CFBDB4
00CFBDB5
00CFBDB5
00CFBDB4
00CFBCB3
00CEBBB3
00CEBBB3
00CEBCB4
00CEBDB4
00CDBCB2
00CCB7AC
00CDB8AD
00CDB8AD
00CDB8AC
00CDB8AD
00CDB8AC
00CDB9AF
00CDB8AE
00CCB6AA
00CEB7AC
00CEB7AA
00CEB7A7
00CEB6A7
00CEB8AC
00CCB7AB
00CCB6A9
00CDB8AD
00CEBAB2
00CEB9B0
00CEB7AB
00CDB6A7
00CEB7A8
00CEB7A8
00CEB6A9
00CEB8AC
00CDB8AF
00CDB8AE
00CEB9AE
00CCB9B1
00CBB8B1
00CBB6AB
00CFB8AC
00CDB7AA
00CDB9AF
00CEB7A9
00CFB7A7
00CFB7A7
00CFB9AC
00CEBBB2
00D0BCB2
00D1BCB1
00D0BCB2
00D1C0B9
00D1BFB9
00D2BFB6
00D2BEB3
00D2BFB3
00D2BEB2
00D1C0B8
00D1C1BB
00D1C0B8
00D1BEB5
00D2C0B8
00D1C2BC
00D1C1B9
00D3C1B6
00D2C1B9
00D3C2BA
00D3C0B5
00D4C0B5
00D4C1B8
00D4C3BA
00D4C3B9
00D3C4BD
00D3C4BD
00D2C0B6
00D3C0B6
00D3C1B8
00D3C1B8
00D3C1B9
00D3C3BC
00D3C2BA
00D4C3B9
00D5C3B8
00D3C4BC
00D3C4BE
00D4C3BC
00D5C4BC
00D4C3BB
00D4C3BB
00D5C4BD
00D4C4BD
00D3C2BA
00D4C3BA
00D4C3BA
00D4C3BA
00D4C3BB
00D4C3BB
00D4C3BB
00D5C3BB
00D3C2BA
00D3C2BB
00D3C3BC
00D3C2BB
00D2C2BB
00D1C2BA
00D2C2BA
00D3C1B8
00D2C0B6
00D4C2BA
00D3C2BB
00D2C2BB
00D2C2BC
00D3C2BB
00D3C1BA
00D2C0B9
00D2C0B9
00D1C0B8
00D1C0B8
00D2C1B8
00D2C1B8
00D0BFB6
00D0BEB5
00CFBEB5
00CFBDB5
00CFBEB5
00CFBCB4
00CFBCB4
00CFBDB4
00CEBDB4
00CEBCB4
00CFBCB3
00CEBCB2
00CEBBB2
00CEBBB3
00CDBCB3
00CDBCB4
00CEBCB3
00CDB8AE
00CDB7AD
00CDB7AC
00CDB7AC
00CCB6AB
00CBB6AA
00CCB8AF
00CDB9B0
00CDB6AA
00CDB8AE
00CDB7AB
00CDB5A6
00CDB5A6
00CDB7AC
00CDB9AF
00CEB8AB
00CDB7AC
00CDB9B0
00CDB8AE
00CEB8AB
00CEB7A8
00CEB7A9
00CEB7A9
00CFB7AA
00CEBAB1
00CEBBB3
00CEBAB2
00CCB6AA
00CCB7AD
00CBB7AD
00CDB5A9
00CCB4A6
00CEB9AD
00CCB6AB
00CDB7AA
00CDB5A6
00CEB6A7
00CFB9AE
00CFBBB0
00D1BDB1
00CFB9AC
00D0BAAF
00D1BCB2
00D2BEB5
00D1BDB2
00D2BEB2
00D2BFB2
00D3BFB3
00D3C3BD
00D2C4BF
00D3C2BB
00D2BFB7
00D1BEB4
00D1C0B7
00D2C0B7
00D1BFB4
00D3C1B8
00D3C2B9
00D2C0B6
00D3C0B5
00D3C1B8
00D3C1B8
00D3C1B6
00D3C2BA
00D3C3BD
00D3C2B8
00D3C2B8
00D4C3BC
00D2C0B7
00D3C1B9
00D4C4BE
00D3C3BB
00D4C3BA
00D5C3B9
00D3C5C0
00D3C4BD
00D4C4BC
00D4C4BC
00D3C3BB
00D4C4BC
00D5C6BF
00D5C5BE
00D3C3BB
00D4C3BA
00D3C2BA
00D3C2BA
00D4C2BA
00D4C3BB
00D4C3BB
00D4C2BB
00D3C1BA
00D3C2BB
00D3C3BC
00D2C2BB
00D2C2BB
00D2C2BB
00D2C1BA
00D3C1B8
00D3C1B6
00D3C2BB
00D3C2BB
00D2C2BB
00D3C2BB
00D3C2BB
00D2C1BA
00D2C1BB
00D2C2BC
00D1C0BA
00D1C0B9
00D2C0B8
00D1C0B7
00D0BFB8
00D0BFB7
00CFBEB5
00CFBDB5
00CFBDB5
00CEBCB4
00CEBCB4
00CEBCB4
00CEBDB4
00CEBDB4
00CEBBB2
00CDBAB1
00CDBAB1
00CDBAB2
00CDBBB2
00CDBCB3
00CEBDB4
00CCB7AC
00CCB5AA
00CCB6AB
00CDB7AB
00CDB7AC
00CCB7AE
00CCB7AE
00CCB6AC
00CCB6AA
00CDB6AB
00CCB5A9
00CDB5A7
00CCB5A6
00CCB6AB
00CDB7AC
00CDB6A9
00CDB6AA
00CDB7AB
00CEB7AB
00CDB6A9
00CEB6A8
00CEB7A9
00CFB8AA
00CFB8AB
00CFBCB4
00CFBEB7
00D0BDB6
00CDB9B0
00CCB6AB
00CBB3A8
00CBB5AA
00CCB6AB
00CCB6AB
00CEB8AD
00CDB8AB
00CFB8AD
00CFB9AD
00D0B9AD
00D0BBAF
00CFB9AB
00CFB9AB
00CFB9AC
00D0BAAE
00D1BCB1
00D2BEB1
00D2BEB2
00D2BFB2
00D3BEB2
00D3C4BE
00D2C5C2
00D2C3BF
00D2C1BA
00D1BEB4
00D1BEB5
00D2C0B8
00D1BFB5
00D1BFB4
00D3C1B9
00D3C1B8
00D3C1B7
00D4C1B8
00D3C1B7
00D2BFB5
00D3C0B6
00D4C2B8
00D4C2B6
00D4C3BB
00D4C6C1
00D2C1B9
00D2C0B6
00D3C2BB
00D4C3BC
00D4C2BA
00D3C1B8
00D4C4BD
00D4C4BD
00D3C3BC
00D3C3BC
00D4C3BC
00D5C5BE
00D4C5BE
00D4C5BE
00D4C3BC
00D4C3BA
00D4C3BA
00D4C3BB
00D3C2BA
00D3C3BB
00D3C3BC
00D3C3BB
00D3C2BB
00D3C2BB
00D2C3BB
00D2C2BB
00D2C2BB
00D2C2BB
00D2C1BA
00D2C1B8
00D2C1B8
00D3C2BB
00D2C2BB
00D2C2BB
00D2C2BB
00D2C1BA
00D2C1BA
00D2C2BB
00D3C3BD
00D1C1BB
00D1C1BA
00D2C1BA
00D1C0B9
00D0BFB8
00D0BFB8
00CFBEB5
00CFBDB5
00D0BFB8
00D0BFB8
00CFBEB6
00CDBCB3
00CFBEB5
00D0BFB7
00CFBEB6
00CDBBB3
00CDBBB3
00CEBCB5
00CEBCB5
00CDBCB4
00CCBBB2
00CDB7AD
00CCB5A9
00CDB6AA
00CDB7AB
00CEB8AE
00CDB8B0
00CBB6AC
00CCB6AB
00CCB5AA
00CDB6AA
00CCB5AA
00CDB5A8
00CDB6A8
00CDB7AB
00CDB6A9
00CDB5A8
00CDB5A9
00CDB5A9
00CDB5A9
00CDB5A8
00CEB6A8
00CEB7A8
00CFB7A9
00CEB7A9
00D0BDB5
00D0C0BA
00CFBEB8
00CDBAB3
00CBB6AD
00CBB6AB
00CBB8AE
00CDB9AF
00CDB8AE
00CCB7AC
00CCB7AC
00CFB9AE
00CFB9AD
00CFB8AB
00CFB8AA
00D0B9AA
00D0B9AA
00D0BAAC
00D0BAAE
00D2BCB0
00D2BEB1
00D2BFB2
00D3BFB3
00D2BFB2
00D3C4BD
00D2C6C3
00D2C4C0
00D3C3BD
00D3C1BA
00D3C2BB
00D3C3BD
00D2C2BB
00D1C0B8
00D1BFB5
00D3C0B7
00D3C1B8
00D3C0B8
00D3C0B6
00D1BFB4
00D2C0B5
00D4C1B7
00D4C2B6
00D4C4BC
00D3C7C3
00D2C3BC
00D2C0B7
00D3C1B9
00D3C2B9
00D4C2BA
00D3C1B9
00D4C3BB
00D4C4BE
00D4C4BD
00D4C4BC
00D3C3BB
00D4C5BD
00D4C5BE
00D4C6BE
00D3C5BD
00D3C3BC
00D4C4BB
00D3C4BC
00D3C3BB
00D3C3BB
00D3C3BC
00D4C4BD
00D3C3BC
00D3C2BB
00D2C2BB
00D2C2BB
00D2C2BB
00D2C2BB
00D2C1BA
00D1C1B8
00D2C1B8
00D3C2BB
00D2C2BB
00D2C2BB
00D1C1BA
00D2C1BA
00D1C1BA
00D1C0B9
00D1C1BA
00D1C1BB
00D1C1BA
00D1C1BA
00D0C0B9
00D0BFB8
00D0BEB7
00D0BEB7
00D0BFB8
00D0BEB7
00CEBDB6
00CFBDB5
00CFBEB6
00CFBDB5
00CEBDB6
00CDBCB5
00CDBBB4
00CEBCB5
00CDBBB5
00CDBBB4
00CDBBB4
00CDBBB4
00CCB6AB
00CCB5A9
00CCB6AA
00CDB7AB
00CDB9AF
00CDB9B1
00CBB6AC
00CBB6AB
00CCB7AC
00CDB8AD
00CDB6AB
00CDB6AB
00CEB7AA
00CDB5A8
00CCB5A7
00CDB6A7
00CEB6A8
00CEB6A8
00CDB5A8
00CDB5A8
00CEB5A7
00CEB6A7
00CFB6A7
00CFB7A8
00CFBCB4
00CFBEB8
00CEBCB7
00CEBBB5
00CDBAB3
00CDBAB3
00CDBBB3
00CDBBB4
00CDBBB3
00CDBAB2
00CDB9B1
00CDB9AF
00CDB7AC
00CEB6A9
00CFB8A9
00D1BAAB
00D1BAAB
00D1BBAC
00D0BBAD
00D2BCB0
00D3BDB1
00D3BFB2
00D2BFB2
00D2BFB1
00D3C4BD
00D3C7C3
00D1C5C1
00D2C5C1
00D2C4C0
00D3C4C1
00D3C4C0
00D2C4BF
00D2C3BC
00D2C2B9
00D2C0B7
00D2C0B5
00D3C1B6
00D3C1B6
00D2C0B5
00D3C1B6
00D4C2B7
00D4C2B7
00D4C4BB
00D3C7C4
00D3C4BF
00D3C3BB
00D2C1B9
00D2C0B7
00D4C2B9
00D4C4BB
00D4C3BA
00D4C3BC
00D4C4BD
00D4C4BD
00D4C4BD
00D4C5BE
00D3C5BE
00D3C4BC
00D3C4BC
00D3C3BC
00D2C3BC
00D3C4BC
00D3C4BD
00D3C3BC
00D3C3BC
00D2C2BB
00D2C2BB
00D2C2BB
00D2C2BB
00D2C2BB
00D2C2BB
00D2C2BB
00D2C1B9
00D1BFB6
00D1BFB6
00D3C1B9
00D3C2BB
00D2C1BB
00D1C1BA
00D1C1BA
00D1C0B9
00D0BFB8
00D1C0B9
00D1C1BA
00D1C1BA
00D1C1BA
00D0C0B9
00D0C0B9
00D1C0B9
00D0BEB7
00CFBDB6
00CFBDB6
00D0BFB8
00CFBEB7
00CEBDB5
00CEBCB5
00CEBEB7
00CFBFB8
00CDBBB5
00CCBAB3
00CDBBB4
00CEBDB6
00CDBBB4
00CBBAB2
00CCB6AB
00CCB6AA
00CCB6AA
00CDB7AB
00CDB9B0
00CDBAB2
00CDB8B0
00CDB8AF
00CDB9AF
00CDBAB1
00CDB8AF
00CDB7AC
00CCB5A9
00CDB5A9
00CEB6A9
00CEB7A9
00CEB7A9
00CEB6A8
00CFB7A9
00CFB6A8
00CFB5A7
00CFB6A7
00D0B6A7
00CFB6A7
00CFBCB4
00D0C1BE
00CFBFBA
00CFBEB9
00CFBEB8
00CEBDB7
00CFBEB7
00CFBEB8
00CFBDB8
00CFBEB8
00CFBDB7
00CFBDB7
00D0BBB1
00D0B8AA
00D0B8AA
00D1BAAB
00D1BBAC
00D1BBAC
00D1BCAD
00D2BCAF
00D3BEB2
00D3BFB2
00D3BEB2
00D2BDB0
00D2C4BD
00D3C7C4
00D2C6C2
00D2C6C2
00D2C6C2
00D3C5C2
00D3C6C2
00D3C6C2
00D2C5C1
00D3C4BF
00D4C3BC
00D3C1B6
00D3C1B6
00D3C1B6
00D3C1B6
00D3C2B7
00D4C2B7
00D4C2B7
00D4C4BB
00D3C7C4
00D3C6C2
00D2C5C0
00D3C4BE
00D3C1B8
00D3C1B8
00D4C3BA
00D3C1B9
00D4C2BA
00D4C5BE
00D3C3BC
00D2C2BB
00D2C3BC
00D2C3BD
00D2C2BB
00D3C3BC
00D2C3BC
00D3C4BD
00D3C4BD
00D3C3BC
00D3C3BC
00D3C3BC
00D4C4BD
00D4C4BD
00D3C2BB
00D2C2BB
00D2C2BB
00D2C2BB
00D3C1BA
00D2C1B8
00D2C0B7
00D2C0B6
00D2C2B9
00D2C2BB
00D1C1BA
00D1C1BA
00D0C0B9
00D1C0B9
00D0BEB6
00D0BFB7
00D0BFB8
00CFBFB8
00CFBFB8
00CFBEB6
00CFBDB6
00CFBDB5
00CEBDB5
00CFBDB5
00CFBDB5
00CEBDB5
00CEBDB5
00CEBDB6
00CEBDB5
00CEBDB6
00CEBDB6
00CEBCB5
00CDBBB4
00CDBCB3
00CEBDB5
00CDBBB3
00CCBAB3
00CCB6AB
00CCB6AA
00CDB7AB
00CCB7AC
00CDB9B1
00CDBAB3
00CDB9B2
00CDBAB2
00CDBAB3
00CEBBB3
00CEBAB2
00CDB9B1
00CEB9AF
00CEB7AB
00CEB6AA
00CFB7AA
00CFB7A9
00CEB7A8
00CFB7A9
00CFB5A7
00CFB5A7
00CFB6A6
00CFB6A7
00CFB6A6
00CEBBB3
00D1C3C0
00D0C1BD
00CFBFBB
00CFC0BB
00CEBFBA
00CFC0BA
00CFBFBA
00CFC0BB
00D0C0BB
00CFC1BB
00D0C0BB
00D0BDB4
00D0B9AA
00D1BAAB
00D1BAAB
00D1BBAC
00D1BCAD
00D1BCAD
00D2BDAE
00D2BDB0
00D3BDB1
00D3BEB1
00D2BEB1
00D3C3BD
00D3C7C5
00D3C7C4
00D3C7C3
00D3C7C3
00D3C7C3
00D3C7C3
00D3C7C4
00D2C7C3
00D2C6C3
00D3C5BF
00D4C1B6
00D3C1B5
00D3C1B6
00D3C1B6
00D4C2B7
00D4C2B7
00D4C2B7
00D4C4BB
00D3C7C4
00D3C7C3
00D3C7C2
00D3C5C0
00D3C3BD
00D3C1B9
00D3C2B9
00D2C1B8
00D4C2BB
00D4C3BD
00D3C3BC
00D4C4BE
00D4C4BE
00D3C3BC
00D3C3BC
00D2C2BB
00D4C4BD
00D4C4BD
00D3C3BC
00D3C3BC
00D3C3BC
00D3C3BB
00D2C2BB
00D2C2BB
00D2C2BA
00D1C2BA
00D2C1BA
00D1C1B9
00D1C0B9
00D2C0B8
00D2C1B8
00D2C0B8
00D3C1B9
00D2C1BA
00D1C1BA
00D0C0B9
00D0C0B9
00D0BFB8
00D1C0B9
00D1C0B9
00D0C0B9
00D0C0B9
00D0C0B9
00CFBEB7
00CFBDB6
00CEBDB5
00CEBCB5
00CEBCB5
00CEBDB5
00CEBCB4
00CDBBB4
00CDBBB3
00CDBBB3
00CCBAB2
00CBBAB1
00CBBAB2
00CCBAB2
00CBBAB1
00CBB9B0
00CAB7AF
00CAB7AF
00CDB7AC
00CDB7AB
00CDB7AB
00CDB7AC
00CDB9B1
00CEBBB4
00CDBAB3
00CDBAB3
00CEBBB4
00CEBBB4
00CEBBB4
00CDBAB3
00CEBBB3
00CEB8AC
00CFB7AA
00CFB7AA
00CFB8A9
00CFB8A9
00CFB7A8
00CFB6A7
00CFB5A7
00CFB6A6
00CFB6A6
00CFB6A6
00CEBBB1
00CFC1BE
00D0C3BF
00CEC0BC
00CFC0BC
00CFC1BD
00CFC0BD
00CFC0BD
00D0C1BC
00D0C1BC
00D0C1BC
00D1C1BC
00D1BEB5
00D0B9AA
00D2BBAC
00D1BAAC
00D1BBAC
00D0BBAC
00D1BCAD
00D2BCAD
00D2BDAE
00D2BDAF
00D2BDAF
00D2BEB1
00D3C4BD
00D3C8C6
00D3C7C5
00D2C6C4
00D3C7C4
00D3C7C4
00D3C7C5
00D3C7C4
00D3C7C4
00D3C7C3
00D3C6C1
00D3C1B7
00D4C1B6
00D3C1B6
00D3C1B6
00D4C2B7
00D4C2B7
00D4C2B6
00D4C4BB
00D3C7C4
00D3C7C3
00D3C7C3
00D3C7C3
00D3C5C0
00D3C2B9
00D4C3BA
00D4C3BA
00D4C3BC
00D3C3BC
00D3C3BD
00D3C3BD
00D3C3BC
00D3C3BC
00D3C3BC
00D3C3BC
00D2C2BB
00D2C2BB
00D2C2BB
00D2C2BB
00D2C2BB
00D2C2BB
00D2C2BB
00D2C1BA
00D2C2BB
00D2C2BB
00D2C2BB
00D2C1BA
00D2C1BA
00D2C1BA
00D2C1BA
00D2C1B8
00D2C1B9
00D1C1BA
00D1C1BA
00D1C1BA
00D1C1BA
00D1C1BA
00D1C1BA
00D0C0BA
00D0C0B9
00D0C1BA
00D0C0BA
00CFBFB9
00CFBEB7
00CFBEB7
00CEBEB7
00CFBEB7
00CFBDB7
00CFBEB7
00CEBDB6
00CEBCB5
00CEBCB4
00CCBBB3
00CDBBB3
00CDBBB3
00CDBBB4
00CDBBB3
00CBBAB2
00CBB9B1
00CBB9B1
00CCB6AB
00CCB6AB
00CDB7AC
00CEB7AC
00CDB9B0
00CDBBB4
00CDBBB4
00CDBBB4
00CEBBB4
00CEBBB4
00CDBBB4
00CEBCB5
00CEBCB5
00CEB8AD
00CFB7AA
00CFB7A9
00CFB8A8
00CFB8A9
00CEB7A8
00CFB6A7
00CFB5A7
00CFB6A6
00CFB6A6
00CFB5A5
00CDBAB0
00CEC0BC
00D0C3C0
00CFC2BF
00CFC0BD
00CFC1BE
00D0C1BE
00D0C1BE
00D0C1BE
00D0C1BE
00D0C1BE
00D0C2BE
00D0BEB6
00D1BAAA
00D1BAAC
00D1BAAB
00D1BAAB
00D2BBAC
00D1BBAC
00D1BCAD
00D2BDAE
00D2BDAE
00D3BDAF
00D2BEB1
00D3C3BC
00D4C8C7
00D3C7C5
00D3C7C5
00D3C7C5
00D3C7C4
00D3C7C5
00D3C7C5
00D3C7C4
00D3C8C4
00D3C7C2
00D3C1B7
00D3C1B6
00D3C1B6
00D3C1B6
00D3C1B6
00D4C2B7
00D4C2B6
00D4C3BA
00D3C7C4
00D3C7C3
00D3C7C4
00D3C8C4
00D3C6C1
00D3C3BA
00D4C3BA
00D3C2BA
00D3C1BA
00D3C2BA
00D2C1BA
00D1C1BA
00D2C2BA
00D3C2BB
00D2C2BB
00D3C4BD
00D2C2BB
00D2C2BB
00D3C3BC
00D3C3BC
00D2C2BB
00D2C2BB
00D2C2BB
00D2C2BB
00D2C3BB
00D3C3BC
00D2C2BB
00D2C2BB
00D2C2BB
00D2C1BB
00D2C1BB
00D2C1B8
00D2C1B9
00D2C1BB
00D1C1BA
00D1C1BA
00D1C1BA
00D1C0BA
00D0C1BA
00D0C0BA
00D0C0BA
00CFC1B9
00CFC0BA
00CFC0BA
00CFBEB8
00CFBEB8
00CFBFB8
00CFBEB7
00CFBEB7
00CFBEB8
00CEBEB7
00CEBDB6
00CEBDB6
00CDBCB5
00CDBBB4
00CEBCB5
00CDBBB4
00CCBBB4
00CCBBB3
00CCBAB3
00CBBAB2
00CCB6AB
00CDB7AC
00CDB7AC
00CDB7AB
00CDB9B1
00CDBBB4
00CDBBB4
00CDBBB4
00CDBBB4
00CDBBB4
00CEBBB4
00CEBCB5
00CEBCB5
00CEB8AD
00CFB7AA
00CEB6A8
00CEB7A8
00CFB8A9
00CFB7A9
00CFB6A7
00CFB5A7
00CFB5A6
00CEB5A6
00CEB4A4
00CDB9AF
00CFC3BF
00CFC2BE
00D0C4C1
00CFC1BE
00CEC1BD
00CFC2BE
00D0C2BE
00D1C2BF
00D0C1BE
00D1C1BF
00D1C2BE
00D1BFB7
00D1BAAB
00D1BBAC
00D2BBAC
00D1BAAB
00D1BBAB
00D2BBAC
00D1BCAD
00D2BDAE
00D2BDAE
00D3BEAF
00D2BDAF
00D2C2BA
00D4C8C6
00D3C7C5
00D4C8C6
00D3C7C5
00D3C7C5
00D3C7C5
00D3C7C5
00D3C8C4
00D3C8C4
00D3C7C2
00D3C2B7
00D3C1B6
00D3C1B6
00D3C1B6
00D3C1B6
00D4C2B7
00D4C2B7
00D3C2B9
00D3C7C4
00D3C7C4
00D3C8C4
00D3C8C4
00D3C7C2
00D3C3BA
00D4C3BA
00D3C2BA
00D2C2BA
00D3C2BA
00D2C2BB
00D2C2BB
00D2C2BB
00D2C2BB
00D2C3BB
00D3C3BC
00D3C3BC
00D2C2BB
00D3C3BC
00D3C3BC
00D3C3BC
00D2C2BB
00D2C2BB
00D3C3BC
00D2C2BB
00D2C3BC
00D2C2BB
00D2C2BB
00D2C2BB
00D2C1BB
00D2C1BA
00D2C0B8
00D2C0B8
00D1C1B9
00D1C0B8
00D1C0B9
00D1C0B8
00D1C0B9
00D0C0B9
00D0BFB8
00D0BFB7
00CEBEB6
00CEBEB7
00CEBEB7
00CEBDB5
00CFBEB7
00CEBEB7
00CFBEB7
00CFBEB7
00CEBEB8
00CEBEB7
00CFBDB6
00CEBDB6
00CEBDB6
00CEBDB5
00CEBCB5
00CEBCB5
00CDBBB4
00CDBCB5
00CCBBB3
00CCBBB3
00CCB6AA
00CCB6AB
00CDB7AC
00CDB7AC
00CDB9B1
00CEBBB5
00CDBBB5
00CDBBB4
00CEBCB5
00CEBCB5
00CEBCB5
00CEBCB5
00CEBCB6
00CEB8AC
00CFB7A9
00CEB6A8
00CEB6A8
00CFB8A9
00CFB7A8
00CFB6A7
00CEB5A6
00CEB4A5
00CEB5A5
00CDB4A4
00CEB9AE
00D0C4C1
00CFC2BE
00D1C4C2
00CFC3C0
00CEC2BE
00CEC2BE
00D0C2BF
00D0C2BF
00D1C2BF
00D1C2BF
00D0C2BE
00D1BFB9
00D0BBAC
00D1BBAC
00D1BCAD
00D1BBAB
00D1BAAB
00D2BBAC
00D1BCAD
00D2BDAE
00D2BDAE
00D2BDAE
00D2BDAE
00D2C2B9
00D4C8C6
00D3C7C5
00D3C7C5
00D3C7C5
00D3C7C5
00D3C7C5
00D3C7C5
00D3C7C4
00D3C8C4
00D3C7C3
00D3C2B7
00D3C0B5
00D3C0B5
00D3C1B6
00D3C1B6
00D3C1B6
00D4C2B7
00D3C2B9
00D3C7C4
00D3C7C5
00D3C8C4
00D3C8C4
00D4C8C3
00D4C3BA
00D4C3BA
00D3C3BB
00D2C2BB
00D2C2BA
00D2C2BA
00D2C2BB
00D2C2BB
00D2C2BB
00D3C2BB
00D3C2BB
00D3C3BC
00D3C3BC
00D3C2BB
00D3C3BC
00D3C2BC
00D2C2BC
00D2C2BB
00D2C2BB
00D2C2BB
00D2C3BB
00D2C2BA
00D2C1BA
00D1C1B9
00D1C0B8
00D1C0B8
00D1BFB6
00D1BFB6
00D0BFB6
00D0BFB6
00D0BFB6
00D0BEB6
00D0BFB7
00D0BFB6
00CEBDB4
00CEBDB3
00CDBCB2
00CDBBB2
00CEBCB3
00CDBCB2
00CDBAB1
00CDBAB1
00CDBBB3
00CDBCB4
00CDBBB3
00CDBAB3
00CCBAB2
00CCBAB2
00CCBAB1
00CCB9B1
00CBB9B0
00CBB8B1
00CBB9B1
00CBB9B1
00CAB9AF
00CAB7AE
00CCB6AB
00CCB6AB
00CDB7AB
00CCB6AB
00CDB9B0
00CDBBB5
00CEBBB6
00CDBBB5
00CDBBB4
00CDBBB5
00CEBCB5
00CEBCB5
00CEBCB5
00CEB8AC
00CEB7A8
00CEB6A8
00CFB5A7
00CFB6A8
00D0B6A8
00CEB5A6
00CEB5A5
00CEB4A5
00CEB5A5
00CDB3A3
00CDB7AB
00D0C2BF
00D0C3C0
00CFC3C0
00D0C4C1
00CFC2BE
00CFC3BF
00CFC3BF
00D0C3BF
00D1C2BF
00D1C2BF
00D1C2BF
00D1C0B9
00D0BBAC
00D0BBAC
00D1BCAD
00D1BCAC
00D1BBAB
00D1BAAB
00D1BCAC
00D2BCAE
00D2BDAD
00D2BEAE
00D2BDAE
00D2C2B9
00D4C8C6
00D4C8C6
00D3C7C5
00D3C7C5
00D3C7C5
00D3C7C5
00D3C7C5
00D3C7C4
00D2C7C3
00D2C7C3
00D2C1B8
00D3C0B6
00D2C0B5
00D3C0B5
00D3C1B6
00D3C1B6
00D3C1B6
00D3C2B8
00D3C7C4
00D3C7C5
00D3C7C5
00D3C8C4
00D3C8C4
00D3C3BA
00D4C3BA
00D2C2BB
00D2C2BB
00D2C2BB
00D3C2BA
00D2C3BB
00D3C2BA
00D3C2BA
00D3C2BB
00D3C2BA
00D2C2BA
00D2C2BA
00D3C2BA
00D3C1BA
00D2C1BA
00D2C1B9
00D2C1B9
00D1C1B8
00D1C0B7
00D1C0B8
00D1C0B7
00D1C0B7
00D1C0B7
00D1BFB7
00D0BEB6
00D0BFB6
00D1C0B6
00D0BFB6
00D0BFB6
00D0BFB6
00CFBEB5
00D0BFB7
00D0BFB6
00CFBDB5
00CEBDB4
00CEBCB4
00CEBDB4
00CEBDB4
00CDBBB2
00CDBBB2
00CDBAB1
00CDBAB2
00CDBBB3
00CDBAB2
00CCB9B1
00CBB8B0
00CBB9B0
00CBB9AF
00CBB8AF
00CAB7AD
00CAB7AE
00CAB7AE
00CAB8AF
00CAB7AD
00C8B5AA
00CCB6AB
00CCB6AB
00CCB6AA
00CCB6AB
00CCB9B0
00CDBBB5
00CEBBB6
00CEBBB6
00CDBBB5
00CEBBB6
00CEBCB5
00CEBCB5
00CEBCB5
00CFB9AD
00CEB7A9
00CFB6A8
00D0B6A8
00CFB5A7
00CFB5A6
00CEB5A6
00CEB5A5
00CEB4A5
00CEB4A5
00CCB3A3
00CDB6AA
00D0C1BE
00D1C5C2
00CEC1BE
00D0C4C2
00CFC3BF
00CFC3BF
00CFC3BF
00CFC3BF
00D0C2BF
00D0C2BF
00D0C2BF
00D1C0B9
00D0BBAC
00D0BBAC
00D1BBAC
00D1BBAD
00D1BBAC
00D1BAAB
00D1BBAB
00D1BCAD
00D2BDAD
00D2BDAE
00D1BEAF
00D1C1B8
00D3C8C6
00D3C8C6
00D4C8C6
00D3C7C5
00D3C7C5
00D3C7C5
00D4C8C6
00D3C7C5
00D2C7C4
00D3C7C3
00D2C2B8
00D3C0B5
00D2C0B5
00D3C1B5
00D3C1B5
00D3C1B5
00D3C1B5
00D3C2B7
00D3C7C3
00D3C7C5
00D3C8C5
00D3C8C5
00D4C8C5
00D3C3BB
00D4C2B9
00D2C1B9
00D1C1B9
00D2C0B8
00D2C0B8
00D2C0B8
00D2C0B7
00D1C0B7
00D2C1B8
00D2C2B8
00D2C1B8
00D1C0B7
00D2C1B8
00D1C0B7
00D1C0B7
00D1C0B7
00D3C1B9
00D1C0B7
00D1C0B7
00D1C0B7
00D1C0B7
00D1C0B7
00D1C0B7
00D1C0B7
00D1BFB6
00D1BFB6
00D1C0B6
00D1C0B7
00D0C0B7
00D0BFB6
00D0BFB6
00D0BFB7
00D0BFB7
00CEBDB4
00CFBDB4
00CEBDB4
00CFBEB5
00CDBCB3
00CDBCB2
00CDBCB2
00CDBBB1
00CDBBB2
00CEBCB3
00CCBAB2
00CCB9B1
00CCB9B0
00CCB9B0
00CBB9B0
00CAB8AE
00CAB8AD
00CAB7AD
00CAB7AE
00CBB8AF
00C9B7AD
00C9B6AB
00CCB6AB
00CCB6AB
00CDB6AB
00CCB6AB
00CDB9B1
00CDBBB5
00CEBBB6
00CEBBB5
00CDBBB5
00CDBBB5
00CDBBB5
00CDBBB4
00CFBDB6
00CEB8AD
00CEB7A8
00CFB6A8
00CFB5A7
00CEB5A6
00CEB5A6
00CEB4A6
00CEB5A6
00CEB4A5
00CDB4A4
00CEB3A4
00CEB7AC
00CFC0BD
00D2C6C4
00CEC1BE
00D0C3C1
00D0C4C1
00CFC3BF
00CFC3BF
00D0C4C0
00CFC2BF
00D0C3BF
00D0C2BF
00D0C0BA
00D1BCAD
00D0BBAC
00D1BBAC
00D1BCAD
00D1BBAC
00D1BAAB
00D2BAAB
00D2BBAC
00D1BCAD
00D2BDAF
00D1BEAF
00D2C1B8
00D3C7C5
00D3C7C5
00D3C8C6
00D3C7C5
00D2C6C4
00D3C7C5
00D3C7C5
00D3C7C5
00D2C7C4
00D3C7C3
00D2C2B8
00D2C0B5
00D3C0B5
00D3C1B4
00D3C0B5
00D3C1B5
00D2C1B4
00D3C2B6
00D3C7C3
00D3C7C5
00D3C7C5
00D3C8C5
00D4C8C5
00D2C2BA
00D3C2B9
00D2C1B8
00D1BFB6
00D1C0B7
00D1BFB6
00D1BFB6
00D1C0B6
00D1C0B7
00D1C0B7
00D2C1B8
00D2C1B8
00D1C0B7
00D1C0B7
00D1C0B7
00D1C0B6
00D1C0B6
00D2C1B8
00D2C1B8
00D1C0B7
00D1C0B7
00D1C0B8
00D1C0B7
00D1BFB7
00D1C0B7
00D1C0B7
00D0BFB6
00D1BFB6
00D0BFB7
00CFBFB7
00CFBFB6
00CFBEB7
00CFBDB6
00CFBDB5
00CFBEB5
00CFBDB5
00CEBDB4
00CDBCB4
00CDBDB4
00CDBCB3
00CDBCB2
00CCBBB2
00CDBBB3
00CDBCB3
00CCBAB2
00CDBAB2
00CBB9B0
00CCB9B1
00CCB9B1
00CBB8B0
00CBB8AE
00CAB8AE
00CAB7AE
00CBB8B0
00CAB7AE
00C8B6AC
00CBB5AA
00CCB5AA
00CCB6AA
00CCB5A9
00CDB8B0
00CDBBB6
00CDBBB6
00CDBBB6
00CEBBB5
00CDBBB4
00CDBBB5
00CDBBB4
00CEBCB5
00CEB8AD
00CEB7A9
00CEB6A8
00CEB5A6
00CEB5A6
00CEB4A6
00CDB4A5
00CDB4A5
00CDB4A4
00CEB4A4
00CDB3A3
00CCB6AA
00CDBFBA
00D0C6C4
00CFC3C0
00CFC2BF
00D0C4C2
00CFC3C0
00CFC3BF
00CFC3BF
00CFC3BF
00CFC3BF
00CFC3BF
00D0C1BA
00D1BBAE
00D1BCAD
00D0BBAC
00D1BBAD
00D1BBAC
00D1BBAC
00D1BAAB
00D1BBAB
00D2BCAD
00D2BDAF
00D2BDB0
00D2C0B6
00D3C7C6
00D3C7C5
00D3C7C5
00D3C7C5
00D2C6C4
00D3C7C5
00D3C7C5
00D3C7C5
00D2C6C4
00D3C7C4
00D2C2B9
00D3C0B4
00D3C1B4
00D2C1B4
00D2C0B4
00D2C1B4
00D2C1B4
00D2C1B5
00D3C6C2
00D3C7C5
00D3C7C5
00D3C8C5
00D4C8C5
00D2C2BA
00D3C2B8
00D3C1B8
00D1BFB6
00D1C0B7
00D1BFB6
00D1BFB5
00D1BFB5
00D1BFB6
00D1C0B7
00D2C1B8
00D2C0B7
00D1C0B7
00D1C0B7
00D1C0B6
00D1BFB6
00D1C0B7
00D1C0B7
00D1C0B7
00D0BFB6
00D0BFB6
00D1C0B7
00D1C0B8
00D0BFB7
00D0BFB6
00D0BFB7
00D1BFB6
00D0BEB5
00D0BFB6
00CFBFB7
00CFBFB8
00CFBFB8
00CFBEB7
00CEBEB7
00CFBEB7
00CFBEB7
00CFBDB5
00CEBCB4
00CEBDB4
00CEBDB4
00CDBCB3
00CDBCB3
00CCBBB2
00CCBBB2
00CCBBB2
00CCBBB2
00CCBAB2
00CBB9B1
00CBB9B1
00CBB9B0
00CAB9B0
00CAB9B0
00CAB8AF
00CAB7AF
00CAB7AF
00C9B6AD
00CCB5A9
00CCB5A9
00CCB5A9
00CBB5A9
00CCB8B0
00CDBBB6
00CCBBB6
00CCBBB6
00CDBBB5
00CDBBB5
00CEBBB5
00CDBBB4
00CEBCB5
00CDB8AD
00CEB6A8
00CEB5A7
00CEB5A6
00CEB5A5
00CEB5A5
00CDB4A4
00CDB4A4
00CEB4A4
00CEB4A5
00CDB3A3
00CCB5A9
00CCBEB9
00D0C4C1
00D0C5C3
00CEC1BE
00D1C4C2
00D0C3C0
00CFC3BF
00CFC3BF
00CFC3BF
00CFC3BF
00CFC3BF
00D0C1BA
00D0BBAE
00D2BCAD
00D1BBAC
00D1BBAC
00D1BBAC
00D1BBAC
00D1BAAB
00D1BBAB
00D1BCAD
00D2BDAF
00D2BDB0
00D2C0B5
00D3C7C5
00D3C7C6
00D3C7C5
00D3C7C5
00D3C7C5
00D3C7C5
00D3C7C5
00D3C7C5
00D2C7C4
00D3C7C4
00D2C2BA
00D3C0B4
00D4C0B5
00D3C0B4
00D2C1B4
00D2C1B4
00D3C0B4
00D2C0B4
00D3C6C2
00D3C7C5
00D3C7C5
00D3C7C5
00D3C8C5
00D2C3BB
00D3C2B8
00D2C1B8
00D0BEB5
00D1C0B7
00D0BFB6
00D0BEB5
00D0BEB5
00D1BFB6
00D1C0B7
00D2C1B8
00D1C0B7
00D1C0B7
00D1C0B7
00D1C0B7
00D0BFB6
00D0BFB6
00D1C0B7
00D1C0B7
00D1C0B7
00D0BFB6
00D0BFB6
00D1C0B7
00D0BFB7
00D1BFB7
00D1BFB7
00D0BFB6
00D0BEB4
00D0BFB6
00CFBFB7
00CFBFB7
00CFBFB8
00D0C0B9
00CFBFB8
00CEBEB7
00CEBEB7
00CFBEB6
00CFBDB5
00CEBCB4
00CDBCB3
00CDBCB3
00CDBBB3
00CDBBB3
00CCBBB2
00CCBBB3
00CCBBB3
00CCBBB2
00CBBAB1
00CBBAB1
00CBBAB1
00CAB9B0
00CAB9B0
00CAB9B0
00C9B8AF
00CAB7AF
00C9B6AE
00CCB4A9
00CCB4A8
00CCB4A8
00CCB4A8
00CCB7AF
00CDBBB6
00CBBBB5
00CDBCB6
00CEBBB6
00CEBBB6
00CEBBB5
00CDBBB4
00CEBCB5
00CDB8AC
00CEB6A7
00CEB5A7
00CEB4A5
00CDB4A4
00CDB4A4
00CEB4A4
00CDB3A3
00CEB3A3
00CDB3A4
00CDB3A2
00CDB6AA
00CEC0BC
00CFC2BE
00D1C6C5
00CEC1BF
00D0C3C1
00D0C3C1
00CFC3BF
00CFC3BF
00CFC3BF
00CFC3BF
00CFC3BF
00D0C1BA
00D0BAAE
00D1BBAE
00D1BCAD
00D1BBAC
00D1BBAD
00D1BBAC
00D2BBAC
00D1BBAC
00D1BCAE
00D2BDB0
00D2BDB0
00D1C0B5
00D3C7C5
00D3C8C6
00D2C7C5
00D3C7C5
00D3C7C5
00D3C7C5
00D3C7C5
00D3C7C5
00D2C6C4
00D2C7C3
00D1C2BA
00D2C0B4
00D4C0B5
00D3BFB4
00D2C0B4
00D2C1B4
00D3C1B4
00D2C0B3
00D3C6C0
00D3C7C5
00D3C7C5
00D3C7C5
00D4C8C6
00D3C3BC
00D3C1B7
00D2C1B8
00D0BEB5
00CFBEB5
00D0BFB5
00D0BFB5
00D1BEB6
00D1C0B7
00D1C0B7
00D1C0B7
00D1C0B7
00D0BFB6
00D0BFB6
00D0BFB6
00D0BFB6
00D1C0B7
00D1C0B8
00D1C0B7
00D1C0B7
00D0BFB6
00D1BFB7
00D1BFB7
00D0BEB6
00D0BEB6
00D0BEB7
00D0BEB6
00D0BEB4
00CFBFB6
00CFBFB7
00CFBFB7
00D0BFB8
00CFC0B9
00CFBFB8
00CEBEB7
00CEBEB7
00CEBEB7
00CEBCB5
00CDBCB4
00CDBCB4
00CDBBB3
00CDBBB4
00CDBBB4
00CDBBB3
00CCBAB3
00CCBAB3
00CCBAB3
00CBB9B2
00CBBAB2
00CBB9B1
00CAB9B0
00CAB9B1
00CAB9B0
00C9B8AF
00C9B8AF
00C9B6AE
00CBB3A8
00CCB4A8
00CCB4A8
00CCB4A8
00CBB7AE
00CCBBB6
00CCBBB6
00CDBCB6
00CDBAB5
00CDBBB5
00CEBBB5
00CDBBB4
00CDBBB5
00CCB7AD
00CEB5A7
00CEB5A6
00CEB4A6
00CDB4A5
00CDB4A4
00CEB4A4
00CDB3A3
00CDB3A3
00CDB3A3
00CDB3A2
00CCB6A9
00CEC1BC
00CDC1BE
00D1C7C6
00CFC3C1
00CFC2C0
00D0C3C1
00CFC3BF
00CFC3BF
00CFC3BF
00CFC3BF
00CEC3BF
00D0C1BB
00D0BAAE
00D1BBAF
00D0BBAD
00D1BBAD
00D1BBAC
00D1BBAC
00D2BBAC
00D1BBAC
00D1BCAD
00D2BCAF
00D2BDB0
00D1BFB4
00D2C7C4
00D2C9C6
00D2C8C5
00D3C7C5
00D2C6C4
00D3C7C5
00D3C7C5
00D2C6C4
00D2C6C3
00D2C6C4
00D1C2BB
00D2BFB4
00D2BFB4
00D1BEB3
00D0BEB3
00D2C0B3
00D2C0B4
00D2BFB3
00D3C5C1
00D2C7C5
00D2C6C4
00D3C7C5
00D3C8C6
00D2C3BB
00D3C1B7
00D2C0B8
00D0BEB5
00D0BEB5
00D0BFB6
00D0BFB6
00D1C0B7
00D1C0B7
00D1C0B7
00D2C1B8
00D0BFB6
00D0BFB6
00D0BFB6
00D0BFB6
00D0BFB6
00D0BFB7
00D1C0B8
00D0BFB7
00D0C0B7
00D0BFB7
00D0BFB7
00D1BFB7
00D0BEB6
00CFBEB7
00CFBDB7
00D0BEB5
00CFBEB2
00CFBEB6
00CFBEB7
00CFBFB8
00D0BFB8
00CFBDB6
00CEBEB6
00CFBFB8
00CDBDB6
00CDBDB6
00CCBCB5
00CEBCB5
00CDBBB4
00CDBBB4
00CDBBB4
00CDBBB3
00CCBBB2
00CCBAB2
00CCBAB3
00CCB9B2
00CBB9B2
00CBB9B2
00CBB9B1
00CBBAB1
00CAB9B1
00CAB8B0
00C9B8AF
00C9B8B0
00C9B7AF
00CBB3A7
00CBB3A7
00CCB4A8
00CCB3A7
00CBB6AE
00CCBBB6
00CBBBB5
00CDBCB6
00CDBAB5
00CDBBB4
00CDBBB4
00CCBAB3
00CDBBB5
00CCB7AD
00CEB5A6
00CEB5A7
00CEB4A6
00CDB3A5
00CEB4A5
00CEB3A4
00CDB3A3
00CDB3A3
00CEB4A4
00CDB3A2
00CCB5A9
00CCBEBB
00CDC1BD
00D1C6C5
00D0C4C3
00CEC2C0
00D0C3C1
00CFC3C0
00D0C3C0
00D0C3C0
00CFC3BF
00CEC3BF
00D0C1BC
00D0BAAE
00D1BBAF
00D0BBAD
00D0BBAC
00D0BBAC
00D0BBAC
00D1BBAC
00D1BBAC
00D1BCAE
00D2BCAF
00D1BDB0
00D1BFB4
00D1C6C3
00D2C8C6
00D2C8C6
00D3C7C5
00D2C6C4
00D3C7C5
00D3C7C5
00D2C6C4
00D1C6C3
00D2C7C3
00D2C3BB
00D1BFB3
00D1BFB3
00D1BEB2
00D1BEB2
00D2BFB2
00D2C0B3
00D1BFB2
00D2C5C0
00D2C7C5
00D2C6C4
00D3C7C5
00D3C8C6
00D2C3BD
00D2C0B6
00D2C1B8
00D0BFB6
00D0BFB6
00D0BFB6
00D0BFB6
00D1C0B7
00D1BEB6
00D0BFB6
00D1C0B7
00D0BFB6
00CFBEB6
00D0BFB6
00CFBEB5
00D0BFB8
00D0BFB7
00D1BFB7
00D0BFB8
00D0C0B8
00D0BFB7
00D0BEB7
00D0BEB7
00D0BFB7
00CFBEB7
00CFBDB6
00D0BEB5
00D0BEB3
00CFBFB6
00CFBEB7
00CFBFB8
00CFBEB7
00CDBBB3
00CEBDB5
00CEBEB8
00CEBDB6
00CDBDB6
00CCBCB5
00CDBCB5
00CDBBB4
00CDBBB4
00CDBBB4
00CCBAB2
00CBBAB1
00CCBBB2
00CBBAB3
00CBBAB3
00CBB9B2
00CAB8B1
00CBB9B1
00CCBAB2
00CBB9B2
00CAB8B1
00C9B7AF
00C9B7AF
00C9B7AF
00CAB2A6
00CBB3A7
00CBB3A7
00CCB3A7
00CBB7AD
00CBBBB6
00CABAB5
00CDBBB6
00CDBAB5
00CDBAB5
00CDBBB4
00CDBBB4
00CDBBB5
00CCB6AD
00CDB5A7
00CEB5A7
00CEB4A6
00CDB3A4
00CDB4A5
00CDB3A3
00CDB3A3
00CDB3A3
00CDB3A4
00CDB3A3
00CDB5A9
00CEBFBC
00CEC0BD
00D1C5C4
00D0C6C5
00CEC1BF
00CFC2C1
00CFC3C0
00CFC3BF
00CFC3BF
00CFC3BF
00CEC2BF
00D0C0BB
00CFBAAD
00D1BBAE
00D0BBAC
00D0BBAC
00D0BBAC
00D1BBAD
00D1BBAD
00D1BCAE
00D1BBAE
00D2BCAF
00D1BDB1
00D1BFB3
00D1C5C2
00D1C9C6
00D2C8C5
00D2C7C5
00D2C6C4
00D3C7C5
00D3C7C5
00D2C6C4
00D1C5C2
00D2C7C3
00D1C3BD
00D1BFB3
00D1BFB3
00D1BEB2
00D1BEB2
00D2BFB2
00D2BFB2
00D1BFB2
00D2C5BF
00D2C7C5
00D2C6C4
00D3C7C5
00D2C9C6
00D1C3BD
00D2C0B5
00D2C1B8
00D1C0B7
00D0BFB7
00D1BFB7
00D0BFB7
00D1C0B7
00D0BEB5
00CFBDB4
00D0BFB6
00D0BFB6
00D0BEB6
00D0BFB7
00CFBEB6
00CFBFB7
00D0BEB6
00CFBEB6
00CFBEB6
00CFBFB7
00CFBFB8
00D0BEB7
00D0BEB7
00CFBEB7
00CFBEB7
00D0BEB7
00D0BEB6
00D0BEB3
00CFBFB7
00CEBEB7
00CFBFB8
00CFBEB7
00CDBBB3
00CEBCB5
00CFBEB8
00CEBEB7
00CDBDB7
00CCBCB5
00CDBBB4
00CDBBB4
00CCBAB3
00CCBAB3
00CBBAB1
00CBBAB1
00CBBAB1
00CAB9B2
00CAB9B2
00CBB9B2
00CAB8B1
00CBB9B1
00C9B8AE
00CAB9B1
00CAB9B1
00C9B7B0
00C9B7AF
00C8B5AE
00CAB2A6
00CAB2A6
00CAB2A6
00CBB3A7
00CCB6AC
00CCBBB5
00CABAB5
00CCBBB5
00CCBAB5
00CDBAB5
00CDBBB5
00CDBAB4
00CDBBB5
00CCB7AC
00CDB5A7
00CEB5A7
00CEB4A6
00CDB3A5
00CDB4A5
00CDB3A3
00CDB2A3
00CCB3A3
00CDB3A4
00CDB2A3
00CCB5A9
00CEC0BC
00CEC0BC
00D0C4C1
00D1C6C6
00CFC3C1
00CFC2BF
00CFC3C0
00CFC3C0
00CFC2C0
00CFC3BF
00CEC2BF
00CFC0BB
00CFBAAD
00D1BBAE
00D0BBAD
00D0BAAC
00D0BBAC
00D1BBAD
00D1BBAE
00D1BBAF
00D2BCB0
00D1BDB0
00D1BDB0
00D0BDB2
00D1C4C1
00D2C8C5
00D2C9C6
00D2C7C5
00D2C6C4
00D2C7C4
00D2C6C5
00D2C6C4
00D1C5C3
00D2C6C4
00D1C3BD
00D1BFB2
00D1BFB3
00D2BFB3
00D2BEB3
00D2BFB3
00D2BFB2
00D1BFB1
00D2C4BE
00D2C7C5
00D2C6C4
00D2C7C5
00D1C9C6
00D1C4BD
00D2C0B5
00D3C1B8
00D1C0B8
00D1C0B7
00D1BFB7
00D0BFB7
00D1C0B8
00D0BDB5
00CFBDB3
00D0BFB5
00D0BFB6
00CFBEB5
00CFBEB6
00CFBDB5
00D0BEB6
00D0BFB7
00CFBDB4
00CEBCB3
00CEBEB6
00CFBFB8
00CFBEB7
00D0BEB7
00CFBDB6
00CFBDB6
00CFBEB6
00CFBEB5
00CFBDB3
00CFBEB5
00CEBEB7
00CEBEB8
00CEBEB7
00CDBBB3
00CEBCB4
00CEBDB7
00CDBDB6
00CDBDB7
00CBBBB5
00CCBAB3
00CCBAB3
00CCBAB3
00CCBAB3
00CBB9B2
00CAB9B1
00CBB9B2
00CABAB2
00CAB9B2
00CAB8B1
00CBB9B1
00CAB8B0
00C9B7AE
00C9B7AE
00CBB9B1
00C9B7AF
00C8B6AF
00C8B5AE
00CBB2A7
00CBB3A7
00CBB3A7
00CBB2A7
00CBB6AD
00CBBBB5
00CABAB4
00CBBBB5
00CCBBB5
00CCBAB5
00CDBAB5
00CDBAB5
00CDBAB6
00CDB7AE
00CCB4A7
00CEB4A6
00CEB4A6
00CDB3A5
00CCB2A4
00CCB2A3
00CCB2A2
00CCB2A2
00CCB2A3
00CDB2A3
00CCB5A8
00CDBEBA
00CEC1BD
00CEC2BF
00D1C7C7
00CFC4C2
00CEC2BF
00CFC3BF
00CFC3C0
00CFC2C0
00CEC2BF
00CEC2BE
00CEC0BC
00CEB9AD
00D1BBAE
00D1BBAE
00D0BBAC
00D0BBAC
00D1BBAE
00D1BBAE
00D1BBAF
00D2BCB0
00D1BDB0
00D0BDB0
00CFBCB1
00D0C4C0
00D2C8C5
00D1C8C6
00D2C7C5
00D2C6C4
00D2C7C5
00D3C6C5
00D2C6C4
00D1C5C3
00D2C6C4
00D1C4BF
00D1BEB2
00D1BFB2
00D2BFB4
00D2BFB4
00D1BFB3
00D2BFB2
00D2BFB1
00D2C4BC
00D2C6C5
00D2C6C4
00D1C7C4
00D1C8C6
00D1C4BE
00D2C0B6
00D2C1B9
00D0C0B9
00D1BFB8
00D0BFB6
00D0BFB7
00D1C0B8
00CFBDB4
00CEBCB3
00D0BFB5
00D0BFB6
00CFBEB5
00CEBDB5
00CFBDB6
00D0BEB7
00D1BFB7
00CFBDB5
00CDBBB3
00CEBEB5
00CFBFB8
00CFBDB6
00CFBDB6
00CFBDB6
00CFBDB6
00CFBEB5
00CFBEB5
00CFBEB3
00CEBEB5
00CEBDB6
00CEBEB7
00CEBEB7
00CCBBB2
00CEBDB4
00CEBEB7
00CDBDB6
00CDBDB6
00CCBCB5
00CCBBB4
00CDBBB4
00CCBAB3
00CCBAB3
00CCBAB3
00CBB9B2
00CBB9B2
00CABAB3
00CAB9B2
00CBB9B2
00CAB9B0
00C9B7AD
00CAB7AD
00C9B7AD
00C9B8B1
00C8B7B0
00C8B6AF
00C8B6AF
00CBB3A7
00CBB3A7
00CBB3A7
00CBB2A7
00CBB5AB
00CCBBB5
00CBBAB5
00CBBBB5
00CCBBB5
00CCBAB4
00CDBAB5
00CDBAB5
00CDBAB5
00CDB7AE
00CCB4A7
00CDB4A6
00CDB3A5
00CDB3A4
00CDB3A5
00CCB2A3
00CCB2A2
00CCB3A3
00CBB2A3
00CCB2A3
00CCB4A7
00CBBCB8
00CDBFBC
00CFC1BF
00D1C6C6
00CFC4C3
00CFC2C0
00CFC2C0
00CFC3C0
00CFC3C0
00CEC2BE
00CFC3BF
00CFC1BC
00CEB9AD
00D0BBAD
00D0BBAD
00D0BBAC
00D0BBAD
00D1BBAF
00D1BBAF
00D1BBAF
00D1BCAF
00D1BCB0
00D1BDB0
00D0BDB1
00D1C4C0
00D1C7C5
00D1C8C6
00D2C7C5
00D2C6C4
00D2C6C5
00D2C6C4
00D2C6C4
00D1C5C3
00D2C6C4
00D1C4BF
00D1BEB3
00D1BEB2
00D2BFB3
00D2BFB4
00D1BFB3
00D1BEB2
00D1BEB2
00D1C3BC
00D2C6C4
00D2C6C4
00D1C7C5
00D1C8C6
00D1C4BF
00D2C0B7
00D2C1B9
00D0C0B9
00CFBEB7
00D0BEB6
00CFBEB5
00D0BFB6
00CEBCB3
00CDBBB2
00D0BEB5
00D0BEB6
00CEBDB5
00CFBDB5
00CFBDB6
00D0BEB7
00D0BFB7
00CFBEB6
00CEBDB5
00CEBDB5
00CEBDB6
00CFBCB6
00CFBDB6
00CFBDB6
00CFBDB6
00CEBDB5
00CFBEB4
00CEBDB2
00CFBDB5
00CEBDB5
00CDBDB6
00CEBDB6
00CCBAB1
00CDBCB3
00CDBCB5
00CDBDB6
00CCBCB6
00CCBCB5
00CBBBB5
00CCBBB5
00CBBAB4
00CDBCB5
00CCBAB3
00CBB9B2
00CAB9B2
00CAB9B2
00C9B9B2
00CAB8B1
00CAB8AF
00C9B7AD
00C9B7AC
00C9B6AC
00C9B7B0
00C9B7B0
00C8B6AF
00C7B6AE
00CBB3A7
00CBB3A7
00CAB2A6
00CAB2A7
00CAB5AC
00CCBAB5
00CABAB5
00CBBAB4
00CCBBB5
00CCBAB4
00CCB9B4
00CCB9B4
00CCBAB4
00CCB7AE
00CCB5A7
00CDB4A5
00CDB3A5
00CCB2A4
00CCB2A3
00CCB2A3
00CCB2A2
00CCB2A2
00CCB2A2
00CCB2A2
00CCB4A7
00CDBEBA
00CCBEBB
00CEC1BE
00D0C5C5
00D0C5C4
00CFC3C0
00CFC2C0
00CFC2C0
00CFC2BF
00CEC2BF
00CFC3BF
00CEC1BC
00CEB9AE
00D0BAAD
00D0BBAC
00D0BAAD
00D0BAAD
00D0BAAE
00D1BBAF
00D1BBAF
00D2BCAF
00D1BCAF
00D0BDB0
00D0BDB1
00D1C3BF
00D1C7C5
00D1C8C5
00D2C7C5
00D2C6C4
00D2C6C4
00D2C6C4
00D2C6C4
00D1C5C3
00D1C6C4
00D1C3BF
00D1BEB2
00D1BEB2
00D1BEB3
00D1BFB4
00D0BFB3
00D0BFB2
00D1BFB2
00D1C3BB
00D2C6C4
00D2C6C4
00D1C7C4
00D1C8C5
00D0C4BF
00D2C0B6
00D2C1B7
00D0C0B9
00CEBEB7
00CFBEB5
00CEBEB4
00CFBEB6
00CEBCB3
00CEBBB1
00D0BDB4
00CFBEB5
00CEBCB5
00CEBCB5
00CEBCB5
00CFBEB6
00CFBEB6
00CFBEB6
00CEBEB5
00CCBCB4
00CDBCB5
00CEBCB5
00CFBDB6
00CEBDB5
00CEBDB5
00CEBCB5
00CEBDB4
00CEBDB2
00CEBDB4
00CDBCB5
00CDBCB4
00CDBDB5
00CDBCB5
00CDBDB5
00CDBDB6
00CDBDB6
00CDBDB7
00CCBCB5
00CCBBB5
00CCBCB6
00CBBBB5
00CCBBB4
00CCBBB3
00CCBAB3
00CBB9B2
00CAB9B2
00CAB9B2
00CAB8B1
00C9B7AF
00C9B6AD
00C9B6AC
00C8B5AC
00C8B6AE
00C9B8B1
00C7B5AE
00C7B6AD
00CAB2A6
00CAB2A7
00CAB2A6
00CAB2A7
00CAB5AB
00CBBAB6
00CBBBB6
00CBB9B4
00CBBAB5
00CBBBB5
00CCB9B4
00CCB9B3
00CCBAB4
00CCB7AE
00CCB4A6
00CDB3A5
00CDB3A5
00CCB2A3
00CBB2A2
00CCB2A2
00CCB2A2
00CCB2A2
00CCB2A2
00CBB2A2
00CBB4A6
00CDBFBB
00CCBEBA
00CDC1BE
00CFC4C3
00D0C6C5
00CFC3C1
00CEC2C0
00CFC2C0
00CFC2C0
00CEC1BE
00CEC2BE
00CFC0BB
00CEB9AE
00D0BAAE
00D0BBAD
00D0BAAD
00D0BAAE
00D0BAAE
00D0BAAE
00D1BBAF
00D1BCAF
00D0BDB0
00D0BEB0
00D0BDB0
00D0C2BE
00D1C6C4
00D1C8C5
00D1C7C5
00D2C6C4
00D2C6C4
00D2C6C4
00D1C5C3
00D1C5C3
00D2C6C4
00D1C5C1
00D1BEB3
00D1BEB2
00D1BEB3
00D1BFB4
00D1BFB3
00D0BFB3
00D1BFB3
00D1C2BA
00D1C6C4
00D1C6C4
00D1C7C4
00D0C8C5
00D1C5C0
00D1BFB5
00D2C0B7
00D0BFB9
00CFBDB6
00CFBEB5
00CEBDB4
00CFBEB6
00CEBCB4
00CDBBB1
00CFBDB3
00CFBEB5
00CEBDB5
00CEBCB5
00CEBCB5
00CEBDB5
00CFBEB6
00CFBEB6
00CDBCB5
00CCBBB3
00CCBBB4
00CEBCB5
00CEBCB5
00CEBCB5
00CEBDB5
00CDBCB4
00CEBDB3
00CEBCB1
00CEBDB3
00CDBBB3
00CDBCB5
00CEBDB6
00CEBEB7
00CDBEB7
00CCBCB5
00CCBCB5
00CDBDB6
00CDBCB5
00CCBAB3
00CCBBB4
00CBBBB4
00CBBAB3
00CCBAB3
00CBB9B2
00CAB8B1
00CAB8B1
00CAB8B1
00CAB8B0
00C9B7AE
00C8B6AC
00C8B6AC
00C7B5AC
00C8B6AE
00C9B7B0
00C7B5AE
00C6B4AC
00C9B1A5
00CAB1A6
00CAB2A6
00CBB2A6
00CAB4AB
00CBBAB5
00CBBBB5
00CAB9B4
00CBBAB5
00CBBAB5
00CBBAB4
00CCB9B4
00CCBAB4
00CCB7AD
00CCB4A6
00CDB3A5
00CDB3A5
00CCB2A3
00CCB2A3
00CBB2A2
00CBB1A2
00CBB1A2
00CBB1A2
00CBB2A2
00CBB3A6
00CCBCB8
00CBBCB9
00CDBFBC
00CFC4C2
00D0C6C4
00CFC3C1
00CEC2C0
00CEC2C0
00CFC2C0
00CDC1BE
00CDC1BE
00CFC1BC
00CEBAAF
00CFBBAE
00D0BBAE
00D0BBAE
00D0BAAE
00D1BBAF
00D0BBAE
00D1BBAE
00D0BBAF
00D0BDB0
00D1BDB1
00D1BDB1
00D0C2BD
00D1C6C4
00D1C7C5
00D1C7C4
00D2C6C4
00D2C6C4
00D2C6C4
00D1C5C3
00D1C5C3
00D1C6C4
00D2C5C2
00D0BEB3
00D1BEB2
00D1BEB3
00D1BFB3
00D1BFB4
00D1BFB4
00D1BFB3
00D1C2B9
00D1C6C4
00D1C6C4
00D1C6C4
00D2C7C4
00D2C6C2
00D1BFB5
00D2C0B7
00D0C0B9
00CFBEB6
00CFBDB5
00CFBEB5
00D0BFB7
00CEBCB3
00CDBBB1
00CFBDB3
00CEBDB4
00CEBCB5
00CEBCB5
00CEBDB5
00CEBCB4
00CFBDB5
00CEBDB5
00CDBCB4
00CCBBB3
00CCBBB2
00CDBCB4
00CEBDB5
00CEBDB5
00CEBDB4
00CCBBB2
00CDBBB2
00CEBCB0
00CEBCB3
00CDBCB3
00CDBBB3
00CDBBB3
00CCBBB4
00CCBAB3
00CCBAB3
00CBBAB3
00CCBAB3
00CCBAB3
00CBB9B2
00CBB9B2
00CBBAB2
00CBB9B2
00CBB9B1
00CAB8B1
00C9B8B0
00C9B8AF
00CAB8B0
00C9B8B1
00C9B6AE
00C8B5AC
00C8B6AC
00C8B5AC
00C8B5AE
00C8B7B0
00C7B5AE
00C7B5AE
00C9B0A5
00C9B1A6
00CAB1A6
00CAB2A6
00CAB3AB
00CABAB4
00CABBB5
00CAB9B4
00CBBAB4
00CBBAB4
00CBB9B4
00CBB9B3
00CBB9B3
00CCB7AD
00CCB3A7
00CCB3A5
00CCB2A4
00CCB2A3
00CCB3A3
00CBB2A2
00CBB1A1
00CBB1A2
00CCB2A3
00CBB2A3
00CBB3A6
00CDBEBB
00CCBEBA
00CCBDB9
00CFC3C1
00CFC5C4
00CFC4C2
00CEC2C0
00CEC2C0
00CFC2C0
00CEC1BF
00CEC2BE
00CFC1BD
00CEBAAE
00CFBBAE
00CFBBAF
00CFBAAE
00D0BAAE
00D0BBAE
00D0BBAF
00D1BBAF
00D0BBAF
00D0BCB0
00D0BDB1
00D0BDB1
00D0C2BC
00D1C6C3
00D2C7C4
00D2C7C5
00D1C6C4
00D2C6C4
00D2C6C4
00D1C5C3
00D1C5C3
00D1C5C3
00D2C5C2
00D1BEB3
00D1BDB2
00D1BEB2
00D1BEB3
00D1BEB3
00D1BFB4
00D0BEB3
00D0C1B7
00D1C5C2
00D0C5C2
00D1C5C2
00D1C5C3
00D1C4C1
00D0BEB4
00D1BFB6
00D0BFB8
00CEBDB5
00CEBDB4
00CDBCB3
00CFBDB5
00CDBBB2
00CDBAAF
00CEBCB2
00CEBCB3
00CEBCB4
00CDBCB4
00CDBCB4
00CEBCB4
00CEBDB4
00CEBDB4
00CDBCB3
00CCBBB2
00CCBBB2
00CDBCB3
00CEBCB4
00CDBCB4
00CDBCB3
00CCBBB2
00CDBBB2
00CDBBB0
00CDBBB1
00CCBAB2
00CCBAB2
00CBBAB2
00CCBAB2
00CBB9B2
00CCBAB3
00CCBAB3
00CCBAB3
00CBB9B2
00CBB9B1
00CBBAB2
00CBB9B2
00CBB9B2
00CAB9B1
00CAB8B0
00C9B8B0
00C9B7AF
00CAB8B0
00C9B8B1
00C8B6AD
00C7B5AB
00C8B5AC
00C7B4AB
00C7B5AD
00C8B7B0
00C6B5AE
00C6B4AD
00C9B0A5
00CAB1A6
00C9B1A6
00CAB1A7
00C9B3AA
00CBB8B3
00CBBAB5
00CAB9B3
00CBB9B4
00CBBAB4
00CBB9B3
00CBB8B3
00CBB9B3
00CBB6AD
00CBB2A6
00CCB2A5
00CCB2A4
00CCB2A3
00CCB2A3
00CCB2A3
00CBB1A2
00CBB1A2
00CBB1A3
00CCB2A3
00CBB3A6
00CDBEBB
00CEC1BE
00CBBCB9
00CEC2C0
00CFC5C4
00CFC4C2
00CEC2C0
00CFC2C0
00CFC2C0
00CEC1BF
00CEC2BE
00CFC1BD
00CEBAAF
00CFBBAE
00CFBBAF
00D0BBAE
00CFBBAE
00CFBBAE
00CFBBAF
00D0BCAF
00CFBBB0
00CFBBB0
00D0BCB0
00D0BDB0
00D0C2BB
00D0C5C1
00D1C5C3
00D1C5C3
00D0C5C2
00D0C4C2
00D0C4C2
00D0C4C2
00CFC3C1
00CFC3C1
00D0C3C0
00CFBDB2
00D0BCB1
00D0BDB1
00D0BEB2
00D0BEB3
00D0BEB3
00CFBDB2
00CFBFB6
00D0C4C1
00D0C4C1
00D0C4C1
00D0C4C1
00D0C4C0
00D0BEB5
00D0BFB5
00D0BFB6
00CDBCB3
00CDBCB3
00CEBCB4
00CFBDB6
00CDBBB2
00CBB9AE
00CEBCB2
00CEBCB3
00CDBCB3
00CDBCB4
00CDBBB4
00CDBBB4
00CEBCB4
00CDBCB4
00CDBCB3
00CCBBB2
00CDBCB3
00CCBBB2
00CCBAB1
00CCBAB1
00CCBAB1
00CDBBB2
00CDBBB2
00CDBBB0
00CDBBB0
00CCBAB2
00CCBBB2
00CCBAB2
00CBBAB1
00CBBAB2
00CCBAB3
00CCBAB3
00CCBAB3
00CBB9B2
00CBB9B1
00CBB9B1
00CBB9B2
00CAB9B1
00CAB8B0
00CAB8B0
00C9B7AF
00C9B8AF
00C9B8B0
00C9B8B0
00C8B6AD
00C7B5AB
00C8B5AC
00C6B4AB
00C7B5AD
00C8B7B0
00C7B5AE
00C7B5AE
00C9B0A5
00C9B1A5
00C9B1A6
00CAB1A7
00C9B4AA
00CAB8B3
00CBBAB5
00CBB8B3
00CBB8B3
00CCB9B5
00CBB9B4
00CBB9B3
00CBB9B2
00CBB6AC
00CAB1A5
00CBB1A4
00CBB1A3
00CBB2A3
00CBB1A2
00CBB1A3
00CBB1A3
00CBB1A3
00CBB1A3
00CCB1A3
00CAB2A5
00CBBAB5
00CDC0BD
00CABBB8
00CCBFBC
00CEC3C1
00CFC3C1
00CEC1BE
00CDC0BE
00CDC0BD
00CDBFBD
00CDBFBC
00CEBFBB
00CEB9AF
00CEB9AC
00CFBAAE
00CFBBAE
00CEBAAD
00CFBAAE
00CFBAAE
00CFBBAE
00CFBAAE
00CFBAAE
00CFBBAF
00CFBCAF
00CFC1B9
00CFC3C0
00D0C4C2
00CFC4C1
00CFC3C1
00CFC3C1
00CFC3C1
00CFC3C1
00CFC3C0
00CEC3C0
00CFC3BF
00CEBDB3
00CFBCB0
00D0BCB1
00D0BDB2
00D0BEB2
00CFBDB2
00CFBDB2
00CFBEB4
00CFC3BF
00D0C4C1
00D0C4C1
00D0C4C1
00D0C5C1
00D0BEB5
00D1BFB4
00D0BFB7
00CDBCB3
00CDBCB3
00CDBCB3
00CDBCB4
00CCBAB1
00CBB9AE
00CDBBB0
00CDBBB3
00CCBBB3
00CDBCB4
00CDBCB4
00CEBCB4
00CEBCB4
00CEBCB4
00CDBCB2
00CCBBB3
00CCBBB2
00CDBBB2
00CDBAB1
00CDBAB2
00CCBAB2
00CDBBB3
00CCBBB1
00CCBAAF
00CDBBB1
00CCBBB3
00CBBAB2
00CCBBB2
00CBBAB1
00CCBAB2
00CCBAB3
00CCBAB3
00CCBAB3
00CBB9B2
00CBB9B1
00CAB8B1
00CBB9B2
00CBB9B2
00CAB8B0
00C9B7AF
00C8B6AE
00C9B7AF
00C9B7AF
00C9B7AF
00C8B6AE
00C7B5AB
00C7B4AA
00C6B3A9
00C7B5AD
00C9B7B0
00C6B4AD
00C6B4AD
00C8AFA4
00C9B1A5
00C9B1A5
00CAB1A7
00C9B3AA
00CAB7B2
00CAB9B3
00CAB8B2
00CAB7B2
00CBB8B3
00CAB7B2
00CAB7B1
00C9B7B1
00CAB4AB
00CAB1A4
00CBB1A3
00CBB1A3
00CAB0A2
00CAB0A2
00CAB0A2
00CAB0A3
00CAB0A2
00CAB0A2
00CBB1A3
00CBB2A5
00CAB9B3
00CCBDBA
00CABAB6
00CBBBB8
00CCC0BD
00CDC1BF
00CCBFBD
00CCBFBC
00CDBFBC
00CDBEBB
00CCBDBA
00CDBEBA
00CDB9AF
00CEB8AC
00CFB9AD
00CEBAAD
00CEBAAE
00CEBAAD
00CEBAAD
00CFBAAE
00CFBAAD
00D0BAAE
00CFBBAE
00CFBCAF
00CFC1BA
00CFC2BE
00CFC3C1
00D0C4C2
00CFC3C1
00CFC3C1
00D0C3C2
00D0C4C2
00CFC3C1
00CFC3BF
00D0C4C0
00CFBEB4
00D0BCB1
00D0BDB2
00D0BDB2
00CFBDB2
00D0BEB2
00CFBDB2
00CEBDB3
00CFC2BD
00D1C5C2
00D1C5C3
00D0C5C2
00D1C6C3
00D0C0B7
00D1BEB4
00D0BFB8
00CDBCB4
00CDBCB3
00CDBCB3
00CFBDB6
00CDBBB2
00CAB8AD
00CDBBB1
00CDBCB3
00CDBCB3
00CDBCB3
00CDBBB3
00CDBBB4
00CDBBB4
00CDBCB4
00CDBCB2
00CCBBB2
00CBBAB1
00CCBAB1
00CCBAB0
00CCB9B1
00CCB9B1
00CCBAB2
00CCBAB1
00CCB9B0
00CBB9B1
00CCBBB2
00CBBAB1
00CBB9B1
00CBB9B1
00CBB9B1
00CBBAB2
00CBBAB1
00CBBAB2
00CBBAB2
00CBB9B1
00CAB8B0
00CBB8B1
00CAB8B1
00C9B8B0
00C8B6AE
00C8B5AE
00C8B5AE
00C8B6AE
00C9B7B0
00C8B6AE
00C7B4AB
00C7B4AA
00C6B3A9
00C6B4AB
00C8B6B0
00C6B4AD
00C5B3AC
00C7AEA4
00C7AFA3
00C9B1A5
00C9B1A5
00C9B2A8
00C9B6B0
00CAB7B2
00C9B6B1
00C9B6B1
00C9B6B1
00C9B6B0
00C9B6AF
00C9B7B0
00CAB4AB
00CAB0A3
00CAB1A3
00CBB1A4
00CAB0A3
00CAB0A2
00CAB0A2
00CAB0A3
00CBB1A3
00CBB1A3
00CBB1A3
00CAB2A5
00CAB9B3
00CCBDB9
00CCBCB8
00CABAB5
00CCBFBD
00CDC1BF
00CCC0BE
00CCBFBC
00CCBEBA
00CAB9B3
00CDBEBA
00CCBDBA
00CDB9AF
00CEB8AB
00CFBAAD
00CEBAAD
00CFBAAE
00CFBAAE
00CFBAAE
00CFBAAE
00CFB9AC
00CFBAAD
00CFBBAF
00CFBCB0
00D0C1BB
00CFC3C0
00D0C4C2
00D1C5C3
00D0C4C2
00D0C4C2
00D0C4C3
00D1C5C3
00D0C5C2
00CFC4C0
00D1C5C2
00CFBEB5
00CFBCB1
00D0BDB2
00D1BDB2
00D0BDB2
00CFBDB2
00D0BEB3
00CFBDB3
00D0C2BE
00D0C5C2
00D0C4C2
00D0C4C2
00D1C6C3
00D0BFB8
00D0BDB4
00D0BFB8
00CDBBB4
00CDBBB4
00CCBBB2
00CEBCB4
00CCBAB1
00C9B7AD
00CCBAB0
00CDBBB3
00CDBCB3
00CDBCB3
00CDBBB3
00CDBBB4
00CCBAB3
00CDBCB3
00CCBBB2
00CDBBB2
00CBBAB1
00CBB9AF
00CBB9AF
00CBB8B0
00CBB8B0
00CCBAB1
00CBB9B1
00CCB9B1
00CBB8B0
00CCBAB1
00CBB9B1
00CBB9B1
00CBB9B1
00CAB9B0
00CBBAB2
00CBBAB1
00CBB9B1
00CAB9B0
00CAB9B0
00CAB8AF
00CAB7AF
00C9B7AF
00C8B7AF
00C7B6AE
00C7B4AD
00C7B5AD
00C8B6AE
00C9B7AF
00C7B5AD
00C6B4AB
00C6B4AA
00C6B3A9
00C6B4AB
00C8B6AF
00C6B4AD
00C5B3AC
00C8AFA5
00C8AFA4
00C9B0A5
00C9B0A5
00C8B2A8
00C9B5B0
00CAB7B2
00C9B6B1
00C9B6B1
00C9B6B1
00C9B6B1
00CAB7B0
00CAB7B0
00CAB4AB
00CAB1A4
00CAB1A4
00CAB1A3
00CBB1A4
00CBB1A4
00CBB1A3
00CBB0A3
00CCB2A5
00CCB2A5
00CBB2A4
00CAB2A5
00CAB9B3
00CCBEBB
00CCBEBC
00CABBB7
00CDC0BE
00CEC2C0
00CEC2C0
00CDC0BE
00CDC0BC
00C9B8B2
00CDBFBC
00CDBFBB
00CDB9AF
00CEB8AB
00CFBAAD
00CEBBAE
00CEBBAE
00CFBBAE
00CFBBAE
00D0BAAE
00D0BAAD
00CFB9AD
00CEBAAE
00CFBBB0
00D0C1BA
00CFC3C1
00D0C4C2
00D0C4C2
00D0C4C2
00D0C4C2
00D0C4C2
00D0C5C3
00D0C4C2
00CFC3C0
00D1C5C2
00CFBFB6
00CEBCB1
00D0BCB1
00D1BDB1
00D0BDB1
00CFBDB1
00D0BEB2
00CFBDB2
00D0C2BE
00D0C4C2
00D0C4C2
00D0C5C3
00D1C6C4
00D0C0B8
00D0BDB3
00CFBFB7
00CCBBB4
00CDBCB4
00CCBBB2
00CEBCB4
00CCBBB2
00CBB9AF
00CDBAB1
00CCBAB2
00CCBAB2
00CCBAB2
00CCBAB2
00CBB9B2
00CCBAB3
00CCBAB2
00CCBBB2
00CCBBB3
00CBB9B0
00CAB8AE
00CBB8AE
00CBB8AF
00CBB8B0
00CBB9B0
00CBBAB1
00CBB9AF
00CBB8B0
00CCB8B1
00CAB7B0
00CBB8B0
00CAB8B0
00CAB9B1
00CBB9B1
00CBB9B1
00CBB9B1
00CAB8B0
00CAB8AF
00CAB7AF
00C9B7AF
00C9B7AF
00C7B6AE
00C8B6AE
00C8B6AE
00C8B5AE
00C7B5AE
00C8B6AF
00C7B5AD
00C6B3AA
00C6B3AA
00C6B2A9
00C5B3AA
00C7B5AE
00C4B2AB
00C4B2AB
00C8B0A6
00C8AFA5
00C8AFA5
00C8B0A5
00C8B1A8
00C9B6B0
00CAB7B3
00C9B6B2
00C9B7B2
00C9B7B2
00CAB7B2
00C9B7B1
00CAB7B2
00CAB5AC
00CAB1A4
00CBB1A4
00CBB1A4
00CBB1A4
00CAB1A3
00CAB0A3
00CBB1A4
00CCB2A6
00CBB2A5
00CBB3A5
00CAB3A7
00CBB9B3
00CCBDBA
00CDC0BE
00C9BAB6
00CCBFBC
00CEC2C0
00CEC2C0
00CDC0BF
00CDC0BE
00C8B7B1
00CDBEBB
00CDBEBB
00CDB9B0
00CEB7AB
00CEBAAD
00CEBBAE
00CEBBAE
00CEBAAD
00CEBAAE
00D0BAAE
00CFB9AD
00CFB9AD
00CFBAAE
00CEBBAF
00D0C0B9
00CFC3C1
00D0C4C2
00D0C5C3
00D0C4C2
00D1C5C3
00D0C4C2
00D0C4C2
00D0C4C2
00CFC3C0
00D0C4C2
00CEBEB6
00CFBBB0
00D0BCB0
00D0BDB1
00CFBCB1
00CFBDB2
00CFBEB2
00CEBCB1
00CFC2BD
00D0C4C2
00CFC3C1
00CFC3C1
00D0C4C3
00CFBFB8
00CFBCB1
00CFBEB5
00CCBBB4
00CBBAB1
00CCBBB1
00CDBCB3
00CDBBB3
00CDBBB3
00CDBBB1
00CCBAB0
00CAB7AD
00CAB7AE
00CCB9B1
00CBB9B1
00CCBAB2
00CBBAB2
00CCBBB2
00CCBAB2
00CAB8B0
00CAB7AE
00CAB8AE
00CAB7AD
00C9B6AD
00CBB9B0
00CAB9AF
00CBB9AD
00CCB9B0
00CBB8B1
00CAB7B0
00CBB8B0
00CBB9B0
00CAB9B0
00CBBAB2
00CBB9B1
00CBB9B1
00CAB8B1
00CAB8B0
00C9B7AF
00C9B7AF
00C9B7AF
00C8B6AE
00C8B6AE
00C8B5AE
00C7B5AE
00C7B6AF
00C8B6AF
00C6B4AC
00C5B2AA
00C6B3A9
00C5B2A8
00C5B2A9
00C6B4AE
00C4B2AB
00C3B1AA
00C8B1A7
00C8AFA5
00C8AFA5
00C8AFA5
00C8B1A7
00C9B6B0
00CAB7B2
00C9B7B2
00C9B7B2
00C9B7B2
00CAB7B2
00C9B6B1
00C9B7B1
00CAB5AC
00CAB1A4
00CAB1A5
00CBB1A4
00CBB1A3
00CAB0A2
00CAB0A2
00CAB1A4
00CCB1A4
00CBB2A4
00CAB3A5
00CAB3A7
00CBBAB4
00CBBCB8
00CEC1BF
00CABBB8
00CABDBA
00CEC2C0
00CDC1C1
00CDC0BF
00CDC0BE
00C8B7B2
00CCBEBA
00CCBDBA
00CDB9B0
00CDB7AB
00CDB9AC
00CEBAAE
00CEBAAE
00CEBAAD
00CEBAAD
00CEBAAE
00CFB9AD
00CFB9AC
00CFBBAE
00CEBAAD
00CFBEB7
00CEC2C0
00CEC3C1
00CFC4C1
00CFC3C1
00CFC3C1
00CFC3C1
00CFC3C1
00CFC3C1
00CEC1BF
00CFC3C1
00CFBEB6
00CFBBB0
00CFBCB0
00CFBCB1
00CFBCB1
00CEBDB1
00CFBDB2
00CEBCB1
00CFC1BC
00D0C4C2
00CFC3C1
00CFC3C1
00D1C5C3
00CFC0BA
00CFBCB1
00CFBEB6
00CDBCB5
00CBBAB2
00CBBAB0
00CBB9B0
00CAB9B1
00CAB8AE
00CBB8AE
00CBB9AE
00CAB7AB
00CAB7AD
00CBB9B0
00CAB8B0
00CBB9B1
00CBBAB2
00CBBAB2
00CBB9B1
00CAB7AF
00C9B6AD
00C9B7AD
00CAB7AD
00C9B6AD
00CAB8B0
00CAB8AE
00CAB8AD
00CBB8AE
00CAB8AF
00CAB7AF
00CAB8AF
00C9B8AF
00CAB8B0
00CAB9B0
00CAB9B0
00CAB8B0
00C9B8B0
00C9B7AF
00C9B6AE
00C9B7AF
00C8B7AF
00C8B6AE
00C8B5AE
00C8B5AE
00C7B5AE
00C7B5AE
00C7B5AE
00C6B4AC
00C5B2A8
00C6B2A8
00C6B1A7
00C5B1A8
00C5B3AD
00C3B1AA
00C3B1AA
00C8B0A6
00C8AFA5
00C8AFA5
00C8AFA5
00C8B0A6
00C9B5AF
00C9B7B2
00C8B7B2
00C8B6B2
00C9B7B2
00C9B6B1
00C9B6B0
00C9B7B1
00CAB4AB
00CAB0A3
00CAB0A4
00CAB0A4
00CAB0A2
00CAB0A2
00CAB0A3
00CAB0A4
00CBB1A4
00C9B1A3
00C9B2A3
00CAB2A5
00CBB9B2
00CBBCB8
00CDC0BE
00CABDBA
00C9BBB7
00CCC0BE
00CDC1C0
00CCC0BE
00CCBFBD
00C8B7B1
00CCBCB9
00CBBCB8
00CCB8AE
00CCB6AA
00CDB8AC
00CDBAAD
00CDB9AE
00CEBAAE
00CEBAAE
00CEBAAE
00CFB9AC
00CFB9AD
00CEBAAE
00CDBAAC
00CEBDB5
00CEC2BF
00CEC3C0
00CFC3C1
00D0C4C2
00D0C4C2
00D0C4C2
00CFC5C2
00CFC4C2
00CFC2C0
00D0C4C1
00CFBFB9
00CFBCB0
00CFBCB0
00CEBCB1
00CFBDB2
00CEBDB1
00CFBDB2
00CEBCB1
00CFC1BC
00D0C4C2
00CFC3C1
00D0C4C2
00D0C5C3
00CFC1BB
00CEBCB0
00CFBFB6
00CCBBB5
00CBB9B0
00CBB9B0
00CBB9B0
00CAB9B0
00CAB8AF
00CBB9AF
00CCB9AF
00C9B6AB
00CAB7AC
00CAB8AF
00CAB7AF
00CAB8B1
00CAB9B2
00CAB9B1
00CAB8B0
00CAB7AE
00C9B6AC
00C9B6AC
00C9B6AC
00C9B6AD
00CAB7AF
00CAB8AE
00CAB7AC
00CAB8AD
00CAB7AF
00CAB7AF
00C9B8AF
00C9B8AF
00CAB7AF
00CAB8B0
00CAB8B0
00C9B8B0
00C8B6AF
00C9B6AE
00C9B6AE
00C8B6AE
00C7B5AD
00C7B4AD
00C8B5AD
00C7B4AD
00C7B4AD
00C7B5AD
00C6B5AE
00C6B3AB
00C4B2A7
00C6B1A7
00C5B0A6
00C4B0A8
00C5B2AC
00C2B0AA
00C3B0A9
00C8AFA5
00C8AFA5
00C7AEA3
00C8AFA4
00C7B0A6
00C7B4AF
00C8B6B2
00C8B6B1
00C8B6B1
00C8B5B0
00C8B5B0
00C7B5AF
00C8B6AF
00C9B4AA
00C9AFA3
00C9B0A4
00CBB1A4
00CAB0A2
00CAB0A2
00CAB0A3
00CAB0A4
00CAB0A4
00C9B0A3
00C9B1A4
00CAB2A5
00C9B6AE
00CBBBB6
00CCBFBC
00CBBEBB
00C8BAB6
00CBBFBC
00CDC1C0
00CCBFBE
00CDC0BD
00C9B7B1
00CCBEBA
00CBBCB8
00CDBAB0
00CCB7AA
00CCB8AC
00CDB9AD
00CDB9AD
00CDBAAC
00CEBAAD
00CEB9AD
00CEB8AC
00CDB8AC
00CEBAAE
00CDBAAD
00CEBEB6
00CFC3C1
00CFC4C2
00D0C4C2
00D0C4C2
00D0C5C3
00CFC4C2
00CFC4C2
00CFC5C2
00CFC3C0
00CFC4C2
00CFC0B9
00CEBCB0
00CEBCB1
00CEBCB1
00CEBCB1
00CEBCB1
00CEBDB1
00CDBBB0
00CFC1BC
00D0C5C3
00CFC3C1
00CFC4C1
00CFC5C3
00CFC2BD
00CEBBB0
00CFBEB5
00CCBBB5
00CAB8B0
00CAB8B0
00CBB9B1
00CBBAB2
00CAB9B1
00CCBAB0
00CBB9AF
00C8B4A9
00C8B4AA
00C9B7AE
00C9B7AF
00C9B7B0
00CAB8B1
00CAB9B1
00CAB8B0
00CAB6AE
00C9B5AA
00C9B5AA
00C9B6AC
00C8B5AD
00C9B6AE
00CAB7AE
00C9B6AB
00CAB7AC
00C9B6AE
00C9B6AE
00CAB7AF
00C9B7AE
00CAB7AF
00CAB7AF
00C9B7AF
00C9B7AF
00C9B7AF
00C9B6AE
00C8B5AD
00C8B5AD
00C8B5AD
00C8B4AD
00C8B5AD
00C7B4AC
00C6B3AB
00C6B4AD
00C6B4AD
00C5B3AB
00C4B0A8
00C5B1A8
00C4AFA7
00C3AFA8
00C4B2AC
00C3B1AA
00C3B0A9
00C7AEA4
00C6AEA4
00C7AEA3
00C7AFA3
00C7B0A6
00C7B5AE
00C8B6B1
00C8B6B2
00C8B6B1
00C9B6B1
00C9B6B1
00C8B5B0
00C8B5B0
00CAB4AC
00C9B0A4
00C9B1A4
00CAB0A4
00CAB0A2
00C9B0A2
00C9B0A3
00C9B1A4
00C9B0A3
00C9B1A4
00C9B1A4
00C9B1A4
00C9B7AF
00CAB9B4
00CCBFBC
00CDC1BF
00C8BBB7
00CBBEBC
00CDC2C1
00CDC1BF
00CDC0BE
00C8B7B2
00CDBFBC
00CBBCB8
00CDBAB0
00CCB7AC
00CCB9B0
00CEBEB7
00CEBEB6
00CEBFB7
00CFBEB8
00D0C0BA
00D0C1BB
00D0C2BC
00D0C2BD
00D1C2BD
00D1C2BF
00D0C4C1
00CFC2C0
00CFC3C0
00D0C4C2
00D0C5C3
00CFC5C2
00CEC4C2
00CFC4C2
00CEC2C0
00CFC4C2
00CEC0BC
00CDBBAF
00CFBCB0
00CEBCB0
00CEBCB1
00CEBCB1
00CEBCB0
00CCBAAE
00CFC0BA
00D0C5C3
00CFC3C1
00CFC4C2
00CFC5C3
00CFC2BD
00CDBAAF
00CEBDB4
00CCBBB4
00CAB8B0
00CAB8B0
00CBB8B0
00CAB8B0
00CAB9B0
00CAB8AD
00CAB7AC
00C7B3A8
00C8B3A8
00C9B6AD
00CBBAB3
00CBB9B3
00C9B8B1
00C8B8B0
00C9B6AE
00CAB6AE
00C9B5AA
00C9B5AA
00C9B5AC
00C8B5AD
00C9B6AD
00C8B6AB
00C9B6AB
00C9B6AC
00C8B5AD
00C8B5AD
00C9B6AE
00C9B6AE
00C9B6AE
00C9B6AE
00C9B7AF
00C9B7AF
00C8B7AE
00C8B6AE
00C8B5AD
00C8B5AD
00C7B4AD
00C7B4AD
00C7B4AD
00C6B3AC
00C6B3AB
00C6B3AB
00C5B3AB
00C4B2AB
00C4B0A8
00C3B0A8
00C3AFA7
00C2AFA7
00C2B0A9
00C1AFA8
00C2AFA8
00C7AEA4
00C7AEA4
00C6AEA3
00C6AEA3
00C6AFA5
00C8B5AF
00C8B6B2
00C9B6B2
00C9B6B1
00C9B6B1
00C9B6B1
00C8B5B0
00C8B5B0
00C9B4AB
00C9B1A5
00C9B1A4
00CAB0A2
00C9B0A3
00C9B1A3
00C9B1A4
00CAB1A4
00C9B0A2
00C9B1A4
00C9B1A5
00C9B1A6
00CAB7B1
00C9B9B3
00CBBDBA
00CDC2C0
00C8BBB8
00CABCB9
00CEC1C0
00CDC1C0
00CDC0BF
00C8B7B2
00CDC0BF
00CBBCB8
00CBB8AF
00CDBAB0
00CDBFBB
00CDBFBB
00CCBEBA
00CCBEBA
00CDBEBA
00CDBFBC
00CDBFBC
00CDBEBB
00CDBFBB
00CDBFBA
00CDBEB8
00CCBDB8
00CCBDB8
00CCBFBA
00CEC2BF
00CFC4C2
00CFC4C2
00CFC3C1
00CEC3C1
00CDC1BF
00CEC3C0
00CEC0BB
00CEBBAE
00CFBCAF
00CEBBAF
00CEBBB0
00CEBCB0
00CEBCAF
00CCBAAE
00CDBFB9
00CEC2C0
00CDC2BF
00CDC2C0
00CEC3C1
00CEC2BE
00CCBAAF
00CDBCB3
00CBBAB3
00C9B7AF
00C9B6AE
00CAB7AF
00CAB8AF
00CAB8AF
00CAB8AD
00C9B6AB
00C7B3A7
00C7B3A8
00CBB9B1
00CCBBB4
00CBBBB4
00CABAB4
00C9B8B0
00C8B5AC
00C8B5AB
00C8B3A9
00C7B3A8
00C9B4AB
00C7B4AB
00C8B5AC
00C8B5AB
00C8B5AA
00C9B6AB
00C8B5AC
00C7B4AC
00C7B4AC
00C8B5AD
00C8B5AD
00C8B5AD
00C9B6AE
00C8B5AD
00C8B6AD
00C7B4AC
00C7B4AC
00C6B4AB
00C6B3AB
00C6B3AB
00C6B3AB
00C5B2AA
00C4B1A9
00C5B2AA
00C4B1A9
00C3B0A9
00C4B0A9
00C3B0A8
00C3B0A8
00C2AFA7
00C1AEA6
00C1AEA6
00C1AEA6
00C7AEA4
00C6AEA3
00C6AEA3
00C6AEA2
00C6AFA4
00C7B4AE
00C8B5B0
00C9B6B1
00C9B6B1
00C9B6B1
00C9B6B1
00C8B5B0
00C8B5AF
00C8B3AA
00CAB2A5
00C9B2A4
00C9B1A3
00C9B1A3
00C8B0A3
00C8B0A4
00CAB0A5
00CAB0A3
00C9B0A3
00C9B1A5
00C9B1A5
00C9B6B0
00C9B9B3
00C9BBB7
00CEC2C0
00CABDBA
00C8BBB7
00CCC0BF
00CDC1C0
00CDC1C0
00C9B7B2
00CDC0BE
00CCBEBA
00CAB8AF
00CCB9B1
00CDBFBC
00CBBDB9
00CBBCB8
00CBBBB7
00CCBCB6
00CCBCB7
00CCBCB8
00CBBBB7
00CBBCB6
00CCBDB7
00CCBDB7
00CDBDB7
00CDBEB8
00CCBEB9
00CDC0BD
00CFC3C1
00CEC3C1
00CEC2C1
00CEC2C1
00CDC1BE
00CDC2BF
00CEC0BC
00CDBAAD
00CEBAAE
00CEBAAF
00CEBBAF
00CEBBAF
00CEBBAE
00CCBAAE
00CCBDB6
00CEC3C0
00CDC1BF
00CDC2C0
00CEC3C0
00CEC2BF
00CBBBB1
00CEBCB2
00CBBAB3
00C8B6AD
00C9B6AD
00C9B6AE
00CAB7AF
00C9B7AE
00C9B7AC
00C9B5AA
00C7B2A6
00C8B3A8
00CBB9B1
00CBBCB6
00CABCB6
00CABBB5
00C8B7AF
00C7B4AC
00C8B5AA
00C8B4A9
00C8B4A9
00C7B3A9
00C7B3AA
00C8B5AB
00C7B4AB
00C8B5AA
00C9B6AA
00C7B5AB
00C7B4AB
00C7B4AC
00C7B4AC
00C7B4AC
00C7B4AD
00C7B5AD
00C7B4AC
00C7B4AC
00C6B3AB
00C6B3AB
00C6B3AA
00C6B2AA
00C5B2AA
00C4B2AA
00C4B1A9
00C4B0A8
00C4B1A9
00C3B0A8
00C2AFA7
00C3B0A8
00C3B0A9
00C2AFA8
00C1AFA7
00C1AEA6
00C1AEA6
00C0AEA5
00C6AEA4
00C7AEA4
00C6ADA3
00C6AEA2
00C5AEA3
00C7B3AE
00C7B4AF
00C8B5B1
00C8B5B0
00C9B6B1
00C9B6B1
00C8B5AF
00C8B5AF
00C8B4AA
00C9B1A5
00C9B1A5
00CAB1A4
00CAB1A3
00C7B0A2
00C7AFA3
00C9B0A4
00CAB0A3
00C9B0A3
00C8B0A3
00C8B0A4
00C8B5AD
00C8B8B2
00C7B6B2
00CCC0BE
00CABEBB
00C6B8B5
00CABDBB
00CBBFBE
00CABBB7
00C7B3AC
00CCBEBC
00CCBFBD
00C9B7AF
00CAB7AE
00CCBEBA
00CCBDBA
00CBBCB9
00CCBCB7
00CCBCB6
00CCBCB7
00CCBDB9
00CBBCB8
00CBBBB5
00CCBDB7
00CCBDB7
00CCBDB7
00CCBDB7
00CCBEB9
00CCBFBB
00CEC2C0
00CEC2C1
00CEC2C1
00CEC2C1
00CCC0BD
00CDC1BE
00CEC1BC
00CCB8AC
00CDBAAD
00CEBAAE
00CEBAAF
00CEBBAE
00CEBBAE
00CCB9AD
00CCBCB4
00CEC2C0
00CDC2C0
00CEC4C1
00CDC4C1
00CFC3C1
00CEBDB4
00CEBDB3
00CABBB4
00C8B5AD
00C8B5AD
00C8B5AC
00C9B5AD
00C9B6AD
00C9B7AB
00CAB6AA
00C7B2A5
00C7B2A7
00CAB9B2
00CCBCB6
00CBBCB6
00CBBCB6
00C8B7B0
00C8B5AD
00C8B5AB
00C7B3AA
00C7B3A9
00C8B4A9
00C8B4A9
00C7B5AB
00C7B4AB
00C6B3A9
00C8B5AA
00C7B5AB
00C6B3AA
00C7B3AB
00C7B4AC
00C6B3AB
00C6B3AB
00C7B4AB
00C6B3AA
00C5B2AA
00C4B1A9
00C5B2AA
00C5B2AA
00C5B1A9
00C4B1A9
00C4B0A8
00C4B0A8
00C3B0A8
00C4B0A8
00C2AFA8
00C2AFA8
00C3B0A8
00C3B0A9
00C2AFA8
00C2AEA7
00C1AEA7
00C1AEA6
00C1AEA6
00C6AEA3
00C6ADA3
00C6ADA2
00C5ADA1
00C5ADA2
00C6B3AC
00C6B3AE
00C7B4AF
00C7B4AF
00C7B4AF
00C7B4AF
00C6B3AE
00C6B4AE
00C7B2A9
00C8B0A3
00C9B1A4
00CAB1A5
00C9AFA3
00C8AFA2
00C8AFA2
00C9AFA3
00C9AFA2
00C9B0A2
00C8AFA2
00C7AFA2
00C8B5AD
00CCBBB7
00C8B7B1
00CBBDBA
00CCC0BF
00C7B9B7
00C8BBB8
00CBBEBC
00C5B3AC
00C4AFA7
00C9BBB7
00CDC1C0
00C8B7B1
00C9B6AE
00CABBB7
00CCBEBB
00CBBCB9
00CBBCB7
00CCBCB7
00CBBCB6
00CBBDB7
00CCBCB9
00CCBDB8
00CDBEB9
00CBBDB8
00CBBDB8
00CBBDB7
00CCBEB9
00CCBFBC
00CEC3C1
00CEC4C3
00CEC3C3
00CEC3C3
00CDC1C0
00CDC3C0
00CFC4C1
00CCB9AE
00CDBAAD
00CEBBAF
00CEBAAF
00CEBBAE
00CEBBAE
00CCBAAC
00CCBBB3
00CFC3C1
00CEC3C1
00CEC4C1
00CEC5C2
00CFC5C3
00CEBEB6
00CEBCB3
00CBBDB7
00C8B6AE
00C9B6AE
00C9B6AD
00C8B5AD
00C9B6AE
00C9B6AC
00CAB5AA
00C7B1A5
00C7B1A5
00C9B8B0
00CBBCB6
00CABCB6
00CBBBB5
00C8B7AF
00C7B5AD
00C7B4AC
00C6B2AA
00C6B2A9
00C7B3A9
00C7B3A9
00C7B4AB
00C6B3AB
00C6B3A8
00C8B4A8
00C8B5AB
00C6B2AA
00C7B2A9
00C7B3AA
00C6B2AA
00C5B2AA
00C6B2A9
00C5B2A8
00C5B1A9
00C5B1A9
00C5B1A9
00C5B1A9
00C5B1A8
00C4B0A8
00C3B0A8
00C4AFA7
00C3AFA7
00C3B0A8
00C3B0A9
00C3B0A9
00C3B0A9
00C2AFA8
00C2AFA8
00C2AFA8
00C2B0A8
00C2AFA8
00C2AFA8
00C5ACA1
00C5ADA2
00C6ADA1
00C6ADA1
00C5ACA1
00C7B4AD
00C7B5B0
00C6B3AF
00C6B4AF
00C7B4AF
00C7B4AF
00C6B3AD
00C6B3AD
00C7B1A8
00C7AEA2
00C8AFA3
00C9AFA3
00C8AEA2
00C8AFA1
00C9AEA0
00C8AEA0
00C8AEA0
00C8AEA1
00C8AD9F
00C7AEA1
00C8B4AC
00C9B9B3
00C9B9B4
00C8B9B6
00CCC1C1
00CABEBC
00C7BAB7
00CCBFBD
00C7B4AE
00C5B0A7
00C9B9B5
00CDC2C1
00CABAB4
00CAB7AF
00CABAB5
00CDBFBC
00CCBDBA
00CCBCB9
00CCBDB7
00CBBCB6
00CBBCB7
00CCBDB9
00CCBDBA
00CCBDBA
00CCBDB9
00CCBDB9
00CBBDB8
00CCBEBA
00CBBFBC
00CEC3C2
00CEC4C4
00CEC4C4
00CEC3C3
00CCC2C0
00CDC2C0
00CEC3BF
00CCB9AD
00CCB9AC
00CEBAAE
00CEBAAE
00CDBAAD
00CEBBAE
00CDBAAD
00CBBAB1
00CEC3C1
00CEC3C1
00CDC4C1
00CDC4C3
00CFC5C5
00CEBFB8
00CEBCB2
00CCBEB9
00C7B6AE
00C7B4AC
00C7B4AC
00C7B4AC
00C8B4AD
00C8B5AB
00C8B4A8
00C6B1A5
00C7B1A5
00C8B8B0
00CABBB5
00CABAB5
00CABBB5
00C7B5AD
00C5B2AA
00C6B2AA
00C6B3AA
00C5B1A8
00C6B1A8
00C6B1A7
00C6B2AA
00C6B2AA
00C7B3A8
00CAB5A9
00C8B4A9
00C6B1A8
00C6B1A9
00C6B1A9
00C5B1A9
00C5B1A9
00C5B1A8
00C5B1A7
00C5B1A9
00C5B1A9
00C5B1A9
00C5B1A9
00C4B0A8
00C3B0A8
00C3AFA7
00C3AFA7
00C2AFA7
00C2AEA7
00C3B0A9
00C2B1A9
00C2B0A9
00C2AFA8
00C2AFA8
00C2B0A9
00C2AFA8
00C2B0A8
00C1AFA8
00C5ABA0
00C5ACA1
00C5ACA1
00C6ACA0
00C5AB9F
00C7B3AD
00C7B6B2
00C6B4AF
00C6B4B0
00C6B4B0
00C7B5B1
00C7B3AE
00C6B3AE
00C7B1A8
00C7AEA1
00C8AEA2
00C9AFA3
00C9AFA2
00C8AFA1
00C9AFA1
00C8AEA0
00C8AEA0
00C8AEA0
00C7AEA0
00C8AEA1
00C8B3AB
00C7B7B1
00CBBCB8
00C7B8B5
00CBC0BE
00CDC3C3
00C8BCB9
00CBC0BD
00C7B4AF
00C5B0A7
00C9B9B3
00CCBFBD
00CBBCB7
00CAB7B0
00CABAB4
00CBBEBA
00CCBEBB
00CCBCB9
00CCBDB8
00CCBDB7
00CBBCB7
00CCBDBA
00CCBDBA
00CCBDB9
00CCBDB9
00CCBDB9
00CBBDB8
00CBBEBA
00CBBFBB
00CDC2C1
00CEC4C4
00CFC5C5
00CEC4C3
00CDC1C0
00CDC1BF
00CDC1BE
00CCB9AD
00CCB6AA
00CDB9AD
00CDBAAD
00CDBAAD
00CDBAAD
00CCB9AD
00CBBAB0
00CFC4C2
00CEC3C1
00CEC4C2
00CDC4C3
00CEC4C4
00CEC1BD
00CDBBB0
00C9B9B2
00C6B4AD
00C6B4AB
00C7B4AC
00C7B3AB
00C6B3AB
00C6B4AA
00C7B4A9
00C6B2A8
00C6B2A7
00C9B7B0
00CABBB5
00C9BAB5
00CABAB4
00C6B4AC
00C4B0A8
00C4B0A8
00C5B1A9
00C5B0A8
00C5B0A7
00C4B0A7
00C6B2A9
00C6B3A9
00C6B2A7
00C8B2A6
00C7B3A8
00C5B1A7
00C6B1A9
00C5B1A9
00C4B1A9
00C4B1A9
00C5B1A8
00C5B0A8
00C4B0A7
00C5B0A8
00C5B0A8
00C4B0A8
00C3AFA7
00C2AFA7
00C2AFA7
00C1AEA6
00C2AFA7
00C2AFA7
00C3B0A9
00C2B0A9
00C2B0A9
00C2B0A9
00C2B0A9
00C1AFA8
00C1AFA8
00C1AFA8
00C1AFA8
00C5ABA0
00C5ACA0
00C6ACA0
00C6AC9F
00C5AB9F
00C7B2AB
00C8B6B4
00C6B5B1
00C6B5B2
00C7B5B1
00C8B5B1
00C7B4AF
00C6B4AE
00C7B2AA
00C7AEA1
00C8AFA2
00C8AFA2
00C8AEA1
00C8AFA1
00C8AEA0
00C8AEA1
00C9AFA1
00C8AEA0
00C7ADA0
00C8AEA0
00C9B3AB
00C7B7B2
00CABBB8
00C7B8B5
00C7BAB7
00CDC3C2
00CBBFBE
00CABEBC
00C6B4AD
00C4AFA6
00C9B9B4
00CBBDBA
00CBBCB6
00C9B7AF
00CAB9B3
00CABCB8
00CCBFBC
00CBBCB8
00CABBB6
00CABBB5
00CABBB7
00CBBCB8
00CBBCB9
00CBBCB8
00CBBDB7
00CBBDB7
00CBBDB8
00CCBDBA
00CBBEBB
00CCC1C0
00CDC3C3
00CEC3C3
00CEC3C3
00CCC1BF
00CCC1BE
00CDC1BF
00CCB9AF
00CBB6A9
00CBB8AB
00CCB9AC
00CCB9AC
00CDBAAD
00CCB8AC
00CAB7AC
00CEC2BF
00CBC1C1
00CCC2C2
00CCC3C2
00CCC3C3
00CFC5C4
00CCBDB7
00C9BAB4
00C7B5AE
00C7B4AB
00C6B3AB
00C7B4AC
00C6B4AB
00C7B4AB
00C7B5AC
00C7B4AB
00C6B3AB
00C9B7B0
00CABBB5
00C9BBB5
00CABBB5
00C7B5AD
00C3B0A8
00C4B0A8
00C4B0A8
00C4B0A8
00C5B0A8
00C5B0A8
00C5B1A8
00C5B2A8
00C6B2A6
00C9B3A7
00C8B4A9
00C5B0A8
00C5B0A8
00C4B1A9
00C4B1A9
00C4B1A9
00C4B0A8
00C5B0A8
00C5B0A8
00C4AFA7
00C3AEA6
00C3AEA6
00C3AEA6
00C2AEA6
00C2AEA6
00C2AEA6
00C2AFA7
00C2AFA7
00C4B2AB
00C3B1AA
00C3B1AA
00C3B0A9
00C2B0A9
00C2AFA9
00C1AFA8
00C1AFA8
00C1AFA8
00C5AB9F
00C5ABA0
00C5AB9F
00C5AB9F
00C5AA9E
00C5B0A9
00C8B7B4
00C6B5B2
00C6B5B2
00C6B5B1
00C7B5B1
00C7B4B0
00C6B3AE
00C6B2AA
00C6ADA1
00C7ADA1
00C8AEA1
00C9AFA1
00C8AFA1
00C8AFA1
00C8AEA1
00C8AEA1
00C8AEA0
00C8AEA0
00C8AEA0
00CAB5AE
00C9B8B5
00C8B8B4
00CABCB9
00C5B6B2
00CABDBB
00CDC3C3
00CABEBC
00C6B4AE
00C4AEA6
00C9B9B4
00CBBDBA
00CABAB4
00C9B7AF
00CAB7B1
00CABAB6
00CBBEBB
00CBBCB9
00C9BAB6
00CABAB5
00CABAB6
00CABAB7
00CABBB7
00CABBB8
00CABBB6
00CABCB6
00CABCB7
00CBBDB9
00CABDBA
00CBBFBD
00CCC1C1
00CDC2C2
00CEC4C3
00CBC1BF
00CBC0BE
00CCC1BF
00CCBAB1
00CCB8AB
00CAB7AA
00CCB9AC
00CEBBAE
00CDBAAE
00CBB8AD
00C9B6AB
00CEC1BD
00CCC3C3
00CDC4C4
00CEC5C4
00CFC7C7
00D1C8C9
00CCBFBB
00CCC0BC
00CABBB5
00C6B3AB
00C7B4AC
00C7B4AC
00C7B5AC
00C7B4AC
00C7B4AC
00C6B3AB
00C5B2AA
00C9B7B0
00CABAB4
00C8BAB4
00C9BAB4
00C7B6AE
00C4B2A9
00C4B1A9
00C4B0A8
00C4B0A9
00C5B1A9
00C5B0A8
00C5B2A9
00C5B2A7
00C6B1A5
00C8B2A5
00C8B2A7
00C5B1A7
00C4AFA7
00C3B0A8
00C3B0A8
00C3B0A8
00C4AFA7
00C4B0A8
00C3B0A8
00C2AEA6
00C4AFA7
00C3AEA6
00C3AEA7
00C2ADA5
00C1ADA4
00C1ADA5
00C2AEA6
00C2AFA7
00C4B2AB
00C3B1AA
00C2B0A9
00C2B0A9
00C1AFA9
00C2AFA9
00C1AFA8
00C1AFA9
00C1AFA8
00C4AA9E
00C5ABA0
00C5AB9F
00C4AA9E
00C4AA9D
00C4AFA7
00C7B7B4
00C7B6B3
00C6B5B2
00C6B5B1
00C6B5B0
00C6B4B0
00C5B2AD
00C6B2AB
00C7ADA1
00C7ADA0
00C7AD9F
00C9AFA1
00C8AFA1
00C7AEA1
00C8ADA1
00C7ADA0
00C7ADA0
00C8AEA0
00C7AEA0
00C8B3AB
00C8B7B3
00C5B4AF
00CABDBA
00C7B9B6
00C5B7B4
00CBC0BF
00CBBFBE
00C7B5AF
00C3AEA6
00C8B8B3
00CBBEBC
00C8B7B1
00C7B4AD
00C9B6B0
00C9B8B3
00CABCB9
00CBBDBA
00CABBB7
00CABBB5
00CABAB5
00CABBB8
00CABBB8
00CBBCB8
00CABCB7
00CABCB7
00CABCB7
00CABEBA
00CABDBA
00CCC0BE
00CDC2C2
00CDC3C3
00CFC5C6
00CDC4C4
00CBC0BF
00CDC1C0
00CCBBB2
00CCB8AC
00CCB9AC
00CBB8AB
00CCBAAD
00CCBAAE
00CBB9AE
00C9B7AB
00CDBEB8
00CDC4C4
00CDC4C4
00CEC5C6
00CFC7C7
00CEC6C6
00C9BAB4
00C9B7B0
00C7B5AE
00C6B3AB
00C7B4AC
00C7B4AC
00C7B4AC
00C6B3AB
00C6B3AB
00C6B3AB
00C6B3AB
00C8B6B0
00CABAB4
00C7BAB4
00C8BAB4
00C5B4AC
00C4B1A9
00C5B2AA
00C4B1A9
00C4B0A9
00C5B0A8
00C4AFA6
00C3B0A7
00C3B0A6
00C5AFA3
00C6B0A2
00C6B1A5
00C4B0A6
00C4AFA7
00C3AFA7
00C3B0A8
00C3AFA7
00C3AEA7
00C3AFA7
00C3AFA7
00C2AEA6
00C3AFA7
00C2AEA6
00C2ADA6
00C2ADA5
00C2ADA5
00C2ADA5
00C0ACA4
00C1ADA6
00C2B0A9
00C2B0AA
00C2B0A9
00C2B0A9
00C1AFA8
00C1AFA8
00C1AFA8
00C1AFA9
00C1AFA9
00C3A99E
00C5ABA0
00C4AA9D
00C4AA9D
00C3A99C
00C2ACA4
00C5B3B0
00C6B5B3
00C5B4B0
00C5B4B0
00C5B4AF
00C6B4AF
00C6B4AF
00C5B0A8
00C6AC9F
00C7AC9F
00C7AD9F
00C8AEA0
00C8AFA1
00C8AEA0
00C8AEA0
00C8AEA1
00C8AFA2
00C9B0A3
00C7AEA1
00C5AFA6
00C6B4AF
00C5B3AD
00C8B9B5
00CDC1BF
00C7BAB8
00C8BBB9
00CDC3C3
00C8B6B2
00C3ADA5
00C7B8B3
00CCC1C0
00C9B9B4
00C8B5AF
00C8B6B0
00C8B7B1
00CABCB8
00CBBEBB
00CABCB9
00C9B9B6
00C9B9B5
00C9BAB7
00CABBB8
00CABCB8
00CABCB7
00CABCB7
00C9BCB8
00C9BDB9
00C7BBB8
00CBBFBD
00CCC2C2
00CCC2C2
00CDC3C3
00CEC5C5
00CCC2C2
00CDC2C1
00CBBAB3
00CBB8AB
00CDB9AD
00CBB9AC
00CAB8AB
00CBB9AD
00CAB8AD
00C8B6AB
00CCBBB2
00CFC5C5
00CEC6C7
00CEC5C6
00CDC3C3
00CBC1C0
00CCBFBB
00C8B4AB
00C5B1A8
00C7B4AC
00C6B4AC
00C6B3AB
00C7B4AC
00C6B3AB
00C6B3AB
00C6B3AB
00C5B2AA
00C7B6AF
00C9B9B3
00C7B8B2
00C8B9B3
00C5B3AC
00C4B1AA
00C4B1A9
00C4B1A9
00C4B0A8
00C3AFA7
00C3AFA7
00C1AEA6
00C1AEA5
00C4AEA2
00C7B0A1
00C7B2A6
00C1ADA3
00C2ADA4
00C2AEA6
00C2AEA6
00C2ADA6
00C2ADA6
00C1ADA5
00C2AEA6
00C1ADA5
00C2AEA6
00C2ADA5
00C2ADA5
00C2ADA5
00C2ADA5
00C2ADA5
00C1ACA4
00C0ACA5
00C1AFA9
00C2B0A9
00C1B0A9
00C2B0A9
00C2AFA9
00C1AFA9
00C1AFA9
00C1AFA9
00C1AEA9
00C3A99E
00C4AAA0
00C4AA9E
00C4AA9E
00C3A99D
00C2ACA4
00C5B3AE
00C8B8B6
00C7B8B5
00C6B6B3
00C6B6B2
00C7B6B2
00C7B5B1
00C6AEA5
00C5AB9E
00C6AC9F
00C7AD9F
00C8AEA0
00C8AFA1
00C8AEA0
00C8AEA0
00C8AEA0
00C8AFA1
00C7AEA0
00C5AD9F
00C6B1A8
00C9B8B3
00CAB9B5
00C6B5B0
00CABDBC
00CCC1C0
00C7BBB9
00CBC0BF
00C8B7B3
00C3ADA5
00C8B7B3
00CDC1C0
00CABBB8
00C9B7B0
00CBBAB5
00C8B7B1
00C9BAB5
00CABDBA
00CBBDBA
00C9BAB6
00C9B9B5
00C9BAB6
00CABBB8
00CABBB7
00CABCB7
00CBBCB7
00C9BCB7
00C9BDB9
00CCBFBD
00CBC0BF
00CCC2C1
00CDC2C3
00CDC2C2
00CBC1C1
00CCC3C3
00CEC4C3
00CBBBB4
00CAB6AA
00CCB8AC
00CCB8AD
00CCB9AD
00CBB9AD
00CBB8AE
00C9B6AB
00CBB7AC
00CCBFBB
00CBC1C0
00CABEBC
00C7BAB7
00C7B8B4
00C8B8B1
00C5B1A8
00C5B1A8
00C6B3AB
00C4B1A9
00C3B0A8
00C5B2AA
00C5B2AA
00C5B2AA
00C5B2AA
00C4B1A9
00C7B5AE
00C8B8B2
00C7B8B2
00C7B8B2
00C5B3AC
00C4B1AA
00C3B0A9
00C4B1A9
00C3B0A8
00C2AFA7
00C2AFA7
00C1AEA6
00C1ADA5
00C3ADA0
00C6AE9F
00C7B2A7
00C2ADA5
00C1ABA4
00C1ADA5
00C1ADA5
00C0ABA3
00C1ACA3
00C0ADA5
00C1ADA5
00C0ACA4
00C2ADA5
00C2ADA4
00C1ADA6
00C1ADA5
00C1ADA5
00C1ADA5
00C0ADA5
00BFACA4
00C1AFA8
00C2AFA9
00C2AFA9
00C2B0A9
00C2AFA9
00C1AFA9
00C1AFA8
00C0AEA8
00C1AEA9
00C3A99E
00C3AA9F
00C3A99C
00C4AA9E
00C4A99D
00C2ADA5
00C1ADA7
00C6B6B2
00C8BAB8
00C6B8B5
00C6B7B4
00C7B7B5
00C8B7B4
00C4ADA2
00C5AC9F
00C7AEA1
00C7AEA1
00C8AEA0
00C8AEA0
00C8AFA1
00C8AFA1
00C7AD9F
00C7AD9E
00C6AD9F
00C7AEA0
00C7B2AA
00C7B6B2
00C9B9B5
00C8B7B2
00C6B6B3
00C9BDBA
00CCC1C0
00CBC1C0
00C8B7B3
00C3AEA6
00C8B6B0
00CCC0BF
00CABBB7
00C7B5AE
00CAB9B3
00C9B8B3
00C8B9B5
00C9BCB9
00CABDBB
00CABBB8
00C9B9B5
00C9BAB5
00C9BAB7
00CABCB8
00CABBB6
00CABBB5
00C9BBB5
00CABCB8
00CCBFBE
00CABEBD
00CBC0BF
00CCC0BF
00CCC0BF
00CABFBD
00CABFBE
00CBC1BF
00CBBCB7
00CAB5AA
00CAB6AB
00CAB6AB
00CAB7AB
00CAB6AB
00CAB6AB
00C9B4A9
00C9B5A9
00C9B8B0
00C6B7B0
00C6B4AB
00C3AFA5
00C4AEA4
00C3AFA4
00C3AFA5
00C3AFA6
00C5B2AA
00C3B0A8
00C3B0A8
00C2AFA8
00C4B1AA
00C4B1A9
00C4B1A9
00C3B0A9
00C6B4AD
00C8B8B2
00C6B7B1
00C7B7B1
00C4B3AC
00C4B1AA
00C3B0A9
00C3B0A9
00C3B0A9
00C3B0A8
00C2AFA7
00C1AEA6
00C1ADA6
00C3ADA1
00C5AD9E
00C6B1A6
00C1ACA5
00C3ADA6
00C1ADA5
00C0ACA4
00BFABA2
00BFABA1
00C1ACA4
00C1ACA4
00C1ACA4
00C2ADA5
00C1ADA5
00C1AEA7
00C0ADA6
00C0ADA6
00C0ADA5
00BFACA4
00BEABA3
00C1AEA8
00C1AEA8
00C1AFA8
00C1AFA8
00C1AFA9
00C1AFA8
00C0AEA8
00C0AEA8
00C0AEA8
00C4AA9F
00C3AA9F
00C3AA9E
00C4AA9E
00C4AA9E
00C4AFA7
00C2AEA8
00C1AEA9
00C7B8B5
00C6B7B5
00C6B7B4
00C8B9B7
00C6B6B3
00C2ACA2
00C5ADA1
00C7AFA3
00C7AFA3
00C7AFA3
00C7AFA3
00C7AFA3
00C6AEA1
00C4AC9E
00C5AC9D
00C5AC9F
00C5AC9F
00C5B0A8
00C5B4B0
00C4B2AD
00C3B1AB
00C3B0AA
00C3B1AB
00C6B6B0
00CBBDBB
00C7B6B1
00C4AEA6
00C6B3AC
00CABDBB
00C9BAB7
00C7B4AD
00C8B7B1
00C6B5AF
00C6B5B1
00C8B9B5
00C9BBB8
00CABBB8
00C8B8B4
00C8B8B3
00C9B9B4
00C8B9B4
00C8B9B3
00C9B9B3
00C9BAB4
00C9BAB5
00CABCBA
00CABDBB
00CABEBC
00CBBEBD
00CBBFBD
00CABEBC
00CABEBC
00CABEBC
00CABBB5
00CAB4A9
00CAB4A9
00C9B3A9
00C8B3A8
00C7B1A5
00C5B0A4
00C6B1A6
00C5AFA3
00C4AEA2
00C3ACA0
00C3ACA0
00C2ACA0
00C2ACA0
00C2ADA2
00C1ACA2
00C2AEA5
00C4B0A8
00C4B1A9
00C4B1AA
00C3B0A9
00C4B1AA
00C5B3AB
00C5B2AB
00C4B1AA
00C6B4AE
00C8B8B2
00C7B8B2
00C7B8B2
00C5B3AD
00C4B2AB
00C3B1AA
00C4B1AA
00C3B0A9
00C3B0A9
00C3B0A9
00C1AEA7
00C1AEA7
00C3ADA2
00C6AE9E
00C6AFA2
00BFAAA2
00C0ACA4
00C0ABA3
00C1ACA4
00BFAAA1
00BEA99F
00C1ACA3
00C1ACA4
00C0ABA3
00C1ACA4
00C1ACA4
00C1ADA6
00C0ADA6
00C0ADA6
00BFABA3
00BEABA3
00BEABA3
00C0AEA7
00C0AEA8
00C1AEA8
00C1AEA8
00C1AEA9
00C0AEA8
00C1AFA8
00C0AEA8
00C0ADA8
00C4AB9F
00C3AA9F
00C4AA9E
00C4AA9E
00C5ADA2
00C7B3AD
00C7B4AE
00C4B2AD
00C5B4B1
00C6B6B4
00C5B6B2
00C7B8B6
00C5B6B3
00C5AEA3
00C6AEA2
00C6AEA2
00C6AEA2
00C6AEA2
00C7AEA3
00C7AFA2
00C6AEA1
00C6AEA1
00C7AEA2
00C7AFA2
00C6AEA2
00C3ADA5
00C4AFA8
00C6B2AB
00C3AFA8
00C3AEA7
00C2ADA4
00C3ADA2
00C3AEA5
00C6B1A9
00C4AFA7
00C5B2AC
00CBBDBB
00C9BAB7
00C6B2AB
00C9B7B2
00C8B7B2
00C6B5AF
00C6B5B1
00C9BAB6
00CABBB8
00C8B8B4
00C8B7B2
00C8B7B2
00C8B8B2
00C8B8B2
00C8B8B2
00C8B8B2
00C8B8B3
00C9BBB9
00CABCBA
00C9BAB7
00C8B8B4
00C7B6B1
00C7B6AF
00C6B4AC
00C6B2AA
00C5B0A7
00C6AFA3
00C5AEA3
00C5ADA2
00C5AFA3
00C3ADA1
00C3ADA1
00C7B0A5
00C4AEA2
00C4AEA2
00C4ADA1
00C4AEA2
00C3ADA1
00C2ACA1
00C2ADA2
00C1ADA4
00C3AFA6
00C3AFA8
00C4B1A9
00C5B3AC
00C5B3AC
00C5B3AC
00C6B4AD
00C5B2AC
00C6B3AC
00C5B4AE
00C7B8B2
00C6B7B1
00C7B7B1
00C4B2AB
00C2B0A9
00C4B2AB
00C4B1AA
00C3B0A9
00C3B0A8
00C3B0A9
00C3B0A9
00C1AEA7
00C3AEA3
00C6AC9C
00C5AD9F
00BEABA2
00BFAAA2
00BFAAA2
00BFAAA2
00BFABA3
00C0ABA3
00BFABA1
00BFAAA2
00BEAAA1
00C0ABA3
00C0ABA4
00C0ACA5
00BFACA5
00BEABA4
00BEAAA2
00BEAAA2
00BDAAA2
00C0AEA7
00BFADA7
00C0ADA7
00C0ADA8
00C1AEA8
00C0AEA8
00C0AEA7
00C0AEA8
00C0ADA8
00C0A69B
00C2A89D
00BFA599
00C0A699
00C1A99F
00C3AEA7
00C4AFA9
00C4AEA7
00C5B0AA
00C4B1AC
00C3B0AB
00C4B1AD
00C3AFA8
00C2A99E
00C3AB9F
00C3AB9F
00C2AA9E
00C3A99D
00C3AA9E
00C3A99D
00C2A89C
00C2A99D
00C3AA9E
00C3AA9F
00C3A99D
00C1A79B
00C1A79A
00C2A89C
00C2A99C
00C2AA9D
00C3AA9F
00C4AB9F
00C3AB9F
00C5AEA5
00C5AFA8
00C5B0A9
00C6B4AD
00C7B4AE
00C5B0A8
00C7B6B1
00C8B8B4
00C7B6B1
00C6B5B0
00C7B7B3
00C9BAB7
00C9BAB7
00C8B9B5
00C8B9B4
00C9B9B3
00C9B9B4
00C8B9B4
00C7B8B2
00C7B7B3
00CABCB9
00CABCB8
00C3ADA3
00C3ADA1
00C2ACA1
00C3ACA0
00C3AC9F
00C4AB9F
00C3AB9F
00C3AC9F
00C4ACA0
00C4ADA1
00C4ADA1
00C3ADA1
00C4ADA2
00C6B0A5
00C3ADA1
00C3ADA2
00C4AEA4
00C4AFA5
00C4AFA6
00C3B0A8
00C3B0A8
00C2AFA8
00C2AFA8
00C3B1A9
00C4B1AA
00C5B3AC
00C5B3AC
00C5B2AC
00C6B4AD
00C5B3AC
00C5B3AC
00C5B4AD
00C7B8B2
00C6B7B1
00C6B7B0
00C3B1AA
00C1AFA8
00C1AFA8
00C2AFA8
00C1AEA6
00C0ADA5
00C1AEA6
00C1AEA7
00C1AEA7
00C1ACA1
00C3AA9A
00C4AC9E
00BFACA3
00BEABA3
00BEA9A1
00BDA8A0
00BEAAA2
00C0ABA3
00BEA8A0
00BFAAA2
00BCA79F
00BDA8A0
00BEA9A1
00BDAAA2
00BDAAA2
00BEAAA3
00BCA9A1
00BDA9A0
00BBA8A0
00BEACA5
00BEACA6
00BEACA5
00BCA9A4
00BBA9A3
00BEACA5
00BFADA6
00BEADA6
00BEACA5
00BEA498
00C1A79B
00BEA397
00BDA296
00BDA195
00BA9F93
00BBA094
00BCA296
00BDA297
00BDA398
00BEA398
00BDA398
00BDA397
00BDA397
00BEA599
00BFA599
00BEA498
00BFA599
00C0A69A
00BEA498
00BFA598
00BEA498
00BFA59A
00C0A69A
00BFA598
00BDA395
00BDA396
00BFA497
00BFA597
00C0A598
00C1A89C
00C1A99D
00C1A99C
00C3ABA1
00C4AEA7
00C4AEA5
00C2AA9E
00C1A99D
00C2ADA3
00C7B6B0
00C9B9B6
00C8B9B5
00C7B7B3
00C6B6B2
00C8B9B6
00C9BCB8
00CABDBA
00CABDB9
00CABBB6
00C9BAB5
00C8B9B5
00C8B9B5
00C9BAB6
00C8BAB6
00C8B8B4
00C2ACA2
00C3ADA2
00C3ADA2
00C3ADA1
00C3ACA0
00C3ABA0
00C3ACA1
00C4ADA1
00C4ADA2
00C3AEA4
00C4AFA4
00C3AFA5
00C4AFA5
00C5B0A7
00C4B0A7
00C3B0A8
00C5B1A9
00C4B1AA
00C6B2AB
00C5B2AB
00C4B2AB
00C6B3AC
00C4B2AA
00C5B4AD
00C5B3AC
00C4B3AC
00C5B2AC
00C3B1AA
00C5B3AC
00C3B1AA
00C2B0A9
00C5B3AD
00C7B7B1
00C5B6B0
00C5B5AE
00C2B1AA
00C1AFA8
00BFACA5
00C0AEA7
00C0ADA6
00BFABA4
00BFACA4
00BFACA4
00BFACA5
00C0AB9F
00C3AA98
00C3AC9C
00BEAAA1
00BCA8A1
00BCA9A1
00BCA8A0
00BCA79F
00BEA8A1
00BEA9A2
00BFABA3
00BDA79E
00BBA69E
00BAA59C
00BCA89F
00BDA9A1
00BDAAA2
00BCA9A1
00BDAAA1
00BBA8A0
00BEACA5
00BFACA7
00BDABA5
00BDABA5
00BDAAA5
00BEABA5
00BEADA6
00BDACA5
00BDABA4
00BDA297
00C1A79B
00BCA295
00BCA094
00BBA093
00BA9E91
00BA9E91
00BBA093
00BCA195
00BCA095
00BDA195
00BCA194
00BCA296
00BCA296
00BEA497
00BEA498
00BFA599
00BFA599
00BFA599
00BEA498
00BEA498
00BDA396
00BEA498
00BFA599
00BEA498
00BEA497
00BDA296
00BEA397
00BEA497
00BFA598
00C1A79B
00C1A89C
00C1A89B
00C0A79B
00C2ACA2
00C3ACA1
00C0A79B
00C0A79B
00C0AAA0
00C5B3AD
00CBBDBA
00CBBEBB
00CABDBA
00C9BAB7
00C9BBB8
00CBBFBC
00CBBFBD
00CCC0BD
00CCC0BD
00CCBFBC
00CCBFBD
00CDBFBC
00CCBFBC
00C8BAB7
00C8B9B6
00C2ADA3
00C3ADA2
00C3AEA3
00C4AFA5
00C4AFA4
00C3AEA5
00C5B0A7
00C5B1A8
00C5B2AA
00C5B2AA
00C5B2A9
00C5B2AA
00C5B1A9
00C4B0A8
00C6B3AB
00C5B2AA
00C5B2AA
00C4B1AA
00C5B2AB
00C3B0A9
00C2AFA8
00C3B1AA
00C3B0A9
00C3B0AA
00C2B0A9
00C1AFA8
00C3B1AA
00C2B0A9
00C1AFA8
00C2AFA9
00C1AFA8
00C4B2AB
00C4B4AE
00C4B4AF
00C3B2AC
00C1AFA8
00C1AEA7
00C0ADA6
00C0ADA6
00C1AEA7
00C0ADA6
00C0ADA6
00BFACA5
00BEABA4
00C0AA9F
00C2A998
00C3AB9B
00C0ADA4
00BDAAA3
00BEAAA4
00BEAAA3
00BDA9A2
00BDA7A1
00BDA7A1
00BCA79F
00BCA79E
00BCA79F
00B8A399
00BAA59B
00BBA79F
00BCA79F
00BDA8A0
00BDA9A1
00BBA8A0
00BEACA5
00BEACA6
00BEACA5
00BEACA6
00BEACA7
00BEACA6
00BEADA6
00BEADA6
00BEACA5
00BBA095
00C0A69B
00BCA195
00BBA093
00BBA093
00BB9F91
00BA9F91
00BB9F92
00BBA094
00BDA196
00BDA196
00BDA296
00BDA296
00BCA195
00BDA396
00BEA497
00BEA498
00BEA498
00BEA498
00BEA498
00BEA498
00BEA397
00BDA397
00BEA498
00BEA498
00BDA397
00BDA296
00BEA397
00BFA498
00BFA599
00C0A69A
00BFA79A
00C0A79A
00C0A69A
00C2ACA2
00C2ABA1
00C0A69B
00C0A79C
00C3ACA3
00C5B1AA
00C8B8B4
00CABDBA
00CABDBA
00CABDBA
00CABCBA
00C9BAB7
00C9BAB7
00C8B9B5
00C8B9B4
00C8B8B4
00C8B9B4
00C7B7B2
00C6B7B3
00CBBEBD
00CABBB8
00C4B1A9
00C5B1A9
00C5B2AA
00C6B3AC
00C5B2AB
00C5B2AA
00C5B2AA
00C6B2AB
00C5B2AB
00C4B1A9
00C4B1A9
00C3B0A8
00C4B1A9
00C3AFA8
00C4B1A9
00C4B1A9
00C5B2AB
00C4B2AB
00C5B2AB
00C3B0A9
00C2AEA7
00C2AFA8
00C2AFA8
00C2B0A9
00C2B0A9
00C1AFA8
00C2B0A9
00C2B0A9
00C2B0A9
00C3B0A9
00C2AFA8
00C4B1AB
00C4B4AE
00C5B5AF
00C4B4AE
00C1AFA9
00BFADA6
00BFACA5
00BFACA5
00BFACA5
00BFACA6
00BEACA4
00BCAAA2
00BDAAA3
00BEA99E
00C1A897
00C3AA99
00BDA9A1
00BBA8A2
00BCA9A2
00BBA8A1
00BDAAA3
00BBA6A0
00BAA49E
00BAA49D
00B9A49C
00B9A39C
00B8A29A
00B9A49C
00B9A59D
00B9A49C
00B9A49C
00BCA8A0
00BCA8A0
00BEABA4
00BEACA5
00BDABA4
00BDABA5
00BCABA6
00BDADA6
00BDACA6
00BEACA6
00BDABA5
00BBA196
00BFA59B
00BCA296
00BCA194
00BCA193
00BBA094
00BBA093
00BA9F93
00BB9F94
00BCA095
00BCA196
00BBA195
00BBA195
00BBA195
00BCA296
00BDA398
00BDA397
00BDA397
00BDA399
00BDA498
00BEA499
00BEA499
00BEA398
00BDA499
00BEA499
00BDA397
00BEA498
00BEA398
00BFA599
00BFA69A
00BFA69B
00BFA79C
00C0A89D
00C0A89D
00C2ACA2
00C1ACA2
00C0A89E
00C1AAA0
00C4AEA6
00C7B4AF
00C5B2AD
00C4B3AC
00C4B2AC
00C3B1AC
00C3B1AB
00C3B1AC
00C3B1AB
00C3B1AC
00C4B2AC
00C5B2AC
00C4B3AD
00C4B3AF
00C4B4AF
00C6B8B5
00C8B9B5
00C5B3AC
00C5B2AB
00C6B3AC
00C6B4AD
00C5B3AB
00C5B2AB
00C4B1AA
00C3B0A9
00C3B0A9
00C3B1A9
00C4B1A9
00C3B0A8
00C3B0A8
00C2AFA7
00C1ADA5
00C1ADA5
00C4B1AA
00C2B0A8
00C1AEA7
00C1AEA7
00BFACA5
00C1AEA6
00C1AFA7
00C2B0A8
00C2B0A9
00C1AEA7
00C2AFA8
00C2AFA8
00C1AFA8
00C2B0A9
00C2AFA8
00C3B1AB
00C4B4AE
00C4B4AF
00C4B3AE
00C0AEA7
00BEACA5
00BDAAA3
00BEAAA3
00BCA9A2
00BDAAA3
00BDAAA2
00BBA8A0
00BCA8A1
00BDA89D
00C0A796
00C3AA99
00BCA89F
00B9A6A0
00BAA79F
00BAA7A0
00BAA7A0
00BBA7A1
00BBA59F
00B9A49C
00BAA59D
00B9A49C
00B9A49C
00BAA59D
00BAA59D
00B9A49C
00B8A39B
00BAA49D
00BBA69E
00BEABA5
00BFADA7
00BEACA6
00BEACA6
00BDABA6
00BDACA6
00BCACA5
00BEACA5
00BDACA6
00BCA39A
00BEA59C
00BEA49A
00BDA59A
00BDA498
00BDA499
00BCA297
00BBA196
00BBA096
00BCA197
00BBA196
00BBA196
00BBA297
00BCA397
00BDA398
00BEA49A
00BCA49A
00BEA69C
00BEA69E
00BEA69C
00BFA89E
00BFA89F
00BFA89F
00BFA8A0
00BFA89F
00BFA9A1
00C0A9A0
00BFA8A0
00BFA9A1
00BFA9A0
00BFA89E
00C0A99E
00C0AAA0
00C0ABA1
00C2ADA4
00C2ADA5
00C2ACA3
00C0A99F
00C3AEA6
00C6B3AE
00C7B6B1
00C6B6B1
00C6B7B2
00C7B7B3
00C7B7B3
00C8B8B4
00C8B8B4
00C9B9B5
00C9B9B6
00C9BAB6
00C9BBB7
00C9BBB8
00CBBDBA
00C9BBB8
00C9BBB8
00C5B3AC
00C5B2AC
00C6B3AD
00C4B2AB
00C5B2AB
00C5B2AB
00C4B1AA
00C5B2AB
00C4B2AB
00C4B2AA
00C4B2AA
00C4B1AA
00C5B2AB
00C4B0A9
00C3AFA8
00C3B0A8
00C3B0A8
00C2AFA7
00C2AFA8
00C2AFA8
00BFACA4
00BFACA4
00C0ACA5
00C2B0A9
00C2B0A9
00C1AEA7
00C1AEA6
00C0ADA6
00C1AEA6
00C1AFA7
00C1AEA7
00C2B1AB
00C4B4AE
00C4B4AE
00C3B2AD
00BDABA4
00BBA9A2
00BBA7A0
00BAA7A0
00BBA7A0
00BAA69F
00BCA8A0
00BBA8A0
00BBA79F
00BDA79C
00C0A695
00C2A998
00BDA9A0
00BCA9A2
00BAA79F
00BAA7A0
00BAA69F
00BAA59F
00BCA7A0
00BCA69F
00B9A49D
00B8A59D
00B7A29B
00B6A29A
00B7A29A
00B8A39B
00BAA69E
00BAA69E
00BAA69E
00BCAAA3
00BEABA5
00BEABA6
00BEACA6
00BCABA5
00BCACA6
00BDACA5
00BCABA5
00BDACA6
00BDA59E
00BDA59D
00BDA59D
00BEA79F
00BDA69D
00BDA59C
00BCA49A
00BEA59C
00BDA59C
00BCA399
00BAA299
00BBA39A
00BCA49C
00BDA69E
00BFA8A0
00BFA8A0
00BDA8A0
00BEA9A1
00C0AAA2
00BFA9A1
00BFAAA2
00C0AAA3
00BFAAA3
00C0ABA4
00C0AAA4
00C0ABA5
00C0ACA4
00BFAAA3
00BFA9A1
00BFAAA2
00C0ACA4
00C1ACA4
00C2ADA5
00C3AFA7
00C2AEA6
00C3AEA6
00C3AFA8
00C0AAA0
00C2ACA5
00C2ADA7
00C8B7B3
00CABCBA
00C9BCB9
00CABCB9
00CABCBA
00CABBB8
00CABAB7
00C9BAB7
00C8B8B4
00C8B9B5
00C7B8B5
00C8B8B4
00C9B8B4
00C7B7B2
00C6B5B0
00C4B1AA
00C5B2AB
00C4B2AB
00C4B2AB
00C5B2AB
00C5B2AB
00C4B2AB
00C4B1AB
00C3B0A9
00C3B1A9
00C3B0A8
00C4B1AA
00C5B2AB
00C2AFA7
00C2AEA7
00C2AFA7
00C1AEA7
00C0ADA5
00C0ADA6
00C1AEA6
00C1AEA6
00C0ADA5
00C0ACA4
00C1AEA7
00C0ADA6
00BFABA4
00BFABA4
00BEABA3
00BDAAA2
00BEABA3
00BDAAA2
00C0ADA6
00C2B0A9
00C2B0AA
00C2B0AA
00BCA9A2
00BCA9A2
00BAA7A0
00BAA79F
00BBA69E
00BAA59E
00BAA69E
00BAA69F
00B9A59E
00BBA59A
00BFA693
00C1A896
00BBA79E
00B9A69F
00B9A69F
00B8A59E
00BAA69F
00BAA69F
00B8A39D
00B9A49D
00BBA7A0
00B9A59E
00B8A49D
00B7A39B
00B8A59D
00B8A59D
00BAA79F
00B9A69E
00B9A59D
00BCA9A2
00BCAAA4
00BDAAA5
00BEACA6
00BBABA5
00BBAAA4
00BCABA5
00BDABA6
00BBABA5
00BCA59E
00BCA59D
00BEA69F
00BEA7A0
00BDA69F
00BDA69F
00BEA79F
00BEA7A0
00BFA8A1
00BEA8A1
00BCA79F
00BDA7A0
00BEA7A0
00BEA8A2
00BEA8A2
00BEA8A2
00BEA9A1
00C0AAA3
00BFAAA3
00BFA9A2
00BFAAA2
00C0ABA4
00C0AAA4
00C1ABA5
00C0ABA4
00C0AAA3
00C0ABA3
00C0ABA3
00C1ABA4
00C0ABA3
00C1ACA5
00C1ACA6
00C0ADA5
00C2AFA7
00C2AEA6
00C3AEA6
00C3B0A8
00C0ABA3
00C3ADA6
00C3AFA8
00C4B1AB
00C3B0AB
00C2AFA9
00C2B0A9
00C3B1AB
00C3B1AA
00C3B0A9
00C2AFA9
00C1AEA6
00C1ADA6
00C2AFA7
00C2AEA6
00C2AEA5
00C2ADA5
00C1ADA5
00C3B0A8
00C4B1AA
00C3B0A9
00C4B1AA
00C4B1AA
00C4B1AA
00C5B2AB
00C3B0AA
00C2AFA8
00C2AFA7
00C2AFA7
00C3B0A8
00C3B0A8
00C0ADA5
00C0ACA4
00BFACA4
00C0ADA6
00BFACA4
00BFADA5
00BFACA5
00C0ADA5
00C0ADA5
00C0ADA4
00BFACA4
00BFACA5
00BEABA4
00BEABA3
00BDA9A1
00BDA9A1
00BDA9A1
00BCA9A1
00BEAAA3
00BEABA3
00BEACA5
00BEABA4
00BCA9A1
00BCA9A2
00BAA7A0
00B9A59D
00B8A39C
00B8A39C
00B9A59D
00B8A59E
00B9A69F
00BAA59B
00BFA494
00C1A795
00BAA69C
00B7A49D
00B9A69F
00BAA7A0
00B9A59F
00B8A39D
00B7A49D
00B8A59D
00B8A59E
00B9A59E
00B9A69F
00B9A69F
00BBA8A1
00B8A69F
00B9A7A0
00B9A69F
00B6A29B
00B9A69F
00BBA8A2
00BCA9A3
00BCAAA5
00BBAAA4
00BCABA4
00BDABA5
00BCABA6
00BBAAA4
00BCA6A0
00BBA59E
00BDA69E
00BEA7A0
00BDA7A1
00BDA7A1
00BDA7A1
00BCA6A0
00BDA7A1
00BEA8A2
00BEA8A2
00BCA7A0
00BCA6A0
00BCA6A0
00BDA8A1
00BEA8A1
00BEA9A1
00BEA9A2
00BEA9A1
00BEA9A1
00BFA9A2
00C0ABA4
00C0ABA4
00C0AAA4
00BFAAA4
00BFAAA3
00C0AAA3
00C0ABA3
00C0ABA3
00BFAAA3
00BFABA4
00C1ACA5
00C0ACA5
00C1ADA6
00C2ADA5
00C2ADA5
00C2AEA7
00C1ADA5
00C1ACA4
00C3AFA9
00C2AFA8
00C2AFA8
00C2AFA8
00C2AFA8
00C2AFA8
00C2AFA8
00C2AFA7
00C2AFA7
00C2AFA7
00C3AEA6
00C4AFA7
00C4AFA7
00C3AEA6
00C3AEA7
00C2ADA6
00C3AFA8
00C3B0A9
00C4B1A9
00C4B1A9
00C3B0A9
00C3B0A9
00C3B0A9
00C2AFA8
00C1AEA6
00C1AEA6
00C0ADA5
00BFACA4
00C0ADA5
00BFACA4
00C0ACA4
00BFACA4
00C0ACA4
00BEABA3
00BFACA4
00BEABA4
00BEABA3
00BFACA4
00BEABA3
00BDAAA3
00BDA8A1
00BCA7A0
00BBA7A0
00BDA9A2
00BEAAA3
00BFACA4
00C0ADA5
00C0ADA6
00BFACA5
00BEABA3
00BCA9A1
00BAA7A0
00BBA8A1
00BCA8A2
00BBA7A1
00BAA59E
00BBA6A0
00BBA8A1
00BAA7A1
00B9A7A0
00B8A49B
00BEA494
00C0A695
00B8A398
00B7A49D
00BAA7A0
00BBA8A2
00BBA8A3
00BBA7A2
00BAA6A1
00B9A6A0
00B8A49E
00B7A49D
00B8A59E
00B8A59F
00B8A59F
00B8A6A0
00B8A5A0
00B9A6A0
00B8A59E
00B7A59E
00B8A69F
00BBA9A2
00BCAAA3
00BBAAA3
00BBA9A3
00BBA9A4
00BCAAA5
00BAAAA4
00BCA6A0
00BBA49D
00BDA59E
00BDA6A0
00BDA7A1
00BDA7A1
00BDA7A1
00BDA7A1
00BDA7A1
00BDA7A1
00BCA6A0
00BBA59F
00BCA69F
00BDA7A1
00BDA8A2
00BDA7A0
00BCA79F
00BDA8A0
00BCA79F
00BDA7A0
00BDA8A0
00BEA9A1
00BFAAA2
00BFA9A3
00BFA9A3
00BFAAA3
00BFAAA2
00BEA9A1
00BFA9A2
00C0AAA3
00C0ABA5
00C0ABA4
00C1ABA4
00C1ACA4
00C1ACA4
00C1ABA3
00C1ACA4
00C2AEA6
00C2ADA6
00C3AFA9
00C2AFA8
00C2AFA9
00C3B0A9
00C2AFA8
00C2AEA7
00C2AEA7
00C2AFA6
00C2AFA7
00C2AEA7
00C2AEA6
00C3AFA6
00C3AEA6
00C2AEA6
00C2AEA7
00C2ADA6
00C2AEA7
00C2AFA8
00C3B0A9
00C3B0A8
00C2AEA7
00C2AEA8
00C2AFA8
00C2AEA6
00C1AEA6
00C0ADA5
00BFACA5
00C0ADA6
00C0ACA5
00BEAAA2
00BEABA3
00BEABA4
00BDA9A3
00BDAAA3
00C0ADA6
00BFABA5
00BEABA4
00C1AEA7
00BFACA6
00BFACA6
00C1ADA7
00C0ACA6
00BFADA6
00BFADA6
00BFADA6
00BEACA5
00BCA9A2
00BCA8A2
00BDA9A2
00BBA8A1
00BBA8A1
00BAA7A0
00B9A69F
00BAA7A0
00BAA7A1
00B8A59F
00BAA6A0
00BAA6A0
00B8A49E
00B5A29C
00B6A198
00BEA393
00C0A695
00B8A49A
00B6A39D
00B7A49E
00B7A5A0
00B9A5A0
00BAA7A2
00B9A6A1
00BAA7A2
00BAA7A1
00BAA7A0
00B9A7A0
00B8A6A0
00B8A5A0
00B9A6A1
00B9A6A1
00B9A6A1
00B9A7A0
00B9A7A0
00B8A59F
00B7A59E
00B8A59E
00BAA8A1
00BBA9A3
00BBA9A4
00BBA9A4
00BBA9A3
00BAA59F
00BAA49D
00BBA49C
00BBA59D
00BCA59F
00BCA69F
00BDA7A1
00BCA6A0
00BCA6A0
00BCA6A0
00BBA59F
00BBA69F
00BCA7A0
00BDA7A1
00BCA5A0
00BCA6A0
00BCA79F
00BDA79F
00BDA8A0
00BCA79F
00BCA79F
00BDA8A0
00BEA9A1
00BEA8A1
00BEA8A2
00BFA9A3
00BEA9A1
00BDA8A0
00BDA8A1
00BEA9A3
00BFA9A3
00BFA9A2
00C0ABA4
00C0AAA3
00C0ABA3
00C0AAA2
00C0ABA3
00C0ABA2
00C0ACA4
00C2AFA8
00C2AFA8
00C2AFA8
00C2AFA8
00C1ADA7
00C0ACA5
00BFABA4
00BFACA5
00C0ADA6
00C1ADA5
00C1AEA6
00C2AEA7
00C2AEA7
00C2AFA8
00C2AEA8
00C2AEA7
00C2AFA8
00C2AFA8
00C3B0A9
00C1AEA7
00C2AFA8
00C3AFA8
00C3AFA8
00C2AEA7
00C0ADA6
00C0AEA7
00C0AEA7
00C1AFA8
00C1AEA7
00BFABA6
00BFABA4
00BDAAA3
00BCA9A2
00BDAAA4
00BFABA5
00BEABA5
00BFACA5
00BFACA6
00BEABA6
00BEABA5
00BDAAA4
00BDAAA4
00BEABA5
00BCAAA4
00BCAAA4
00BCAAA4
00BDA9A4
00BDA9A4
00BDA9A4
00BCA8A2
00BBA8A2
00BBA8A2
00BAA7A1
00BAA7A2
00BAA6A1
00B9A6A1
00B9A6A1
00B8A5A0
00B7A49F
00B7A49F
00B9A59D
00BBA190
00BFA593
00BAA69B
00B7A59F
00B8A5A0
00B8A5A0
00B8A5A0
00B9A6A1
00B9A6A1
00B9A6A1
00BAA6A1
00B9A6A1
00B9A7A1
00BAA7A2
00BAA7A2
00BAA7A2
00BAA7A2
00B9A6A1
00B9A6A0
00B8A6A0
00B8A6A0
00B7A6A0
00B6A49D
00B5A39C
00B9A7A1
00BBA9A3
00BAA8A2
00B9A7A0
00BAA49E
00BAA39D
00BAA39C
00BBA59D
00BCA59F
00BBA59E
00BBA59F
00BBA59F
00BBA59F
00BCA6A0
00BCA6A0
00BCA69F
00BCA69F
00BCA6A0
00BBA59F
00BCA69F
00BCA6A0
00BBA69F
00BCA6A0
00BBA59E
00BCA7A0
00BEA8A2
00BFA9A3
00BEA7A1
00BEA7A1
00BEA8A2
00BDA7A1
00BEAAA2
00BFABA4
00BFAAA4
00BFA9A3
00C0ABA5
00C1ADA6
00C1ADA7
00C1ADA7
00C0ABA4
00C2ACA5
00C1ABA4
00C1ADA5
00C2AFA8
00C2AFA8
00C2AFA8
00C1AEA8
00C2AEA8
00C2AEA7
00C2AEA7
00C2AFA8
00C3AFA9
00C3AFA9
00C4B1AA
00C5B1AB
00C4B1AB
00C4B1AB
00C4B0AB
00C3B0AA
00C3B0AA
00C1AEA7
00C1ADA6
00C1ADA6
00C2AFA8
00C2AFA9
00C1AEA8
00C0ADA7
00C1AEA7
00C0AEA8
00C0ADA8
00C0ADA8
00C0ADA8
00C0ACA7
00BFABA7
00BFACA7
00BEABA5
00BEABA6
00BFABA7
00BFABA7
00BFACA7
00BFACA8
00BEABA7
00BEACA7
00BEABA6
00BEABA7
00BEABA6
00BDAAA5
00BDAAA6
00BCA9A4
00BCA9A4
00BDAAA5
00BDAAA5
00BDAAA5
00BCAAA5
00BAA7A3
00BBA8A4
00BAA7A2
00B8A5A0
00B8A5A1
00B9A7A3
00BBA9A4
00B6A49F
00B6A49F
00B7A49D
00B9A090
00BEA392
00BBA69C
00B7A49F
00B7A49F
00B8A5A0
00B8A5A1
00B8A5A0
00B9A6A1
00B9A6A1
00BAA7A2
00BAA8A3
00BAA7A2
00BAA7A2
00BAA7A3
00BAA7A3
00BAA7A2
00B9A6A1
00B9A6A1
00B9A6A1
00B8A6A1
00B7A6A0
00B8A5A0
00B7A49E
00B5A29C
00B7A59F
00BBA9A2
00BAA8A2
00B9A19C
00B9A19C
00BBA49E
00BCA59F
00BAA39D
00BAA39D
00BAA49E
00BBA5A0
00BCA6A0
00BCA6A0
00BBA5A0
00BBA59F
00BCA6A0
00BCA6A0
00BDA7A1
00BCA6A0
00BCA6A0
00BCA6A0
00BCA6A1
00BCA7A2
00BDA7A2
00BEA7A3
00BEA8A3
00BDA7A2
00BDA8A4
00BDA8A5
00BDA8A4
00BCA8A2
00BDA8A2
00BEA9A3
00BEA9A2
00BFABA5
00C0ACA6
00C1ADA7
00C0ACA6
00C0ACA6
00C1ADA7
00C1ADA7
00C2AEA8
00C3AFA9
00C3B0A9
00C3AFA9
00C3AFAA
00C3B0AA
00C3AFAA
00C2AFA9
00C3AFAA
00C2AFAA
00C3B0AA
00C3B0AB
00C4B0AB
00C5B1AC
00C4B0AB
00C3B0AC
00C3B0AB
00C3AFAA
00C3AFAA
00C3B0A9
00C3B0AA
00C3B0AB
00C3AFAB
00C2AEA9
00C1AEA8
00C1AEA9
00C1AEA9
00C0ADA8
00C1ADA8
00C0ADA8
00C0ADA8
00BFACA8
00BFACA8
00BFACA7
00BFACA8
00BFACA7
00BFACA7
00BFACA7
00BFACA8
00BEABA8
00BDABA6
00BEABA7
00BEABA7
00BEABA7
00BDAAA7
00BCA9A6
00BCA9A5
00BDAAA5
00BCA9A4
00BCA9A4
00BCA9A5
00BCA9A5
00BBA8A4
00BBA8A4
00B9A6A2
00B8A5A2
00B7A4A1
00B6A4A1
00B7A5A0
00B6A49F
00B6A39F
00B7A49F
00B8A091
00BBA190
00BBA59C
00B7A49F
00B8A5A0
00B8A6A1
00B9A6A1
00B7A49F
00B8A5A0
00B9A6A1
00BAA7A2
00BAA7A2
00BAA8A3
00BAA7A2
00BAA7A3
00BAA7A3
00B9A6A1
00B8A5A0
00B7A49F
00B8A6A1
00B9A6A1
00B7A6A0
00B6A5A0
00B6A49F
00B7A59F
00B7A59E
00B7A69F
00B9A9A2
00B79F99
00B69E98
00B79E99
00B9A09C
00B9A29D
00BAA49F
00B9A39E
00BAA4A0
00B9A29F
00B9A29F
00B8A29E
00B8A29D
00B9A29F
00BAA4A1
00BBA5A2
00BBA5A2
00BAA4A2
00BBA4A1
00BAA4A2
00BAA5A3
00BBA6A3
00BBA5A3
00BCA6A3
00BBA6A3
00BBA6A4
00BBA6A4
00BBA6A4
00BCA8A3
00BBA7A1
00BCA8A1
00BDA9A3
00BEAAA4
00BFABA5
00C0ACA7
00C1ADA8
00C1ADA8
00C1ADA9
00C1AEA9
00C2AEAA
00C2AFAA
00C3B0AA
00C3AFAA
00C3AFAA
00C2AFAA
00C2AFAA
00C2AFAA
00C2AFAA
00C1AEA9
00C2AFAA
00C3B0AB
00C4B0AB
00C4B1AC
00C3B0AC
00C3B0AC
00C3B0AC
00C3B0AB
00C3B0AA
00C2AFAA
00C3B0AB
00C3B0AC
00C2AFAB
00C2AEA9
00C1AEA9
00C1AEA9
00C1AEA9
00C0ADA9
00C0ADA8
00BFACA7
00BFACA7
00BEABA8
00BEABA7
00BFACA7
00BFACA8
00BFACA9
00BFACA8
00BFABA8
00BDABA8
00BDACA8
00BDABA7
00BDABA7
00BEACA8
00BEACA9
00BCAAA7
00BBA8A5
00BBA8A5
00BCA9A5
00BCA9A4
00BBA8A4
00BCA9A5
00BCA9A5
00BCA9A4
00BBA9A4
00B9A6A3
00B9A6A3
00B7A5A2
00B6A4A1
00B5A4A1
00B6A3A0
00B5A39E
00B6A39E
00B9A091
00BDA291
00BBA69C
00B7A4A0
00B8A59F
00B8A5A0
00B9A6A1
00BAA7A2
00B9A6A1
00BAA7A2
00BAA8A3
00BBA9A4
00BAA8A3
00BAA7A2
00B9A7A2
00BAA7A2
00B9A6A1
00B9A6A1
00B7A59F
00B7A5A0
00B8A6A1
00B8A5A0
00B7A5A0
00B6A49F
00B7A59F
00B4A39C
00B3A39B
00B4A39C
00B69E9B
00B69E9B
00B89F9C
00B9A09D
00B8A19E
00B8A1A0
00B9A3A1
00B8A2A0
00B9A2A1
00B9A2A2
00B8A2A0
00B8A1A0
00B9A1A1
00BAA3A2
00BBA3A3
00BBA4A3
00BAA3A3
00BAA3A3
00BAA4A4
00BAA5A4
00BAA5A4
00BBA6A4
00BCA6A5
00BBA6A5
00BBA5A4
00BBA6A4
00BDA8A6
00BCA8A4
00BCA8A2
00BDA9A4
00BDAAA4
00BEAAA5
00BFABA6
00C0ACA7
00C0ACA7
00C1ADA8
00C1ADA8
00C1ADA9
00C1AEA9
00C1AEA9
00C2AEA9
00C1AEA9
00C2AFAA
00C2AFAA
00C2AFAA
00C2AFAA
00C2AFAA
00C1AEA9
00C2AFAA
00C3B0AB
00C3B0AB
00C3B0AC
00C3B0AC
00C3B0AC
00C3B0AB
00C3B0AB
00C2B0AA
00C2B0AB
00C2AFAB
00C2AFAB
00C2AFAC
00C1AEAB
00C1AEA9
00C1AEA9
00C1AEA9
00C1AEA9
00C0ADA9
00BFACA7
00BEABA7
00BEABA6
00BEABA7
00BFACA8
00BFACA9
00BFACA8
00BFACA8
00BEABA8
00BDABA8
00BDACA9
00BDACA9
00BDABA7
00BCAAA7
00BDAAA7
00BCA9A6
00BBA8A5
00BAA8A4
00BBA8A3
00BBA9A4
00BAA8A4
00BBA8A5
00BBA9A5
00BBA8A3
00BAA7A3
00B7A6A3
00B7A4A1
00B6A4A1
00B5A4A1
00B5A3A0
00B6A3A0
00B4A29E
00B5A29D
00B89F90
00BCA291
00BAA59B
00B6A39F
00B7A49F
00B7A5A0
00B9A6A1
00B9A7A2
00B9A7A2
00B9A7A2
00BAA7A2
00B9A8A3
00BAA7A3
00BAA7A3
00B9A6A2
00B9A6A1
00B8A5A1
00B7A5A0
00B7A5A0
00B7A59F
00B8A5A0
00B7A59F
00B6A59F
00B5A39E
00B6A39E
00B5A49D
00B4A39C
00B3A29B
00B79E9E
00B79E9D
00B89F9E
00B8A09F
00B79F9F
00B8A0A0
00B8A1A1
00B9A1A1
00B9A1A1
00BAA2A2
00B9A2A1
00B8A1A1
00B8A0A1
00B9A2A2
00BAA2A2
00BAA3A3
00BAA2A2
00B9A3A3
00BAA4A3
00BBA5A4
00BBA6A5
00BBA6A5
00BCA7A6
00BBA5A4
00BBA5A4
00BCA8A5
00BCA8A4
00BCA8A3
00BCA8A3
00BDA9A4
00BDA9A4
00BEAAA5
00BFABA6
00C0ACA7
00C0ADA8
00C0ADA8
00C0ADA8
00C1AEA9
00C0ADA8
00C1ADA9
00C1AFAA
00C2AFAA
00C2AFAA
00C2AFAA
00C2AFAA
00C1AEA9
00C1AEA9
00C2AFAA
00C2AFAA
00C3AFAA
00C3AFAA
00C3B0AB
00C3B0AC
00C3B0AB
00C3B0AB
00C3B0AB
00C3B0AB
00C2AFAB
00C2AFAA
00C2AFAA
00C1AEAB
00C1AFAB
00C1AEA9
00C1ADA9
00C0ADA8
00C0ADA9
00C0ADA9
00BEACA8
00BEABA6
00BEABA7
00BEABA6
00BFACA7
00BFACA9
00BEABA8
00BDAAA7
00BEABA8
00BDABA8
00BDABA8
00BBABA7
00BBAAA7
00BBA9A6
00BBA9A6
00BBA8A5
00B9A7A4
00B8A7A3
00B9A7A3
00BBA8A4
00BAA8A5
00B9A8A5
00BAA8A5
00BAA7A2
00B8A7A3
00B6A5A2
00B5A4A1
00B5A3A0
00B5A3A0
00B5A29F
00B5A3A0
00B5A29F
00B5A29F
00B69F93
00BBA18F
00B8A196
00B5A39E
00B6A49F
00B7A49F
00B8A6A1
00B9A6A3
00B9A7A3
00B9A7A3
00BAA7A3
00B9A8A3
00BAA7A3
00B9A6A2
00B8A5A0
00B8A5A0
00B7A5A0
00B6A49F
00B6A39E
00B5A29D
00B6A49E
00B5A49E
00B5A39D
00B5A39E
00B4A19C
00B4A29C
00B4A39C
00B3A29C
00B59E9D
00B69E9D
00B79E9D
00B79E9E
00B69E9E
00B79F9F
00B8A09F
00B8A09F
00B9A1A1
00B9A1A1
00B8A1A1
00B8A1A1
00B8A0A1
00B8A1A1
00B9A2A2
00B9A2A1
00B9A2A1
00B8A2A1
00B8A3A2
00BAA4A4
00BBA5A4
00BAA5A4
00BBA6A5
00BCA7A5
00BCA7A5
00BCA8A3
00BCA8A3
00BCA9A3
00BCA8A4
00BDA9A4
00BDA9A4
00BEABA6
00BFABA7
00BFACA8
00C0ADA8
00C0ACA8
00BFACA8
00C0ADA9
00C0ADA8
00C0ADA8
00C1AEA9
00C2AFAA
00C2AFAA
00C2AFAA
00C1AEA9
00C1AEA9
00C1AEA9
00C2AFAA
00C2AFAA
00C2AFAA
00C3AFAA
00C2AFAB
00C2AFAB
00C2AFAB
00C2AFAA
00C2AFAA
00C2AFAA
00C2AFAA
00C2AFAA
00C1AEAA
00C1AEAA
00C0AEAB
00C0ADAA
00C0ADA9
00C0ADA8
00BFACA8
00BFACA8
00BDAAA7
00BDAAA7
00BEABA6
00BEABA6
00BEABA8
00BEABA8
00BDAAA7
00BCA9A6
00BCA9A6
00BBAAA7
00BCAAA7
00BBAAA7
00BAA9A6
00BAA8A5
00BBA9A6
00BAA8A5
00B8A7A4
00B8A7A4
00B9A8A4
00BAA9A6
00BAA8A5
00B9A8A5
00B9A8A5
00BAA7A4
00B8A7A3
00B7A6A2
00B7A6A3
00B6A5A1
00B6A4A1
00B6A4A1
00B7A4A2
00B5A3A1
00B4A3A0
00B5A19D
00B7A29B
00B7A29D
00B7A5A1
00B7A5A0
00B7A4A0
00B8A5A1
00B8A6A3
00B8A7A3
00B8A7A3
00B8A6A2
00B9A6A2
00B8A5A1
00B7A4A0
00B6A49F
00B6A49E
00B6A39E
00B6A39E
00B5A29D
00B4A19C
00B4A19C
00B4A19C
00B5A29D
00B4A29D
00B4A29D
00B4A29D
00B3A39C
00B2A19B
00B49C9C
00B59D9D
00B69E9D
00B79E9E
00B79F9F
00B79F9F
00B79F9D
00B79F9E
00B79FA0
00B8A0A0
00B8A1A1
00B8A0A1
00B7A0A1
00B7A0A2
00B8A1A1
00B8A2A1
00B8A2A2
00B8A2A1
00B9A3A3
00BAA4A3
00BAA4A4
00BAA5A4
00BBA6A4
00BDA8A6
00BCA7A4
00BCA8A3
00BCA8A3
00BCA8A3
00BBA7A3
00BCA7A4
00BCA9A4
00BDAAA5
00BEABA7
00BEAAA8
00BFABA7
00BFABA7
00BEABA6
00BFACA8
00BFACA7
00BFACA7
00C0AEA9
00C2AFAA
00C2AFAA
00C2AFA9
00C2AFAA
00C1AEAA
00C1AEAA
00C2AFAA
00C2AFAA
00C2AFAA
00C2AFAC
00C3AFAC
00C2AFAA
00C2AFAA
00C2AFAB
00C2AFAA
00C2AFAA
00C2AFAA
00C2AEA9
00C1AEAA
00C1AEAB
00C0ADAB
00C0ADAA
00C0ADA8
00C0ADA9
00C0ADA8
00BFACA8
00BEABA8
00BDAAA7
00BDAAA6
00BDABA6
00BEABA7
00BDAAA7
00BCAAA7
00BDAAA7
00BCAAA7
00BCAAA7
00BBA9A6
00BBAAA7
00BBAAA7
00BCAAA6
00BBA8A5
00BAA7A4
00B9A7A4
00B9A7A4
00B8A7A4
00B9A8A5
00BAA8A5
00B8A7A4
00B8A7A4
00B8A7A3
00B7A6A3
00B5A4A1
00B5A4A1
00B5A3A0
00B5A29F
00B5A2A0
00B5A3A0
00B5A3A1
00B5A4A1
00B5A3A0
00B5A29F
00B6A3A1
00B7A4A1
00B6A39F
00B6A29F
00B6A3A0
00B6A4A1
00B6A5A1
00B7A6A0
00B8A5A0
00B7A4A0
00B6A4A0
00B5A39E
00B5A29D
00B5A29D
00B5A29D
00B5A29D
00B3A09B
00B3A09B
00B3A09B
00B3A09B
00B3A19C
00B4A29D
00B3A29D
00B3A39D
00B3A29C
00B2A19B
00B69C9C
00B69C9C
00B69D9D
00B69E9E
00B79F9F
00B79F9F
00B79F9E
00B79F9F
00B79F9F
00B8A0A0
00B8A0A0
00B8A0A0
00B7A0A1
00B7A0A2
00B8A2A2
00B8A2A1
00B8A2A1
00B9A2A2
00BAA2A2
00BAA4A3
00B9A4A3
00BAA4A2
00BAA5A3
00BBA6A3
00BDA8A5
00BDA8A4
00BCA7A4
00BCA8A4
00BCA8A3
00BCA8A3
00BDA9A5
00BDAAA5
00BEAAA6
00BFAAA8
00BFABA8
00BEABA6
00BEABA6
00BEACA7
00BFACA7
00BFACA7
00C0ADA8
00C1AEA9
00C2AFAA
00C1AEA9
00C1AEA9
00C1AEAA
00C1AEA9
00C1AEA9
00C1AEA9
00C1AEAA
00C2AFAC
00C1AEAB
00C1AEA9
00C2AEAA
00C2AFAA
00C2AFAA
00C1AEA9
00C1AEA9
00C1AEA9
00C1AEAB
00C1AEAB
00C0ADAA
00C0ADA9
00C0ADA8
00C0ADA9
00C0ADAA
00BEABA8
00BEABA8
00BEABA8
00BDAAA7
00BCAAA5
00BDAAA7
00BDAAA7
00BCA9A7
00BCA9A6
00BBA9A6
00BBA8A5
00BBA8A5
00BBA9A6
00BAA8A6
00BBA8A5
00BBA8A5
00B9A6A3
00B7A5A2
00B8A6A3
00B8A6A3
00B8A6A3
00B8A6A3
00B8A6A3
00B7A6A3
00B6A5A2
00B6A4A1
00B5A4A1
00B4A3A0
00B4A29F
00B4A19E
00B3A19E
00B2A09E
00B3A19E
00B3A19E
00B3A09D
00B3A09D
00B4A19E
00B6A3A0
00B6A39F
00B7A3A0
00B7A4A1
00B7A4A0
00B7A5A0
00B7A5A0
00B7A59F
00B7A49F
00B7A5A0
00B6A49F
00B5A29D
00B5A29D
00B6A39E
00B5A29D
00B3A09B
00B3A09B
00B3A09B
00B3A09B
00B3A19B
00B3A29C
00B3A29D
00B3A39D
00B2A19B
00B1A19B
00B59C9C
00B69C9C
00B69D9D
00B69E9E
00B69E9F
00B69E9E
00B69E9E
00B79F9F
00B79F9F
00B79F9F
00B79F9F
00B7A09F
00B7A0A0
00B6A0A1
00B7A0A1
00B7A1A1
00B7A1A1
00B9A2A1
00B9A2A1
00B9A3A1
00BAA4A1
00BBA6A2
00BAA5A2
00BBA7A3
00BCA7A4
00BCA8A5
00BBA7A4
00BBA7A4
00BCA8A4
00BDA8A4
00BDA9A5
00BDA9A5
00BDA9A5
00BDA9A6
00BFAAA8
00BEABA7
00BEABA7
00BEABA7
00BFABA6
00BFACA7
00BFACA8
00C1AEA9
00C1AEA9
00C1AEA9
00C1AEA9
00C1ADA9
00C1AEAA
00C1AEA9
00C0ADA9
00C0ADA9
00C1AEAA
00C1AEA9
00C0ADA9
00C1AEAB
00C1AEAB
00C2AFAA
00C1AEA9
00C1AEAA
00C1AEAB
00C1AEAB
00C1AEAB
00C0ADAA
00C0ADAA
00BFADA8
00BFADA8
00BFACA9
00BEABA8
00BDAAA7
00BDAAA7
00BDABA8
00BDAAA7
00BCA9A6
00BBA9A6
00BAA8A5
00BBA8A5
00BBA8A5
00BBA7A5
00BAA8A5
00BAA8A5
00BAA8A5
00BBA8A6
00BAA7A5
00B9A6A3
00B8A6A3
00B9A6A4
00B8A6A3
00B8A5A2
00B7A5A2
00B8A6A3
00B7A5A3
00B5A4A1
00B5A4A1
00B4A29F
00B3A29F
00B3A19E
00B2A19E
00B2A19E
00B3A19E
00B2A09D
00B2A09D
00B3A09D
00B3A09C
00B3A09D
00B5A29F
00B6A39F
00B6A3A0
00B6A3A0
00B6A39F
00B7A49F
00B6A39E
00B7A49F
00B6A39F
00B6A3A0
00B6A39F
00B5A29D
00B4A19C
00B4A19C
00B4A09C
00B29F9A
00B2A09B
00B2A09A
00B29F9A
00B2A09B
00B2A19B
00B2A29C
00B3A39D
00B2A29B
00B2A29C
00B59B9C
00B69C9C
00B69C9C
00B59D9D
00B69E9E
00B59D9D
00B69E9E
00B79F9F
00B69E9E
00B79F9F
00B79F9F
00B79F9F
00B5A0A0
00B7A0A0
00B79F9F
00B69F9F
00B6A1A0
00B7A1A0
00B8A29F
00B9A39E
00BBA6A1
00BBA7A3
00BBA7A4
00BBA7A4
00BCA7A5
00BCA7A5
00BBA7A4
00BBA7A4
00BCA8A5
00BCA9A4
00BCA9A4
00BDAAA5
00BEAAA6
00BEA9A6
00BEA9A7
00BEAAA7
00BDAAA7
00BEABA7
00BFABA7
00BFACA7
00BFADA8
00C0ADA8
00C1AEA9
00C1AEA9
00C1AEA9
00C1ADA9
00C0ADA9
00C1ADAA
00C1AEA9
00C0ADA9
00C0ADA8
00C0ADA8
00C0ADA9
00C1AEAB
00C1AEAB
00C1AEA9
00C1AEA9
00C1AEAA
00C1AEAB
00C1AEAA
00C0ADAA
00C0ADAA
00BFADAA
00BEACA8
00BEABA7
00BEACA8
00BEABA8
00BCA9A6
00BCA9A6
00BCA9A6
00BDAAA7
00BCA9A6
00BBA8A5
00BAA7A4
00BAA7A4
00BBA7A4
00BAA7A5
00B9A7A4
00B9A8A5
00BBA8A5
00BBA8A5
00BAA7A5
00B9A6A3
00B8A6A3
00B8A6A3
00B8A6A3
00B7A5A2
00B7A4A1
00B7A4A1
00B6A4A1
00B5A4A1
00B4A3A0
00B3A29F
00B2A19E
00B2A19E
00B3A29F
00B1A09D
00B1A09E
00B1A09D
00B2A09D
00B3A09E
00B4A19E
00B4A19E
00B4A19E
00B5A29F
00B6A39F
00B6A39F
00B5A29E
00B5A29D
00B5A39E
00B6A39F
00B6A39F
00B5A29E
00B5A29E
00B4A19C
00B3A19C
00B3A09B
00B3A09C
00B3A19C
00B3A09B
00B29F9A
00B2A09B
00B2A19B
00B1A19B
00B1A19B
00B2A29A
00B1A19B
00B1A19B
00B59C9C
00B69C9C
00B59D9D
00B59D9D
00B59D9D
00B59D9D
00B59D9E
00B69EA0
00B69E9E
00B69E9E
00B69E9F
00B79F9F
00B69F9E
00B79F9F
00B79FA0
00B79F9F
00B6A09F
00B8A29F
00B9A39F
00B9A5A0
00BAA6A2
00BBA7A3
00BBA7A4
00BBA6A4
00BBA6A4
00BBA7A5
00BBA7A4
00BBA6A3
00BBA7A4
00BBA8A4
00BCA9A5
00BDAAA6
00BDAAA6
00BDAAA6
00BEA9A7
00BEAAA7
00BEAAA6
00BEAAA6
00BFABA6
00BFABA7
00BFACA8
00C0ADA8
00C0ADA8
00C0ADA8
00C1ADA9
00C1ADAA
00C1ADAA
00C0ADAA
00C1AEA9
00C0ADA8
00C0ADA8
00BFACA7
00C0ADA8
00C0ADA9
00C0ADA9
00C0ADA8
00C1AEA9
00C1AEAB
00C1AEAB
00C0ADAA
00C0ADA9
00C0ADAA
00C0ADAA
00BEACA8
00BDAAA6
00BEABA7
00BDAAA7
00BCA9A6
00BCA9A7
00BCA9A6
00BCA9A6
00BBA9A6
00BAA8A5
00B9A7A4
00BAA8A5
00BAA7A4
00B9A7A4
00B8A7A4
00B8A6A3
00BAA8A5
00BBA8A5
00BAA8A5
00B9A6A3
00B7A6A3
00B7A6A3
00B7A6A3
00B7A5A2
00B7A4A1
00B7A4A0
00B5A3A0
00B4A19F
00B4A3A0
00B3A29F
00B2A19E
00B2A19E
00B3A29F
00B2A19E
00B2A09E
00B19F9E
00B1A09D
00B2A09D
00B4A19E
00B3A09D
00B4A19E
00B5A3A0
00B6A3A0
00B6A39F
00B5A29E
00B6A39E
00B7A39F
00B6A39F
00B6A39F
00B5A29E
00B5A29D
00B3A19B
00B29F9A
00B19F9A
00B2A09B
00B2A09B
00B1A09A
00B09F99
00B19F9A
00B1A09A
00B1A19B
00B2A19A
00B1A19A
00B0A09A
00B0A099
00B49C9C
00B49C9C
00B49C9C
00B59D9D
00B49C9D
00B59D9E
00B49C9E
00B49D9E
00B59D9D
00B69E9E
00B69E9E
00B69E9E
00B69E9E
00B69E9F
00B7A09F
00B7A09E
00B6A09C
00B8A39E
00B9A5A0
00B9A5A0
00BAA6A2
00BAA5A2
00BAA6A2
00BAA5A3
00BAA6A4
00B9A6A3
00BAA6A3
00BBA7A3
00BAA6A2
00BBA7A3
00BCA8A5
00BCA9A6
00BCA9A5
00BDAAA5
00BDAAA7
00BDAAA6
00BEAAA6
00BEAAA6
00BFABA6
00BFACA7
00BFACA8
00BFACA8
00BFACA8
00C0ADA9
00C0ADA9
00C1ADAA
00C1ADAA
00C0ADA9
00C0ADA9
00C0ADA9
00C0ADA8
00BFACA8
00BFACA7
00BFACA8
00C0AEA9
00C0ADA8
00C0ADA8
00C0ADA9
00C0ADAA
00C0ADA8
00BFACA8
00BEABA8
00BEABA8
00BDABA8
00BCA9A6
00BCAAA6
00BCA9A6
00BCA9A7
00BDAAA7
00BCA9A6
00BCA9A6
00BBA9A6
00B9A7A4
00B8A6A3
00B9A7A4
00B8A6A3
00B8A7A4
00B8A7A4
00B8A6A3
00B9A7A4
00BAA8A5
00BAA8A5
00B9A7A4
00B7A5A3
00B7A6A3
00B7A6A3
00B39F99
00AF9990
00B29C94
00B5A19C
00BAA8A5
00B3A29F
00B3A29F
00B2A19E
00B1A09D
00B2A19E
00B2A19F
00B2A09D
00B2A09E
00B2A09E
00B2A09D
00B29F9D
00B29F9C
00B2A09E
00B3A19E
00B4A29F
00B4A19E
00B4A19D
00B5A29D
00B5A29D
00B5A29D
00B4A19C
00B4A19C
00B4A19D
00B1A09A
00B19E99
00B09E99
00B19E99
00B09F99
00B0A09A
00AF9F99
00AF9E98
00AF9F99
00B0A09A
00B1A19A
00B1A09A
00AF9F98
00AE9E98
00B39B9B
00B39B9B
00B39B9B
00B49C9B
00B39B9D
00B49C9E
00B39B9D
00B49C9E
00B59D9D
00B49C9C
00B59D9D
00B59D9D
00B69E9E
00B59E9D
00B69F9C
00B6A09B
00B6A29C
00B8A49E
00B9A5A0
00B9A4A1
00B9A5A1
00B9A5A1
00B9A5A1
00B9A4A2
00BAA5A2
00B9A6A3
00B8A6A2
00B9A6A2
00BAA5A2
00BBA6A3
00BBA7A4
00BCA8A6
00BBA8A4
00BCA9A5
00BCA9A5
00BDAAA5
00BDAAA6
00BEAAA6
00BEAAA6
00BEABA6
00BFACA8
00BFACA9
00BFACA8
00C0ADA9
00BFACA9
00C0ADAA
00C0ACA9
00BFACA9
00C0ADA8
00BFACA8
00BFACA9
00BFACA9
00BFACA7
00BFACA8
00C0ADA8
00C0ADA8
00BFACA7
00BFACA8
00C0ADA9
00BFACA8
00BFACA8
00BEABA8
00BEABA8
00BDAAA7
00BCA9A6
00BCAAA6
00BCA9A6
00BCA9A6
00BBA8A5
00BBA8A5
00BBA8A5
00BAA8A5
00BAA7A4
00B9A6A3
00B8A6A3
00B8A6A3
00B8A7A4
00B7A6A3
00B8A6A4
00B8A6A3
00B9A7A4
00B9A7A4
00B8A6A3
00B6A5A2
00B6A5A2
00B6A6A3
00B19B92
00AF9688
00AF9B97
00B2A1A1
00B59E97
00B4A19D
00B3A29F
00B2A19E
00B2A19E
00B2A19E
00B2A19E
00B1A09D
00B1A09D
00B19F9C
00B19F9C
00B19E9B
00B09E9B
00B1A09D
00B2A19E
00B4A19E
00B4A19E
00B3A09C
00B3A19C
00B3A19C
00B3A09B
00B3A09B
00B3A09B
00B2A19C
00B1A09B
00B09F99
00B09F9A
00B09F9A
00B09F9A
00B0A09A
00B0A09A
00B0A09A
00AF9F99
00B0A09A
00B0A099
00B0A09A
00AF9F99
00AE9E98
00B2999B
00B29A9A
00B39B9B
00B39B9B
00B39B9D
00B39B9D
00B39B9D
00B49C9E
00B49C9D
00B49C9C
00B59D9D
00B59D9E
00B69E9D
00B49D9B
00B7A19C
00B7A29D
00B7A39E
00B8A49F
00B9A5A0
00B9A4A1
00B9A5A1
00B9A6A1
00B9A6A1
00B9A5A2
00B9A5A3
00B9A6A3
00B9A6A3
00BAA6A2
00BBA7A3
00BBA6A4
00BBA6A4
00BCA7A5
00BBA8A4
00BCA9A5
00BCA9A5
00BDAAA6
00BCA9A5
00BEAAA7
00BEAAA6
00BEABA6
00BEABA8
00C0ADAA
00C0ADAA
00BFACA9
00BFACA9
00BFACA9
00BFACA8
00BFACA9
00BFACA9
00BFACA8
00BFACA9
00BFACA9
00BEABA8
00BFACA7
00BFACA7
00BFACA7
00BFACA7
00BFACA8
00BFACA9
00BFACA9
00BEABA8
00BEABA8
00BEABA8
00BCA9A6
00BCA9A5
00BCAAA6
00BCA9A6
00BBA9A6
00BAA8A5
00BBA7A4
00BAA8A4
00B9A7A4
00B8A6A4
00B9A7A4
00B9A6A3
00B8A6A3
00B6A5A2
00B6A5A2
00B7A6A3
00B7A5A3
00B7A5A3
00B7A5A2
00B6A5A2
00B5A4A2
00B6A5A2
00B5A3A1
00B19D98
00B19E94
00AF9995
00B09999
00AF9796
00B2A09D
00B3A19E
00B1A09D
00B1A09C
00B1A09D
00B1A09D
00B09E9B
00B09E9B
00AF9D9A
00B09D9A
00AF9D9A
00AE9D9A
00B1A09D
00B3A09D
00B4A19E
00B4A19D
00B4A09D
00B3A09D
00B29F9B
00B3A09B
00B3A09C
00B1A09B
00B0A09A
00B0A09A
00AF9F99
00AF9F99
00AF9F99
00B09F9A
00B0A09A
00AF9F99
00B0A09A
00AF9F99
00B0A09A
00AF9F99
00B0A09A
00AE9F99
00AE9E99
00B29A9B
00B39A9B
00B49A9C
00B39B9C
00B29A9C
00B39B9D
00B49C9E
00B49C9D
00B49C9D
00B49C9D
00B59E9D
00B59E9A
00B49D9A
00B6A09C
00B7A39D
00B8A39F
00B8A49F
00B7A39F
00B8A4A0
00B9A4A2
00B9A5A2
00B9A6A2
00B9A6A2
00B9A6A2
00B9A6A3
00B9A6A3
00BAA6A3
00BAA7A3
00BBA7A4
00BBA7A4
00BBA7A4
00BCA7A5
00BBA8A5
00BCA9A6
00BCA9A6
00BCA9A5
00BCA9A6
00BDAAA6
00BDAAA7
00BEABA8
00BEABA8
00BFACA9
00BFACA9
00BFACA9
00BEABA8
00BFACA9
00BFACA9
00BFACA9
00BFACA9
00BFACA9
00BFACA9
00BFACA8
00BEABA8
00BFACA8
00BFACA7
00BFACA7
00BFACA8
00BFABA7
00BFACA9
00BEABA9
00BEABA8
00BEABA8
00BDAAA7
00BCAAA6
00BDAAA6
00BCA9A6
00BCA9A6
00BBA8A5
00BAA8A5
00BBA7A4
00BAA8A4
00B9A7A4
00B7A6A4
00B7A6A3
00B8A5A2
00B7A5A2
00B5A4A1
00B5A4A1
00B6A4A2
00B5A4A1
00B5A4A1
00B5A3A1
00B5A3A1
00B5A4A1
00B6A5A2
00BCABA8
00B3A3A1
00AF9F9C
00B09891
00B19791
00B6A19A
00B4A29E
00B3A19E
00B2A09D
00B3A19E
00B2A09D
00B19F9C
00B09E9B
00B09D9A
00AF9D9A
00AF9C99
00AF9C99
00AD9C98
00B09E9A
00B29F9C
00B3A09E
00B3A09D
00B2A09C
00B29F9C
00B29F9C
00B19E9A
00B09E9B
00AF9F9B
00AF9F9A
00AF9F99
00AF9F99
00AE9E98
00AF9F99
00AF9E99
00AF9F99
00AF9F99
00B0A09A
00B0A09A
00AF9F99
00AE9E98
00AF9F99
00AD9E98
00AD9E98
00B29999
00B2999A
00B29A9C
00B29A9C
00B1999B
00B1999B
00B39A9C
00B49C9C
00B49C9D
00B49C9C
00B39C98
00B49D98
00B6A09B
00B8A29E
00B7A29F
00B7A3A0
00B7A3A0
00B7A29F
00B7A3A0
00B8A3A0
00B8A3A1
00B8A5A1
00B8A5A1
00B9A5A1
00B9A6A3
00B9A6A3
00B9A6A3
00BAA6A3
00BAA6A4
00BBA6A4
00BBA7A4
00BBA7A4
00BBA8A5
00BCA9A6
00BCA9A6
00BDAAA6
00BDAAA6
00BDAAA7
00BDABA8
00BEABA8
00BFACA9
00BFACA9
00BEABA8
00BEABA8
00BEABA8
00BFACA9
00BFACA9
00BFACA9
00BFACA9
00BFACA9
00BFACA9
00BFACA8
00BEABA8
00BFACA9
00BFACA9
00BFACA8
00BFACA8
00BFACA8
00BEACA8
00BDABA8
00BEABA8
00BCA9A7
00BCA9A6
00BBA9A5
00BCA9A5
00BCA9A6
00BBA8A5
00BBA8A5
00BAA7A4
00BAA7A4
00BAA7A4
00B8A7A4
00B7A6A4
00B7A6A3
00B6A4A2
00B6A5A2
00B6A5A2
00B6A5A2
00B6A5A2
00B5A4A1
00B5A4A1
00B5A3A1
00B5A4A2
00B4A3A1
00B6A4A1
00C3B3B0
00BFAFAC
00B6A5A3
00B9A6A2
00B9A6A2
00BBA9A5
00B6A3A1
00B3A19E
00B3A19E
00B3A19E
00B3A19E
00B29F9C
00B19E9B
00AF9D9A
00AF9D9A
00B09E9B
00B09D9A
00AF9D9A
00B09E9B
00B19E9B
00B19E9B
00B09E9B
00B09D9A
00B19E9B
00B19E9B
00B19E9B
00AF9D9A
00AF9E9B
00AE9D98
00AE9D98
00AE9E99
00B09F9A
00B09E99
00B09F99
00B09F99
00AE9E98
00AF9F99
00B0A09A
00AF9F99
00AE9E98
00AE9E98
00AE9E98
00AD9D97
00B19898
00B29999
00B2999B
00B29A9C
00B1999B
00B1989B
00B2999B
00B39B9B
00B49C9B
00B39C99
00B59E9A
00B7A19C
00B7A29E
00B6A19F
00B6A19F
00B7A2A0
00B7A2A0
00B6A19F
00B7A2A0
00B7A2A0
00B7A2A0
00B7A4A1
00B8A5A1
00B8A4A0
00B8A5A2
00B8A5A2
00B9A6A3
00BAA6A3
00BAA6A3
00BBA6A4
00BBA6A4
00BBA6A4
00BBA7A4
00BCA9A6
00BCA8A5
00BCA9A6
00BDAAA6
00BDAAA6
00BDAAA7
00BDAAA7
00BEABA8
00BEABA8
00BDAAA7
00BDAAA7
00BDAAA8
00BEABA8
00BEABA8
00BEABA8
00BEABA7
00BEABA7
00BEABA7
00BEABA6
00BEABA6
00BDAAA7
00BEABA8
00BEABA8
00BEABA8
00BEABA8
00BEABA8
00BEABA8
00BDAAA7
00BCA9A6
00BBA9A6
00BCA9A6
00BCA9A6
00BBA9A6
00BBA8A5
00BAA7A4
00BAA8A5
00BAA7A5
00B9A7A4
00B7A6A3
00B7A6A3
00B7A5A3
00B6A5A2
00B6A5A2
00B6A4A2
00B5A4A2
00B5A4A1
00B5A4A1
00B4A3A1
00B4A2A1
00B5A3A2
00B5A3A2
00B4A2A0
00B4A19F
00B4A3A1
00B1A09E
00B1A09E
00B2A09D
00B2A09D
00B3A09D
00B3A19E
00B2A19E
00B2A19E
00B3A19E
00B29F9C
00B19F9C
00B1A09D
00B09F9C
00AF9D9B
00B09E9B
00AF9D9A
00B09D9A
00AF9C99
00B09D9A
00B09F9C
00B09E9B
00B09E9B
00AF9D9A
00AF9C99
00AE9D99
00AE9E9A
00AE9D99
00AD9C97
00AD9C97
00AE9D98
00AF9C98
00AF9D98
00AF9D98
00AF9D98
00AE9D98
00AE9E98
00AF9E98
00AF9F99
00AF9F9A
00AE9E98
00AE9E98
00B19898
00B29899
00B2999A
00B1999B
00B0989A
00B29799
00B39999
00B39B9A
00B49D9A
00B6A09B
00B6A19C
00B6A29E
00B6A19F
00B6A19F
00B6A19F
00B7A2A0
00B6A19F
00B6A29F
00B6A19F
00B7A2A0
00B7A3A0
00B7A3A0
00B7A4A1
00B7A4A0
00B9A5A1
00B9A5A2
00BAA5A3
00BAA6A4
00BAA6A3
00BAA6A4
00BBA7A4
00BBA8A5
00BBA8A5
00BCA9A6
00BCA9A6
00BCA9A6
00BCA9A6
00BCA9A6
00BCA9A6
00BDAAA6
00BDAAA7
00BDAAA7
00BDAAA7
00BDAAA7
00BDAAA7
00BEABA7
00BEABA8
00BEABA7
00BEABA7
00BEABA6
00BFACA7
00BEABA7
00BEABA6
00BDAAA7
00BEABA8
00BEABA8
00BEABA8
00BDAAA7
00BEABA8
00BDAAA7
00BCAAA7
00BBA9A6
00BBA8A5
00BBA8A5
00BAA8A5
00B9A7A4
00B9A7A4
00BAA7A4
00BAA7A4
00BAA8A5
00B8A6A3
00B7A6A3
00B7A5A2
00B6A5A3
00B5A4A1
00B5A4A1
00B5A4A1
00B5A3A1
00B4A3A0
00B4A3A0
00B3A2A0
00B4A2A0
00B4A2A1
00B5A3A2
00B4A2A1
00B4A2A1
00B19F9D
00B09F9C
00B2A09E
00B2A19E
00B2A09D
00B1A09E
00B2A19F
00B2A09F
00B19F9E
00B09E9C
00B09F9C
00B09F9C
00B09F9C
00B09F9C
00AF9E9B
00AF9D9A
00AF9D9A
00AF9D9A
00AE9C98
00AF9D9A
00AF9E9B
00AF9D9A
00AF9D9A
00AE9C99
00AE9C98
00AE9C98
00AF9D9A
00AD9C99
00AE9D9A
00AD9C98
00AD9C98
00AE9D98
00AF9D98
00B09D98
00AF9D98
00AF9D98
00AF9E98
00AF9E98
00AF9E99
00AF9F9A
00AF9F99
00AE9E98
00B1989A
00B3989A
00B2989B
00B1989A
00B19899
00B19798
00B19896
00B39C97
00B6A09C
00B5A09C
00B5A09C
00B5A09D
00B5A09E
00B6A19F
00B6A19F
00B6A19F
00B6A19E
00B7A2A0
00B7A2A0
00B6A19F
00B7A2A0
00B8A3A1
00B8A4A1
00B8A4A1
00B9A5A2
00BAA5A3
00B9A4A2
00BBA6A4
00B9A6A2
00B9A5A3
00BAA7A4
00BBA8A5
00BBA7A4
00BBA8A5
00BBA8A5
00BCA9A6
00BCA9A6
00BCA9A6
00BCA9A6
00BCA9A6
00BCAAA7
00BCA9A6
00BDAAA7
00BDAAA7
00BDAAA7
00BDAAA7
00BDAAA7
00BEABA7
00BEABA7
00BDAAA5
00BDABA6
00BEABA7
00BDAAA6
00BDAAA6
00BEABA8
00BEABA8
00BEABA8
00BDAAA7
00BDAAA7
00BCA9A6
00BCA9A6
00BBA8A5
00BAA8A5
00B9A7A4
00B9A6A4
00B9A7A4
00B9A6A3
00B9A7A4
00B9A7A4
00B9A7A4
00B8A6A3
00B7A5A2
00B6A4A1
00B6A5A2
00B5A4A1
00B5A4A1
00B5A4A1
00B5A4A1
00B4A3A0
00B4A3A0
00B2A19F
00B3A2A0
00B4A2A1
00B4A2A1
00B4A2A1
00B3A1A0
00B19F9E
00B1A09E
00B1A09D
00B2A19E
00B2A09D
00B1A09D
00B2A09F
00B2A09F
00B19F9E
00B09E9C
00B09F9C
00B1A09D
00B1A09D
00B1A09D
00B09E9B
00B09F9C
00AF9E9B
00AE9D9A
00AD9B98
00AE9D9A
00AE9D9A
00AF9E9B
00AF9D9A
00AE9C9A
00AD9B98
00B09D99
00AF9D9A
00AE9D9A
00AE9D9A
00AE9D99
00AE9D99
00AF9E9A
00AF9E9A
00AF9D98
00AF9D98
00AF9D98
00B09E98
00B09E99
00AF9F99
00AE9D98
00AE9E98
00AE9E98
00B1989A
00B2989B
00B2989A
00B2999A
00B09897
00B09895
00B19A95
00B39E99
00B49F9A
00B4A09B
00B39F9B
00B49F9C
00B49F9D
00B5A09E
00B5A09E
00B5A09E
00B5A09E
00B6A19F
00B7A29F
00B6A19F
00B7A2A0
00B7A2A0
00B7A3A0
00B7A4A1
00B8A4A1
00B8A4A1
00B9A5A2
00B9A6A3
00B9A5A2
00B9A6A3
00BAA6A4
00BAA7A4
00BAA7A4
00BBA8A5
00BBA8A5
00BBA8A5
00BCA9A6
00BBA8A5
00BCA9A6
00BCA9A6
00BCA9A6
00BCA9A6
00BDAAA7
00BDAAA7
00BDA9A6
00BDAAA6
00BDAAA7
00BDAAA7
00BDAAA7
00BEABA7
00BDAAA7
00BEABA7
00BDAAA6
00BDA9A6
00BEAAA7
00BDAAA7
00BDAAA7
00BDAAA7
00BCA9A6
00BCA9A6
00BBA7A4
00BAA7A4
00BAA8A5
00BAA7A4
00BAA7A4
00B9A6A3
00B9A6A3
00B8A6A3
00B7A5A2
00B7A6A3
00B6A5A2
00B6A5A2
00B6A4A1
00B6A4A1
00B5A4A1
00B4A3A0
00B4A3A0
00B3A29F
00B3A29F
00B3A19E
00B3A19F
00B3A2A0
00B2A19F
00B3A1A0
00B3A1A0
00B2A09E
00B2A09E
00B2A09F
00B19F9D
00B19F9D
00B19F9D
00B1A09D
00B2A09E
00B19F9E
00B19F9E
00B09E9D
00B09F9D
00B19F9D
00B09F9C
00B09F9C
00B09E9B
00AF9E9B
00AF9E9B
00AE9D9A
00AE9D9A
00AE9C99
00AF9E9B
00AE9D9A
00AF9D9A
00AF9D9A
00AD9C99
00B09D9A
00AF9C99
00AF9D9A
00AE9C9A
00AE9D9A
00AE9D9A
00AE9D9A
00AE9D9A
00AE9D98
00AE9D98
00AE9D98
00AF9E99
00AF9E98
00AE9E98
00AE9E98
00AF9D98
00AF9E98
00B1989A
00B29899
00B29899
00B19997
00B09894
00B19B96
00B29C98
00B29D98
00B29E99
00B49F9C
00B39F9B
00B49F9C
00B49F9D
00B5A09E
00B5A09E
00B5A09E
00B5A19E
00B5A09E
00B6A29E
00B7A29F
00B7A2A0
00B7A2A0
00B7A2A0
00B7A3A0
00B7A4A1
00B7A4A1
00B8A5A2
00B9A6A3
00B9A5A2
00B9A5A3
00BAA6A4
00BAA7A4
00BAA7A4
00BBA8A5
00BBA8A5
00BBA8A5
00BBA8A5
00BCA9A6
00BCA9A6
00BBA8A5
00BBA8A5
00BBA8A5
00BCA9A6
00BCA9A6
00BCA9A6
00BDAAA6
00BDAAA7
00BDAAA7
00BDAAA7
00BDAAA6
00BDAAA7
00BDAAA7
00BCA9A6
00BCA9A6
00BDA9A7
00BDAAA6
00BCA9A5
00BCA9A5
00BCA9A5
00BBA8A5
00BAA7A4
00B9A7A4
00B9A7A4
00B9A7A4
00B9A6A3
00B8A5A2
00B9A6A3
00B9A6A3
00B8A6A3
00B7A6A3
00B6A4A1
00B6A4A1
00B5A3A0
00B4A29F
00B4A3A0
00B3A19F
00B2A19E
00B2A19E
00B1A09E
00B3A29F
00B3A29F
00B2A19E
00B3A29F
00B3A2A0
00B3A19F
00B2A09E
00B2A09E
00B19F9E
00B2A09E
00B19F9D
00B09F9D
00B1A09D
00B09F9C
00B19F9E
00B19F9F
00B09F9D
00B09F9D
00B09F9C
00B09E9C
00B09F9C
00AF9D9A
00AE9D9A
00AF9E9B
00AF9D9A
00AE9D9A
00AD9C99
00AD9C99
00AE9D9A
00AE9E9A
00AE9D9B
00AE9C99
00AF9C99
00AF9C99
00AF9D9A
00AE9D9A
00AE9D9A
00AD9C99
00AE9C9A
00AD9C99
00AD9C99
00AE9C98
00AD9B98
00AE9D98
00AF9F99
00AE9E98
00AF9D98
00B09D99
00AF9D98
00B1979A
00B19898
00B09896
00B09995
00B29C98
00B29C98
00B29C9A
00B29D9A
00B29D9A
00B29E9B
00B29E9B
00B29D9B
00B39E9C
00B5A09E
00B5A09E
00B5A09E
00B5A09E
00B5A09D
00B6A29E
00B7A39F
00B7A2A0
00B8A3A1
00B7A2A0
00B7A3A1
00B8A4A1
00B8A5A2
00B8A5A1
00B9A4A2
00B8A5A2
00B9A5A3
00B9A6A3
00BAA7A4
00BAA7A4
00BBA8A5
00BCA9A6
00BCA9A6
00BCA9A6
00BBA8A5
00BBA8A5
00BBA8A5
00BBA7A4
00BBA8A4
00BBA8A4
00BBA8A4
00BCA9A6
00BCA9A5
00BCAAA5
00BDAAA6
00BDA9A6
00BDA9A6
00BDA9A6
00BDA9A6
00BCA9A6
00BCA8A5
00BCA8A5
00BCA9A4
00BCA9A4
00BCA9A4
00BBA8A4
00BAA7A3
00BAA7A3
00B9A6A3
00B8A5A2
00B9A6A3
00B8A5A2
00B8A5A2
00B8A5A2
00B8A5A2
00B7A5A2
00B7A5A2
00B6A4A0
00B5A3A0
00B6A3A0
00B6A3A0
00B5A3A0
00B5A3A0
00B4A2A0
00B3A29F
00B3A29F
00B2A19E
00B2A09D
00B3A29F
00B3A29F
00B3A29F
00B2A19F
00B2A09F
00B2A19F
00B2A09E
00B2A09E
00B09E9D
00B09E9D
00B19F9D
00B1A09D
00B09F9D
00B09E9D
00B09E9D
00B09E9C
00B09F9C
00AF9E9B
00AF9E9B
00AE9D9A
00AE9D9A
00AE9D9A
00AF9D9A
00AE9C99
00AD9B98
00AC9B98
00AD9C99
00AE9D9A
00AC9B98
00AE9C99
00AE9C99
00AE9B98
00AE9C99
00AD9C99
00AD9C99
00AD9C9A
00AE9D9A
00AC9B98
00AC9B98
00AE9C99
00AD9B98
00AE9C98
00AF9E99
00AE9D97
00AE9D97
00AE9D98
00AE9C97
