00C19B83
00C19F86
00C1A28A
00C1A28D
00C1A28D
00C5A68D
00C5A691
00C5A68D
00C9AA90
00C9AA90
00C9A990
00CDA990
00CDA993
00CCAD97
00CCAD96
00D0AC96
00D0B09A
00CCB09A
00CCB09A
00CCB09A
00D0B49D
00CCB49D
00D0B49D
00D0B49D
00D0B89D
00D0B89D
00D0B8A1
00D5B8A1
00D5B8A1
00D0B9A1
00D1B9A2
00D5BDA5
00D5B9A2
00D5AD88
00D5A988
00D5AD8F
00D9B99E
00D5BCA5
00D4BCA5
00D9C0A8
00D8C0A8
00D8C0A8
00D8C0A8
00D8C0A8
00D8C0A8
00D8BFA7
00DCC4AB
00DCC4AB
00DCBFAB
00DCC3AB
00DCC3AB
00DCC3AB
00DCC3AB
00DCC3AB
00E1C8AF
00E1C8AF
00E1C8B3
00E1C8B3
00E1C8AF
00E1C8AF
00E0C8AF
00E0C8AF
00E0C8AF
00E0C8AF
00E5CDB3
00E0C8AF
00E5CDB3
00E5CDB3
00E5CDB3
00E5CDB3
00E5CDB3
00E5CDB3
00E5CDB3
00E5CDB3
00E5CDB3
00E5CDB3
00E5CDB3
00E5CDB3
00E5CDB3
00E5CDB3
00E5CDB3
00E5CDB3
00E5CDB3
00E5CDB3
00E5CDB3
00E5CDB3
00E5CDB3
00E5CDB4
00E5CDB4
00E5CDB4
00E5CDB4
00E5CDB4
00E5CDB4
00E1C8B0
00E1C8B0
00E1C8B0
00E1C8B0
00E1C8B0
00E1C8B0
00E1C8B0
00E1C8B0
00E1C8B0
00E1C8B0
00E1C8B0
00E1C4B0
00DDC4B0
00DDC4AC
00DCC4AC
00DCC4AC
00DCC4AC
00DCC4AC
00DCBFAC
00D8BFAB
00D8BFAB
00D8BFA7
00D8BFA7
00D8BFA7
00D8BFA7
00D3BFA7
00CEBFA7
00D3BFA7
00D8BFA7
00D8BFA7
00D3BBA4
00D3BBA4
00D3BBA4
00D3BBA4
00D3BBA4
00C29B83
00C19F86
00C19F86
00C1A38A
00C1A28A
00C5A68D
00C5A68D
00C5A691
00C9A690
00C9AA90
00C9AA90
00C9A990
00CDAD93
00CDAD97
00CCAD97
00D0AD9A
00D0B09A
00CCB096
00CCB09A
00D0B09A
00CCB49D
00CCB49D
00CCB49D
00CCB49D
00D0B8A1
00D0B8A1
00D0B8A1
00D0B8A1
00D5B8A1
00D0B9A1
00D1B9A2
00D5BDA5
00D5B59A
00D5A988
00D5A98C
00D5AD8F
00D5B99E
00D5BCA5
00D4BCA5
00D9C0A8
00D8C0A8
00D8C0A8
00D8C0A8
00D8C0A8
00D8C0A8
00D8BFA7
00DCC4AB
00DCC4AB
00D7C4AB
00DCBFAB
00DCC3AB
00DCC3AB
00DCC3AB
00DCC3AB
00E1C8AF
00DCC3AB
00E1C8AF
00E1C3B3
00E1C8B3
00E1C8B3
00E0C8AF
00E0C8AF
00E0C8AF
00E0C8B3
00E0C8AF
00E0C8B3
00E5C8B3
00E5CDB3
00E5CDB3
00E5CDB3
00E5CDB3
00E5CDB3
00E5CDB3
00E5CDB8
00E5CDB3
00E5CDB3
00E5CDB3
00E5CDB3
00E5CDB3
00E5CDB3
00E5CDB3
00E5CDB3
00E5CDB3
00E5CDB3
00E5CDB3
00E5CDB3
00E5CDB3
00E5CDB4
00E5C8B8
00E5C8B4
00E5CDB4
00E5CDB4
00E5CDB4
00E1C8B0
00DDC4AC
00E1C8B0
00E1C8B0
00E1C8B0
00E1C8B0
00E1C8B0
00E1C8B0
00E1C8B0
00DDC8B0
00DDC4B0
00DDC4AC
00DDC4AC
00DDC4AC
00DDC4AC
00DCC4AC
00DCC4AC
00DCC4AC
00D8C0AC
00D8BFA8
00D8BFA7
00D8BFA7
00D8BFA7
00D8BFA7
00D8BBA7
00D3BFA7
00CFBFA7
00D3BFA7
00D3BFA8
00D3BBA4
00D8BBA4
00D3BBA4
00D3BBA4
00D3BBA4
00D3BBA4
00C29F87
00C29F87
00C2A38A
00C2A38A
00C1A38A
00C5A68D
00C5A28D
00C5A68D
00C9A691
00C9AA90
00C9AA90
00C9AA94
00C9A994
00CDAD97
00CDAD97
00D1B19A
00D0B09A
00D0B09A
00D0B09A
00D0B49E
00CCB49E
00CCB49E
00CCB49D
00D0B49E
00D0B8A1
00D0B8A1
00D0B8A1
00D0B8A1
00D0B8A1
00D5B9A1
00D1B9A2
00D5B9A2
00D1B193
00D5A98C
00D5AD90
00D5B18F
00D5B596
00D9BCA5
00D4BCA5
00D4BCA5
00D8C0A8
00D8C0A8
00D8C0A8
00D8C0A8
00D8C0A8
00D8BFA8
00DCC4AB
00D7C4A7
00D7BFA7
00DCC3AB
00DCC3AB
00DCC3AB
00DCC3AB
00DCC3AB
00DCC3AB
00E1C8AF
00E1C3AF
00E1C8AF
00E1C8AF
00E1C8B3
00E1C8AF
00E0C8AF
00E0C8AF
00E0C8AF
00E0CDB3
00E0CDAF
00E0C8AF
00E5CDB3
00E5CDB3
00E5CDB3
00E5CDB3
00E5CDB3
00E5CDB3
00E5CDB3
00E5CDB3
00E5CDB3
00E5CDB8
00E5CDB3
00E5CDB3
00E5CDB3
00E5CDB3
00E5CDB3
00E5CDB3
00E5CDB3
00E5CDB3
00E5CDB3
00E5CDB4
00E5CDB4
00E5CDB4
00E1C8B4
00E1C8B0
00E5CDB4
00E5CDB4
00E1C8B0
00DDC4AC
00E1C8B0
00E1C8B0
00E1C8B0
00E1C8B0
00E1C8B0
00E1C8B0
00E1C8B0
00DDC4AC
00DDC8B0
00E1C4AC
00DDC4AC
00DDC4AC
00DDC4AC
00DCC4AC
00DCC4AC
00DCC4AC
00DCC0A8
00D8C0A8
00D8BFA8
00D8BFA7
00D8BFA7
00D3BFA7
00D3BFA3
00D3BBA3
00D3BFA8
00D3BBA4
00D3BBA4
00D3BBA4
00D3BBA4
00D3BBA4
00D3BBA4
00D3BBA4
00D3BBA4
00C69F87
00C29F87
00C2A38A
00C6A38A
00C29F8A
00C6A38E
00C5A38D
00C5A68D
00C9A68D
00C9A691
00CDAA94
00CDAA94
00CDAD97
00CDAD97
00CDAD97
00CCAD97
00D1B19A
00D0B09A
00D0B09A
00D0B49E
00D0B49E
00D0B49E
00D0B49E
00D0B49E
00D5B8A1
00D0B4A1
00D0B8A1
00D0B8A1
00D0B9A1
00D5B9A2
00D1B59E
00D1B19A
00D1AD90
00D1AD8C
00D5AD8C
00D5B18F
00D5B196
00D9B8A1
00D4B8A1
00D4BCA5
00D8C0A8
00D8C0A8
00D8C0A8
00D8C0A8
00D8C0A8
00D8BFA8
00DCC4AB
00D8BFA7
00DCC4AB
00DCC3AB
00DCC3AB
00DCC3AB
00DCC3AB
00DCC3AB
00DCC3AB
00DCC3AB
00E1C8AF
00E1C8AF
00E1C8AF
00E1C8AF
00E1C8AF
00E1C8AF
00E0C8AF
00E0C8AF
00E0C8B3
00E0C8B3
00E0C8AF
00E0C8AF
00E5CDB3
00E5CDB3
00E5CDB3
00E5CDB3
00E5CDB3
00E5CDB3
00E5CDB3
00E5CDB3
00E5CDB8
00E5CDB3
00E5CDB3
00E5CDB3
00E5CDB3
00E5CDB3
00E5CDB3
00E5CDB3
00E5CDB3
00E5CDB4
00E5CDB4
00E5CDB4
00E5C8B4
00E1C8B0
00E1C8B0
00E1C8B4
00E5C8B4
00E1C8B0
00DDC4AC
00E1C8B0
00E1C9B0
00E1C9B0
00E1C9B0
00E1C8B0
00E1C8B0
00E1C8B0
00DDC4AC
00DDC4AC
00DDC4AC
00DDC4AC
00DDC4AC
00DDC4AC
00DDC4AC
00D8C0A8
00D8C0A8
00D8C0A8
00D8C0A8
00D8C0A8
00D8BFA8
00D8BFA7
00D3BFA7
00D3BFA7
00D8BBA8
00D8C0A8
00D3BBA4
00D3BBA4
00D3BBA4
00D4BBA4
00D4BBA4
00D4BBA4
00D4BCA4
00D4BCA4
00C29F87
00C69F87
00C69F87
00C2A38A
00C69F87
00C6A38E
00C6A38E
00C6A68E
00C9A68D
00C9A691
00C9AA94
00C9AA94
00CDAD94
00CDA994
00CDAD97
00CDAD97
00CCAD97
00D1B19A
00D1B19A
00CCB59E
00D0B59E
00D0B49E
00D0B49E
00D0B49E
00D0B49E
00D0B8A1
00D0B8A1
00D0B9A1
00D1B59E
00D5B9A2
00D1B193
00CDA985
00D1AD8C
00D1AD8C
00D1AD8C
00D5AD8F
00D5B18F
00D5B096
00D0B09A
00D9BCA5
00D4BCA8
00D4BCA8
00D8C0A8
00D8C0A8
00D8C0A8
00D8C0A8
00D8BFA7
00D8BFA7
00DCC4AB
00DCC4AB
00DCC3AB
00DCC3AB
00DCC3AB
00DCC3AB
00DCC3AB
00DCC3AB
00E1C8AF
00E1C8AF
00E1C8AF
00E1C8AF
00E1C8AF
00E1C8AF
00E1C8AF
00E1C8AF
00E1CDB3
00E1C8B3
00E5C8B3
00E1C8AF
00E5CDB3
00E5CDB3
00E5CDB3
00E5CDB3
00E5CDB3
00E5CDB3
00E5CDB3
00E5CDB3
00E5CDB3
00E5CDB3
00E5CDB3
00E5CDB3
00E5CDB3
00E5CDB3
00E5CDB3
00E5CDB3
00E5CDB3
00E5CDB4
00E1C8B0
00E1C8B0
00E1C8B0
00E1C8B0
00E1C8B0
00E1C8B0
00E1C8B0
00E1C4AC
00E1C1A9
00DDBDA5
00D9B9A2
00D9B99E
00D9B99E
00DDBDA5
00DDC4AC
00E1C8B0
00E1C8B0
00DDC4AC
00DDC4AC
00DDC4AC
00DDC4AC
00DDC4AC
00DDC4AC
00DDC4AC
00D8C0A8
00D8C0A8
00D8C0A8
00D8C0A8
00D8C0A8
00D8C0A8
00D8BFA8
00D3BBA4
00D3BBA8
00D8C0A8
00D3BBA4
00D4BBA4
00D4BBA4
00D4BCA4
00D4BCA4
00D4B7A0
00CFBCA4
00CFBCA4
00C29C84
00C69F87
00C69F87
00C69F87
00C69F87
00C6A38E
00C6A38A
00C6A38A
00C6A38A
00C9A691
00C9AA94
00C9AA94
00CDAE94
00C9A690
00CDAD97
00CDAD97
00CDAD97
00CDB19A
00D1B19A
00D1B19A
00D1B59E
00D1B59E
00CCB59E
00D1B59E
00D1B9A1
00D1B9A1
00D1B9A2
00D1B9A2
00D5B59E
00D5B59E
00CDAD90
00CDA585
00CDA988
00D1AD8C
00D1AD8C
00D5B190
00D5AD8F
00D0AC93
00D4B096
00D9BCA5
00D8C0A8
00D8C0A8
00D8C0A8
00D8C0A8
00D8C0A8
00D8C0A8
00D8BFA7
00D8BFA7
00D7BFA7
00DCC4AB
00DCC3AB
00DCC3AB
00DCC3AB
00DCC3AB
00DCC3AB
00DCC3AB
00E1C8AF
00E1C8AF
00E1C8AF
00E1C8AF
00E1C8AF
00E1C8AF
00E1C8AF
00E1C8AF
00E5CDB3
00E5CDB3
00E5CDB3
00E1C8AF
00E5C8B3
00E5CDB3
00E5CDB3
00E1C8B3
00E5CDB3
00E5CDB3
00E5CDB3
00E5CDB3
00E5CDB3
00E5CDB3
00E5CDB3
00E5CDB3
00E5CDB3
00E5CDB3
00E5CDB3
00E5CDB3
00E1C8B0
00E5CDB4
00E5CDB4
00E1C8B0
00E1C8B0
00E1C8B0
00E1C8B0
00E1C8B0
00E1C8B0
00DDB89E
00D9B597
00D5B193
00D9B193
00D5B193
00D5B193
00D1B193
00D0B093
00D4B096
00D9B89A
00D9C0A5
00DDC4AC
00DDC4AC
00DDC0AC
00D8C0A8
00D8C0A8
00D8C0AC
00D8C0A8
00D8C0A8
00D8C0A8
00D3C0A8
00D8C0A8
00D8C0A8
00D3BBA4
00D3BBA4
00D3BBA4
00CFBBA4
00D4BBA4
00D4BCA4
00D4BCA4
00CFB7A0
00CFB7A0
00D4BCA4
00D4BCA4
00D4BCA4
00C29C84
00C6A087
00C69F87
00C69F87
00C69F87
00C6A38B
00C6A38A
00CAA38A
00C6A38A
00CAA78E
00CAA691
00C9AA91
00CDAE94
00C9A690
00CDAD94
00CDAD97
00D1B197
00D1B19B
00D1B19A
00D1B59E
00D1B59E
00D1B59E
00CCB59E
00D1B59E
00D1B59E
00D1B59E
00D1B59E
00D1B9A2
00D5B9A2
00D5B99E
00CDA98C
00CDA588
00CDA589
00D1A989
00D1AD8C
00D1AD8C
00D1A98C
00D5AD8F
00D5AC96
00D4B8A1
00D9C0A8
00D8C0A8
00D4BCA4
00D8C0A8
00D8C0A8
00D8C0A8
00D8BFA8
00D8BFA7
00DCC4AB
00DCC4AB
00DCC4AB
00D7C3AB
00DCC3AB
00DCC3AB
00DCC3AB
00DCC3AB
00E1C8AF
00E1C8AF
00DCC3AB
00E1C8AF
00E1C8AF
00E1C8AF
00E1C8AF
00E1C8AF
00E1C8AF
00E1C8AF
00E1C8AF
00E1C8AF
00E1C8AF
00E1C8AF
00E5CDB3
00E5C8B3
00E5C8B3
00E5CDB3
00E5CDB8
00E5CDB3
00E1C8AF
00E1C8AF
00E5CDB3
00E5CDB3
00E5CDB3
00E5CDB3
00E5CDB3
00E5CDB4
00E1C8B0
00E1C8B0
00E1C8B0
00E1C8B0
00E1C8B0
00E1C8B0
00E1C8B0
00E1C0A9
00D9B096
00D0A988
00D1AD8C
00D5B193
00D9B593
00D5B597
00D9B99A
00D9B59A
00D5B08F
00D5AC8B
00D0A887
00D0B092
00DDC4AC
00DDC4AC
00DDC4AC
00D8C0A8
00D8C0AC
00D8C0AC
00D8C0A8
00D8C0A8
00D8C0A8
00D8C0A8
00D3C0A8
00D3BBA4
00D3BBA4
00D3BBA4
00D4BBA4
00D4BBA4
00D4B7A0
00D4BCA4
00CFB7A0
00CBB39D
00CBB39D
00D0B8A0
00D4BCA4
00D4BCA4
00BE9881
00C2A087
00C29C84
00C6A087
00C6A087
00CAA38B
00C6A38B
00CAA38B
00C29F87
00CAA38E
00CAA78E
00CAAA91
00CDAA94
00C9A68D
00CDAE94
00CDAE97
00CDAD97
00CDAD97
00D1B19B
00D1B19B
00D1B19B
00D1B59E
00D1B59E
00D1B59E
00D1B59E
00D1B9A2
00D1B9A2
00D1B59E
00D1B59E
00D5B9A2
00D1AD93
00CDA185
00CDA585
00CDA989
00D1AD8C
00D1AD8C
00D1A98C
00D1AD8F
00D0AC96
00D4BCA5
00D4BCA5
00D8C0A8
00D8C0A8
00D8C0A8
00D8C0A8
00D8C0A8
00D8C0A8
00DCC4AB
00D8BFAB
00D7BFA7
00DCC4AB
00DCC3AB
00DCC3AB
00DCC3AB
00DCC3AB
00DCC3AB
00DCC3AB
00DCC3AB
00DCC3AB
00E1C8AF
00DCC3AB
00E1C8AF
00E1C8AF
00E1C8AF
00E1C8AF
00E1C8AF
00E1C8AF
00E1C8AF
00E1C8AF
00E5CDB3
00E1CDB3
00E1C8AF
00E1C8B3
00E1C8B3
00E5C8B3
00E1C8AF
00E1C8AF
00E1C8AF
00E1C8B3
00E1C8AF
00E5CDB3
00E5CDB3
00E5CDB4
00E1C8B4
00E1C8B0
00E1C8B0
00E1C8B0
00E1C8B0
00E1C8B0
00E1C8B0
00DDC4A9
00D0A88B
00D0A484
00D1A580
00D5AD88
00DDB99A
00D9B597
00D9B597
00D5B59A
00D9B597
00D5AD8F
00D5AC8F
00D4B092
00D9BCA5
00DDC4AC
00DDC4AC
00DDC4AC
00D8C4AC
00D8C0A8
00D8C0AC
00D8C0AC
00D8C0A8
00D8C0A8
00D8C0A8
00D4BBA4
00D4BBA4
00D3BBA4
00D4BBA4
00D4BCA4
00D4BCA4
00CBB39C
00CFB8A0
00CBB39D
00C7AB95
00C7AB95
00CBB49D
00D0B8A1
00D0B8A1
00C29C84
00C29C84
00BE9881
00C29C84
00C29C84
00C6A088
00CAA48B
00CAA38B
00C29C84
00CAA38B
00C6A38E
00CAA38E
00CEAA91
00C9A68A
00C9AA94
00CDAE98
00CDAE98
00CDAD97
00D1B197
00D1B19B
00CDB59E
00CDB59E
00D1B59E
00D1B59E
00D1B59E
00D1B59E
00D1B59E
00D1B59E
00CDB9A2
00D1B5A2
00CDB59E
00C9A289
00C9A285
00CDA285
00CDA98C
00CDA990
00CDA98C
00CCA98F
00D0B096
00D9BCA5
00D4BCA5
00D9C0A8
00D8C0A8
00D8C0A8
00D8C0A8
00D8C0A8
00D8C0A8
00D8BFA8
00D8BFA7
00D8BFAB
00DCC4AB
00DCC4AB
00DCBFA7
00DCC3AB
00DCC3AB
00DCC3AB
00DCC3AB
00DCC3AB
00DCC3AB
00DCC3AB
00DCC3AB
00E1C8AF
00E1C8AF
00E1C8AF
00E1C8AF
00E1C8B3
00E1C8AF
00E5C8B3
00E1C8B3
00E5CDB3
00E1CDB3
00E1C8AF
00E1C8AF
00E1C8B3
00E5CDB3
00E1C8AF
00E1C8AF
00E1C8AF
00E1C8AF
00E1C8AF
00E5CDB3
00E1C8B0
00E5CDB4
00E1C8B0
00E1C8B0
00E1C8B0
00E1C8B0
00E1C8B0
00E1C8B0
00E1C8B0
00DDC4AC
00D5B092
00D0A984
00CCA581
00D1A988
00D5B190
00D5B193
00D9B193
00D5B197
00D5B597
00D5B596
00D9B8A1
00DDC4AC
00DDC4AC
00D8C0A8
00DDC4AC
00DDC4AC
00D8C0A8
00D8C0A8
00D8C0A8
00D8BCA8
00D4BCA4
00D4BCA4
00D4BCA4
00D4BBA4
00CFBBA4
00D4BBA4
00D4BCA4
00D4BCA4
00CFB7A0
00CBAF99
00D0AF99
00CBAB95
00CBAB92
00CCB099
00D0B8A1
00D0B8A1
00D0B8A1
00BF9981
00C29C84
00BF9981
00C29C84
00C29C84
00C29C84
00C6A088
00CAA48B
00C29C84
00C6A48B
00CAA38B
00CAA38E
00CAA78E
00CAA38E
00CAAA95
00CDAE98
00CDAE98
00CDAE98
00D1B298
00D1B19B
00D1B59F
00CDB59F
00CDB59E
00CDB59E
00D1B59E
00D1B59E
00D1B59E
00D1B59E
00D1B9A2
00CDB99E
00D5B9A2
00D5B197
00D1AA90
00D1AD90
00D1B59E
00D1AD97
00D5B59E
00D5B19A
00D9BDA5
00D9BCA5
00D4BCA9
00D9BCA8
00D8C0A8
00D8C0A8
00D8C0A8
00D8C0A8
00D8C0A8
00D8C0A8
00D8BFA7
00D8BFA7
00D8BFA7
00DCC4AB
00DCC4AB
00DCC4AB
00DCC3AB
00DCC3AB
00DCC3AB
00DCC3AB
00DCC3AB
00DCC3AB
00E1C8AF
00DCC3AB
00DCC8AF
00DCC8B3
00E1C8AF
00E1C8B3
00E1C8AF
00E1C8AF
00E1C8AF
00E1C8AF
00E1C8AF
00E1C8AF
00E1C8AF
00E1C8AF
00E1C8AF
00E1C8AF
00E1C8AF
00E1C8AF
00E5CDB3
00E1C8AF
00E1C8B4
00E1C8B0
00E1C8B0
00E1C8B0
00E1C8B0
00E1C8B0
00E1C8B0
00E1C8B0
00E1C8B0
00E1C4B0
00DDC4B0
00E1C8B0
00DDC1A5
00D1B18F
00D5B190
00D9B59B
00D5B193
00D5B193
00D5B197
00D9BDA2
00D9C1A5
00D9C0A9
00DDC4AC
00DDC4AC
00D9C0A8
00D8C0A8
00D8C0A8
00D8C0A8
00D8C0A8
00D4C0A8
00D8C0A8
00D4BCA8
00D4BCA8
00D4BCA4
00D4BCA4
00D4BCA4
00D4BCA4
00D4BCA4
00CFBCA4
00D4BCA4
00D0B49D
00D0B095
00CCAC92
00CCAC92
00CCB099
00D0B8A1
00D0B8A1
00D0B8A1
00BF9981
00C39D85
00C39981
00C39D85
00C39D81
00C7A088
00C7A088
00C6A088
00C39C85
00CAA48B
00CAA48B
00CAA48B
00C6A087
00C6A38B
00CEAB91
00CEAE98
00CDAE98
00CDAE98
00D1B29B
00D1B29B
00D1B29F
00CDB59F
00CDB59F
00CDB59F
00CDB59F
00CDB59F
00D1B59F
00D1B59F
00D1B59F
00D1B9A2
00D5B59F
00D1AE90
00D1AE94
00D1AE94
00CDB59F
00CDAD97
00D1B5A2
00D5B5A2
00D5B9A2
00D9BDA5
00D5BCA9
00D4BCA9
00D9C0A8
00D8C0A8
00D8C0A8
00D8C0A8
00D8C0A8
00D8C0A8
00D8C0A8
00D8BFA7
00D8BFAB
00D8BFA7
00D7BFAB
00D7BFA7
00D7BFA7
00DCC4AB
00DCC3AB
00DCC3AB
00DCC3AB
00DCC3AB
00E1C8AF
00E1C8AF
00DCC8AF
00DCC8AF
00E1C8AF
00E1C8AF
00E1C8AF
00E1C8AF
00E1C8AF
00E1C8AF
00E1C8AF
00E1C8AF
00E1C8B3
00E1C8B3
00E1C8AF
00E1C8AF
00E1C8AF
00E1C8AF
00E1C8AF
00E1C8AF
00E1C8B0
00E1C8B0
00E1C8B0
00E1C8B0
00E1C8B0
00E1C8B0
00E1C8B0
00E1C8B0
00DDC8B0
00DDC8B0
00DDC4AC
00E1C4AC
00E1C9B0
00D9BD9E
00D9B593
00DDB99E
00D5B193
00D5B193
00D5B597
00D9BDA2
00D5B9A2
00D9C0A9
00D9C0A9
00D9C0A9
00D9C0A8
00D8C0A8
00D8C0A8
00D8C0A8
00D8C0A8
00D4C0A8
00D4BCA4
00D4BCA4
00D4BCA4
00D4BCA4
00D4BCA4
00D4BCA4
00D4BCA4
00CFB8A0
00D0B8A0
00D4BCA4
00CBB099
00CCAC92
00CCAC92
00CCAC92
00CCB09A
00CCB49D
00CCB8A1
00CCB8A1
00BF967E
00BF967E
00BF9982
00C39D85
00BF9D82
00C39D85
00C39D85
00C39D85
00BF967E
00CBA48C
00C39981
00CAA488
00C6A084
00C6A088
00CEAB92
00CEAF95
00CEAE98
00CEAE98
00D2B29C
00D2B29C
00CDB29B
00CDB29B
00CDB69F
00CDB69F
00CDB59F
00CDB59F
00D1B59F
00D1B59F
00D1B59F
00D1B59F
00D1AE94
00CDAE91
00CDAA94
00CDAE94
00D1B5A2
00D1AE98
00D1AD97
00D1B9A6
00D1B59E
00D5B9A2
00D5BCA9
00D4BCA5
00D9C0A8
00D8C0A8
00D8C0A8
00D8C0A8
00D8C0A8
00D8C0A8
00D8C0A8
00D8C0A8
00D8BFA7
00D8BFA7
00D8BFA7
00D7BFA7
00DCC4AB
00DCC4AB
00DCC4AB
00DCC4AB
00DCC4AB
00DCC3AB
00DCC3AB
00DCC3AB
00DCC8AF
00E1C8AF
00E1C8AF
00E1C8AF
00E1C8AF
00E1C8AF
00E1C8AF
00E1C8AF
00E1C8AF
00E1C8AF
00E1C8B3
00E1C8AF
00E1C8AF
00E1C8AF
00E1C8AF
00E1C4AF
00D8BFA3
00E1C8B0
00E1C8B0
00E1C8B0
00E1C8B0
00E1C8B0
00E1C8B0
00E1C8B0
00E1C8B0
00DDC8B0
00DDC4AC
00DDC8B0
00E1C8B0
00DDC4AC
00DDC5AD
00D5B997
00D5B193
00D9B99B
00D1B193
00D1B193
00D1B597
00D9BD9E
00D1B99E
00D9C0A9
00D9C0A9
00D9C0A9
00D9C0A8
00D8C0A8
00D8C0A8
00D8C0A8
00D8C0A8
00D4BCA4
00D4BCA4
00D4C0A8
00D4BCA4
00D4BCA4
00D4BCA4
00D4BCA4
00D4BCA4
00D0B8A0
00CBB49D
00D0B8A1
00CCB099
00CCAC92
00CCAC92
00CCAC92
00CCB09A
00C8B09A
00CCB49E
00CCB8A1
00BC967F
00BF967F
00BF9A82
00C39D86
00BF9A82
00C39D82
00C39D86
00C39D82
00BF967C
00C79D85
00C39D82
00C3A185
00C7A185
00C39D85
00CEAB92
00CEAB92
00CEAF95
00CEAF95
00CEAF95
00D2B29C
00CEB29C
00CEB69F
00CAB29C
00CEB29C
00CDB69F
00C9B69F
00D1B69F
00D1B29B
00D1B69F
00D1B29C
00CDAA8E
00D1AE94
00D1AA8D
00D1AE94
00D1B6A2
00D1AE98
00D1AA90
00D1B5A2
00D1B5A2
00D1B59A
00D5BDA5
00D9BCA5
00D9C0A9
00D4BCA8
00D8C0A8
00D8C0A8
00D8C0A8
00D8C0A8
00D8C0A8
00D8C0A8
00D8C0A8
00D8BFA7
00D8BFA7
00D8BFA7
00D8BFA7
00DCC4AB
00DCC4AB
00DCC4AB
00DCC4AB
00DCC4AB
00DCC4AB
00DCC4AB
00DCC3AB
00DCC8AF
00E1C8AF
00E1C8AF
00E1C8AF
00E1C8AF
00E1C8AF
00E1C8AF
00E1C8AF
00E1C8AF
00E1C8AF
00E1C8AF
00E1C8AF
00E1C8AF
00E1C8AF
00DCC4A7
00D8B79C
00DCC4AC
00E1C8B0
00E1C8B0
00E1C8B0
00DDC4AC
00DDC8B0
00DDC4B0
00DDC4AC
00DDC4AC
00DDC4AC
00DDC4AC
00DDC8B0
00DDC4AC
00DDC5AC
00D5B593
00D5B190
00D5B597
00D5B597
00D1B593
00D5B59A
00D1B597
00D5B99A
00D9C4AC
00D9C0A9
00D9C0A9
00D9C0A8
00D9C0A8
00D8C0A8
00D8C0A8
00D8C0A8
00D4BCA4
00D4BCA4
00D4BCA4
00D4BCA4
00D0BCA4
00D4BCA4
00D4BCA4
00D0B8A0
00D0B49D
00C7B099
00C7B099
00CCB099
00CCB09A
00CCB096
00C8AC92
00C8AC96
00C8AC96
00CCB49E
00CCB49E
00BC937C
00C0977F
00C0977F
00C49E86
00C49E86
00C09A7F
00C09783
00C49E83
00C09A7F
00C7A186
00C39E86
00C7A189
00C7A189
00C7A589
00CBA48C
00CBA892
00CEAB92
00CEA892
00CEAF99
00D2B39C
00CEB29C
00CAB29C
00CAB29C
00CEB29C
00D2B29F
00CEB69F
00D2B29F
00D2B29C
00D2AE98
00CEAB91
00CAAE95
00CEAE91
00CEA78A
00CEAE98
00D2B6A3
00D1B29C
00D1AA91
00D1B298
00D1B9A6
00CDB19E
00D1B59E
00D5BDA5
00D5BCA5
00D9C0A9
00D9C0A8
00D8C0A8
00D8C0A8
00D8C0A8
00D8C0A8
00D8C0A8
00D8C0A8
00D8C0A8
00D8BFA7
00D8BFA7
00D8BFA7
00DCC4AB
00DCC4AB
00DCC4AB
00DCC4AB
00DCC4AB
00DCC4AB
00DCC4AB
00DCC4AB
00DCC4AB
00DCC8AF
00E1C8AF
00E1C4AB
00E1C8AF
00E1C8AF
00E1C8AF
00E1C8AF
00E1C8AF
00E1C8AF
00E1C8AF
00E1C8AF
00E1C8AF
00DCC4AC
00D8BBA4
00D3B798
00DDC4A8
00E1C8B0
00DDC4AC
00E1C8B0
00DDC4AC
00DDC4AC
00DDC4AC
00DDC4AC
00DDC4AC
00DDC4AC
00DDC4AC
00DDC4AC
00DDC4AC
00D9BDA1
00D5B193
00D5B193
00D5B193
00D1AD90
00D1AD93
00D1B193
00D1B193
00D5BDA2
00D9C4AC
00D9C0A9
00D9C0A9
00D9C0A9
00D4C0A8
00D4C0A8
00D4BCA8
00D4BCA8
00D4BCA4
00D4BCA4
00D4BCA4
00D0BCA4
00CBBCA4
00D0BCA4
00D0BCA4
00D0B8A1
00CBB49D
00C7B099
00C7B099
00C8B096
00CCB09A
00C8AC96
00C8A88F
00C8A88F
00C4A993
00C8B196
00C8AD93
00BC937C
00C09B80
00C09780
00C09B83
00C09E83
00C49B80
00C09780
00C49B83
00C49E83
00C49B80
00C89E86
00CBA58D
00C49E86
00C7A189
00CBA590
00CFB096
00CBA88F
00CBA88F
00D2AF99
00D2B39D
00CEAF99
00CEB399
00CEB39C
00D2B39C
00CEB29C
00D2B6A0
00CEB29C
00D2B29C
00CEA78E
00CAA78E
00CAAF99
00CEA78B
00CEA78B
00CEAF99
00CEB6A3
00CEB29C
00D2AA91
00D1AE91
00CDB9A9
00CDB5A6
00D1B19B
00D5B5A2
00D9BDA5
00D9C0A9
00D9C0A9
00D9C0A8
00D4BCA4
00D8C0A8
00D8C0A8
00D8C0A8
00D8C0A8
00D8C0A8
00D8C0A8
00D8C0AC
00D8BFAC
00D8BFAB
00D8BFA7
00D8BFA7
00DCC4AB
00DCC4AB
00DCC4AB
00DCC4AB
00DCC4AB
00DCC4AB
00DCC4AB
00E1C8AF
00DCC8AF
00E1C8AF
00E1C8AF
00E1C4AF
00E1C4AF
00E1C4AF
00E1C8B3
00E1C8B0
00E1C8B0
00E1C4B0
00E1C8B0
00D8BBA0
00D4B394
00DDC0A4
00DDC4AC
00E1C4AC
00DDC4AC
00DDC4AC
00DDC4AC
00DDC4AC
00DDC4B0
00DDC4AC
00DDC4AC
00DDC4AC
00DDC4AC
00DDC5AC
00D9B59A
00D9B193
00D5B197
00D5B193
00D5AD90
00D5AD93
00D1B193
00D1B193
00D9C1A9
00D5C1A9
00D5BCA5
00D9C0A9
00D4C0A9
00D4C0A8
00D4C0A8
00D4BCA8
00D4BCA5
00D4BCA4
00D4BCA4
00D4BCA4
00D0BCA4
00CBBCA4
00D0BCA4
00D0B8A1
00D0B8A1
00CCB4A1
00CCB49D
00C8B09A
00CCB09A
00CCB096
00C8A893
00CCAD93
00C4A58B
00C4A58C
00C8A98F
00C4A58C
00BC947D
00C09780
00BD9780
00C49B84
00C49F84
00C19B80
00C19B81
00C49F87
00C49F84
00C1987D
00C89F87
00C8A28A
00C49F87
00CBA58D
00CBA990
00CBA990
00C7A58D
00C7A590
00CFB09A
00CFB09A
00CFAF99
00CFAF99
00D2B39D
00D2B39D
00CEB39C
00D2B39C
00CEAF99
00CEAB96
00CAA48B
00CAAB96
00CEAB96
00CEA888
00CEA88B
00CEAF99
00CEB6A3
00CEB29F
00CEAB8E
00D2AE91
00D1B29F
00CDB9A9
00CDB5A2
00D1B197
00D1B9A2
00D5BDA5
00D5BCA5
00D4BCA5
00D9C0A8
00D8C0A8
00D8C0A8
00D8C0A8
00D8C0A8
00D8C0A8
00D8C0A8
00D8C0AC
00D8C0AC
00D8C0A8
00D3B7A0
00D3BBA4
00D8BFA8
00D8BFA8
00DCC4AB
00DCC4AB
00DCC4AB
00DCC4AB
00DCC4AB
00DCC4AB
00DCC8AF
00DCC8AF
00DCC4B0
00DCC4B0
00E1C4B4
00E1C4B4
00E1C4B0
00DCC8B0
00E1C8B0
00DCC0AC
00D8BBA4
00D8B79C
00D4B398
00D4B399
00D8BCA0
00D8C0A8
00DDC4AC
00DDC4AC
00DDC4AC
00DDC4AC
00DDC4AC
00DDC4AC
00DDC4AC
00DDC4AC
00DDC4AC
00DDC1AC
00D5B197
00D9B193
00D5B197
00D5B193
00D1AD90
00D5AD93
00D1B197
00D1B99E
00D9C1A9
00D9C1A9
00D0B8A1
00D9C0A9
00D4C0A9
00D0C0A9
00D4C0A8
00D4BCA8
00D4BCA8
00D4BCA5
00D4BCA5
00D4BCA4
00D0BCA4
00D0BCA5
00CBB8A1
00D0B8A1
00D0B8A1
00D0B8A1
00CCB89D
00C8B09A
00CCB09A
00CCAC96
00C8A993
00CCB197
00C8A58F
00C4A58C
00C8A590
00C0A188
00BD947D
00C19881
00BD987D
00C19B84
00C49C84
00C19881
00C19881
00C59F84
00C59F88
00C1987E
00C89F88
00CCA38B
00C49F87
00C89F87
00C8A28A
00C8A68D
00CBA68D
00CBAD94
00CFB09A
00CFB09D
00CBAC97
00CFB09A
00D3B39D
00CFB39D
00CFB099
00D2AC96
00CFAC96
00CBA189
00CBA88F
00C7AF99
00CBA88F
00CEA888
00CEA88C
00CBB39D
00CEB6A7
00CEB3A3
00CEAF92
00D2AF8E
00D2AB91
00CEB6A6
00CDB9A9
00CDB19B
00D1B19B
00D5BDA5
00D5BDA5
00D5BCA5
00D4BCA5
00D9C0A8
00D8C0A8
00D8C0A8
00D8C0A8
00D8C0A8
00D8C0AC
00D8C0AC
00D8C0AC
00D8C0AC
00D8C0A8
00D8C0A8
00D8C0A8
00D8C0A8
00DCC4AC
00DCC4AC
00DCC4AC
00DCC4AC
00DCC4AC
00DCC4AC
00DCC4AC
00DCC4AC
00DCC4AC
00DCC4B0
00DCC4B0
00DCC4B0
00DCC8B0
00DCC4B0
00DDC4AC
00DDC0A8
00D4B398
00D8B398
00D8B399
00D0AF95
00D4B499
00D4B89D
00D8C4AC
00DDC4AC
00D9C4AC
00DDC4AC
00DDC4AC
00DDC4AC
00DDC4B0
00DDC4B0
00DDC4B0
00D9BDA5
00D5B193
00D5B193
00D5B593
00D5B197
00D1AD93
00D1AD93
00D1B59A
00D5BDA5
00D9C1A9
00D9C1A9
00D5BCA5
00D5C0A9
00D4BCA9
00D0BCA9
00D0C0A8
00D0BCA5
00D0BCA5
00D4BCA5
00D4BCA5
00D4BCA5
00D0B8A5
00D0B8A1
00D0B8A1
00D0B8A1
00D0B8A1
00D0B8A1
00CCB49D
00CCB49E
00CCB096
00CCAD96
00C8AD97
00CDB197
00C8A990
00C4A58C
00C4A993
00C5AD97
00BD9881
00BD957E
00BD9881
00C19C84
00C59F88
00C19981
00C1957E
00C19C82
00C19985
00BE997F
00C9A088
00C9A388
00C5A085
00C59F88
00C59F88
00C8A38B
00CCAA91
00CFAD94
00CFB09A
00CFB097
00C8A994
00CFB09A
00CFB09D
00CFB49D
00CFB097
00CFA990
00CBA189
00C79E86
00C7AC96
00C7AC96
00CBA589
00CBA186
00CBA88C
00CBB39D
00CBB3A3
00CEB3A3
00D2AF92
00D2AF8F
00CEAB92
00CEB29C
00CEBAAA
00CDB9A2
00CDB197
00D1B59B
00D5BDA5
00D5BDA9
00D5BCA9
00D9C0A9
00D9BCA8
00D9C0A8
00D8C0A8
00D8C0A8
00D8C0A8
00D8C0A8
00D8C0A8
00D8C0A8
00D8C0A8
00D8C0A8
00D8C4AC
00DDC4AC
00DCC4AC
00DCC4AC
00DCC4AC
00DCC4AC
00DCC4AC
00DCC4AC
00DCC4AC
00DDC4AC
00DDC4AC
00DDC4B0
00DDC4B0
00DDC4AC
00DDC4AC
00E1C8B0
00E1C8B0
00DDC4AC
00D4B399
00D4AF95
00D4B399
00D4B495
00D4B499
00D4B89D
00D8C0A8
00DDC4AC
00D9C4AC
00DDC4AC
00DDC4AC
00DDC0B0
00DDC0B0
00DDC0AC
00DDC4AC
00D5B99E
00D5AD93
00D5B193
00D5B193
00D5B193
00D1AD93
00D1AD93
00D1B197
00D5BDA5
00D9BDA9
00D9BDA9
00D5BCA5
00D5C0A9
00D5BCA5
00D0BCA5
00D0BCA5
00D0BCA5
00D0BCA5
00D0BCA5
00D0BCA5
00D0B8A1
00D0B8A1
00D0B8A5
00D0B8A1
00D0B8A1
00CCB8A1
00CCB8A1
00CCB49E
00CCB49E
00CCB19A
00C8B197
00C8A98F
00C8A990
00C4A58C
00C5A58C
00C9A994
00C9B19B
00C19C85
00BE997E
00C19C85
00C19C88
00C19C85
00C1997F
00BE967F
00C2997F
00C29982
00BE997F
00C5A089
00C59D85
00BE997F
00C9A38B
00C9A38B
00D0AA92
00CCA78E
00CCAA91
00CCAA91
00CCAD97
00CFB19B
00CFB49E
00CFB49E
00CFB49E
00CFAD94
00CBA68D
00C49B80
00C8A990
00C8AD9A
00CBA990
00CBA286
00CBA586
00CBA98D
00CBB0A0
00CBB0A4
00CFB3A7
00CEAC96
00CEAB8C
00D2AB8F
00D2AF92
00CEBAAA
00CEBAAA
00CDB6A2
00D1AE94
00D5B59E
00D5B9A9
00D9BDA9
00D5BCA9
00D4BCA5
00D9C0A9
00D9C0A8
00D8C0A8
00D8C0A8
00D8C0A8
00D8C0A8
00D8C0A8
00DDC4AC
00D8C0A8
00D4BCA4
00D4BCA4
00D4BCA4
00D8C0A8
00DDC0AC
00DDC4AC
00DDC4AC
00D8C4AC
00D8C4AC
00DDC4AC
00DDC4AC
00DDC4AC
00DDC4AC
00DDC4AC
00DDC4AC
00DDC4AC
00DDC4AC
00DDC4AC
00D8BCA0
00D4AF95
00D4AF95
00D4B095
00D4B499
00D0B499
00D9C0A5
00DDC4AC
00DDC4AC
00D9C4AC
00D9C0AC
00DDC0B0
00DDC0B4
00D9C0AC
00DDC0A9
00D5B196
00D5B193
00D5B193
00D5B193
00D9B193
00D1AD93
00CDAD93
00D1B19A
00D5BDA5
00D9BDA9
00D9BDA9
00D0B9A1
00D5BCA5
00D5BCA5
00D0BCA5
00D0BCA5
00D4BCA5
00D4BCA5
00D0BCA5
00D0B8A1
00CCB49D
00D0B8A1
00D0B8A1
00D0B8A1
00D0B8A1
00CCB8A1
00CCB8A1
00CCB49E
00CCB59E
00CCB59E
00C8AD97
00C9A993
00C5A990
00C5A58C
00C5A68C
00C5AA94
00C9B19B
00BE997F
00BE967C
00C29D82
00C29D85
00C29A82
00BE967C
00BE967C
00C29D83
00BF977D
00C2977D
00C29D83
00C29A80
00C69D83
00C9A48C
00C9A48C
00C9A78F
00CCAA92
00D0AE95
00CCAA92
00CCAE98
00CCB19B
00D3B49E
00D3B49E
00D3B19B
00CCAA91
00C49C84
00C8A28A
00CCAD97
00C8AD97
00C89F87
00CCA287
00CBA287
00CBA690
00CBB0A4
00CBB4A4
00CBB3A7
00CBB096
00CFA88C
00CEAC8C
00D2AB8F
00CEB2A0
00CEBAAA
00CEBAAA
00D1B29F
00D5AE97
00D5B5A2
00D5BDA5
00D5BDA9
00D5BCA9
00D5BCA5
00D9C0A9
00D9C0A8
00D9C0A8
00D8C0A8
00D8C0A8
00D8B8A4
00D8BCA1
00D4BCA4
00D4B8A1
00D4B8A0
00D8C0A8
00DDC4AC
00DDC4AC
00DDC4AC
00D8C4AC
00D8C4AC
00D8C4AC
00DDC4AC
00DDC4AC
00DDC4B0
00DDC4B0
00DDC4AC
00DDC4AC
00DDC0AC
00D4B8A1
00DDC0A8
00DDC0A8
00D4B095
00D4B499
00D8B89D
00D4B496
00D4B496
00D9C0A5
00DDC4AC
00DDC4AC
00D9C4AC
00D9C0AC
00DDC0B0
00DDC0AC
00D9C0A9
00D9C1A9
00D5B193
00D5B193
00D5B193
00D5B193
00D5B193
00D5AD93
00D1AD93
00D1B19A
00D5BDA5
00D9BDA9
00D5BDA9
00D1B9A1
00D5BCA5
00D5BCA5
00D5BCA5
00D4BCA9
00D4BCA9
00D4BCA5
00D0B8A1
00D0B8A1
00C8B09A
00CCB49D
00D0B8A1
00D0B4A1
00D0B8A1
00CCB49E
00CCB59E
00CCB59E
00CCB5A2
00CDB59E
00C9AD97
00C5AD97
00C9AD97
00C5A990
00C5A28D
00C1A289
00C1A289
00BE997F
00BB967C
00C29D83
00C29D86
00BF9A80
00C29A80
00C29A80
00C29A80
00BF977D
00C2977D
00BF977D
00BB947A
00C29A80
00C6A186
00C29E86
00C29D86
00C69D86
00C9A489
00CDAB92
00CDAE98
00D0B19B
00D0B19B
00D3B19B
00D0AE95
00C59C82
00C19C81
00C8AA98
00C8AD9B
00C8A691
00C89F7E
00C8A381
00C89F84
00C8A994
00C8B4A7
00CBB4A4
00CFB4A7
00CFB09A
00CFA889
00CFAF8C
00D2AC8F
00D2AF96
00CEB6A6
00CEBAAA
00CEBAAA
00D1B298
00D1B197
00D1B9A2
00D5BDA5
00D9C1A9
00D9BDA9
00D5BCA9
00D9C0A9
00D9C0A9
00D9C0A8
00D9C0A8
00D4B8A1
00D4B499
00D4B499
00D8BCA5
00D8C0A4
00D8C0A8
00D8C0A8
00DDC4AC
00DDC4AC
00D8C4AC
00D8C0A8
00D8C4AC
00D8C4AC
00DDC4AC
00DDC4AC
00DDC4AC
00DDC4AC
00DDC4B0
00DDC4AC
00D4B8A1
00D0B095
00D4BCA5
00D4B89D
00D9B499
00D4B499
00D4B096
00D4B496
00D9C0A8
00DDC4AC
00D9C0A9
00DDC4AC
00D9C4AC
00D9C0AC
00D9C0AC
00D9C0A9
00D9BDA1
00D5B193
00D5B18F
00D5B193
00D5B193
00D5B197
00D1AD90
00CDA98C
00CDB193
00D5BDA5
00D5BDA5
00D5BDA5
00D1B9A2
00D5BDA5
00D5BCA9
00D5BCA5
00D5BCA5
00D5BCA5
00D0BCA5
00D0B8A5
00D0B8A1
00CCB49D
00CCB49E
00CCB8A1
00D0B4A1
00D0B4A1
00CCB59E
00CCB59E
00CDB59E
00CDB59E
00CDB59E
00C5AD97
00C5AD97
00C5AD97
00C9AD97
00C9AA94
00C5A289
00BD9E86
00BF9A80
00BB937A
00C29A83
00C29E86
00C29A80
00C29B80
00BF9781
00C3977E
00C39B81
00C3987E
00BF987B
00BC947B
00C69E84
00CAA18A
00C6A187
00CAA58D
00C9A58D
00CDAB90
00C9A48C
00C9AB92
00D0B29C
00D0B298
00D0AE95
00C5A089
00C2997C
00C9A48F
00CCAA98
00CCAE98
00C9A085
00C9A07E
00C8A37E
00C89F7E
00C8AD98
00CCB4A7
00CFB0A4
00CCB0A1
00CFB49D
00CFAC8D
00CFAC8C
00D2AC8F
00D2AC8F
00CEB3A0
00CABAAA
00CEBAAA
00D1B6A6
00D1B298
00D1B19B
00D1B9A2
00D5BDA5
00D9C1A9
00D9C1A9
00D9C0A9
00D9C0A9
00D9C0A9
00D9BCA5
00D4BCA1
00D4B499
00D0B499
00D9BCA5
00D9C0A8
00D9C0A8
00DDC4AC
00DDC4AC
00D9C0AC
00D9C0A8
00D9C4AC
00DDC4AC
00DDC4AC
00D9C4AC
00DDC4AC
00DDC4AC
00D9C4AC
00D9C0A8
00D9C4AC
00DDC4AC
00D4B89D
00D0B499
00D4B499
00D9B89D
00D4B499
00D0B092
00D4B89D
00D9C4AC
00DDC4AC
00D9C0A9
00D9C0AC
00D9C0AC
00D9C0A9
00D9C0A9
00D9C0A9
00D9B99E
00D5AD8F
00D5B18F
00D5AD93
00D5AD93
00D1AD93
00D1B190
00CDA988
00CDAD93
00D5BDA5
00D5BDA5
00D1B99E
00CCA993
00D5B59E
00D5BDA5
00D5BDA5
00D0B8A5
00D0B8A5
00D0B8A5
00D0B8A1
00CCB49E
00CCB49E
00CCB49E
00D0B8A1
00CCB5A1
00CCB5A2
00CCB59E
00C8B19A
00CDB59E
00C9B59E
00C9B59E
00C9AD97
00C5AA94
00C5AE97
00C5AE98
00C5A691
00C1A28A
00C1A28A
00BF9780
00BB947D
00BF9780
00BF9B81
00BF9881
00BF987E
00BC957B
00C0987E
00C0987E
00C39B81
00C09B7E
00C0987E
00CDA990
00C6A28A
00C09F84
00CAA890
00CDAF96
00D1B299
00CAA58D
00CAA890
00D0B299
00D0AE96
00C6A489
00C29A7D
00C6A189
00C9AB95
00C9AE98
00C9A78F
00C59D82
00C9A07F
00C9A07F
00C5A082
00CCB19E
00C8AA98
00C59F88
00C19C84
00C8A691
00CBA98D
00CFAC90
00CFAC90
00CFA88F
00CEAF96
00CEBAA6
00CEBAAA
00CEBAAA
00D1B6A2
00CDB298
00D1B19B
00D1B9A2
00D5BDA5
00D9C1A9
00D9C1A9
00D9C0A9
00D9C0A9
00D5BCA5
00D9BCA5
00D4BCA5
00D4B89D
00D9BCA1
00D4B49A
00D4B8A1
00DDC0A9
00DDC4AC
00DDC0AC
00D9C0A9
00DDC4AC
00DDC4AC
00DDC4AC
00D9C4AC
00DDC4AC
00DDC4A9
00D9C0A9
00D0B89D
00D9C0A9
00D9C4AC
00D9C0A9
00D0B09A
00D0B096
00D4B096
00D0B096
00D4B49A
00D4B8A1
00DDC4AC
00DDC0AC
00D9C0A9
00D9C0A9
00D9C0AC
00D9C0A9
00D9C0A9
00D9C0A9
00D5B596
00D5B18F
00D5B193
00D5AD93
00D5B193
00D5B193
00D5B593
00D1AD8C
00D1AD90
00D5B9A2
00D5BDA5
00D1B59E
00CDA588
00D1B197
00D1BDA5
00D5BDA5
00D5BDA5
00D1B9A2
00D1B9A2
00D1B59E
00CCB59E
00C8B19A
00C8B19A
00C8B19E
00CDB5A2
00C8B5A2
00C9AD97
00C9AD97
00CDB59E
00C9B59E
00CDB59F
00C9AE94
00C9AA90
00C9AA94
00C5A691
00C1A28A
00C1A28A
00BD9F86
00BF947E
00BF987E
00BF9B84
00BF9B81
00BC957B
00BC957B
00B99276
00B99279
00C09C7F
00C0997F
00BD9579
00C09C82
00C79F88
00C3A288
00C7A28B
00C7A58E
00CAAC93
00CAA990
00CAA58D
00CAA890
00CAA890
00CAA58D
00C39B7E
00C39E83
00C9AB96
00C6AE9C
00C9AE99
00C6A186
00C6A183
00C9A183
00C59D7F
00C9A082
00C5A48C
00C29D85
00C1997B
00C1997B
00C59C81
00C49F87
00CFA68D
00D3AC90
00CFA993
00D2AC8F
00CEB39D
00CABAAA
00CEBAAA
00CEBAA6
00CDB69F
00D1B298
00D1B19B
00D5B9A6
00D5BDA5
00D9C1A9
00D9C1A9
00D5BDA9
00D5B8A1
00D5B8A1
00D9B8A1
00D9B89E
00D5B49A
00D0AC92
00D0B49A
00D9C0A9
00D9C0A9
00D9C0AC
00D9C0A9
00D9C0AC
00D9C4AC
00D9C0AC
00D9C4AC
00D9C0A9
00D9C0A9
00DDC4AC
00D5B8A5
00D0B49A
00D9C0A9
00D9C0A9
00D0B49A
00D4AC92
00D4B096
00D0AC92
00D0B096
00D4B49D
00D9C0A9
00D9C0AC
00D9C0A9
00D9C0A9
00D9C0AC
00D5C0AC
00D9C0A9
00D9C1A9
00D5B197
00D5B193
00D1B193
00D1B193
00D5B190
00D1AD93
00D1B193
00D1A989
00CDAD8C
00D1B197
00D1B59E
00D1B197
00CDA98C
00CDAD90
00CDB197
00D1B9A2
00D1B9A2
00CDB9A2
00D1B9A2
00D1B9A2
00CDB19A
00C8AD97
00C4AD97
00C8B19A
00CDB5A2
00CDB59E
00C9A990
00C5A994
00C9B19F
00CDB59F
00C9B29B
00C5AA91
00C5A691
00C5A68D
00C5A68D
00C1A38A
00C29F87
00BE9B83
00C09881
00BC957E
00C09B84
00C09C82
00BC957C
00BD957C
00B98F76
00BD9279
00C09679
00B68968
00B68C6E
00BA8C71
00BD967C
00C7A38B
00C49F88
00C4A388
00C7A38B
00C7A68E
00C7A288
00CAA98E
00C7A58E
00C0987E
00C39B81
00C6A893
00C6AF9C
00C6AFA2
00C6A893
00C69E83
00C6A180
00C6A180
00C69E83
00C29A80
00BB9376
00C29A7C
00C59D82
00C59D82
00C59C82
00C59C81
00C49F84
00D3AD94
00CFAC90
00D3AC93
00CFAC93
00CABAA7
00CABAAA
00CABAA6
00CEBAA6
00D1B29B
00D1AE94
00D1B19B
00D1BDA9
00D5BDA5
00D5C1A9
00D1B9A2
00D1B19A
00D1B59A
00D1B19A
00CCB196
00D0AD96
00D0AD8F
00D0AC93
00D5B8A1
00D9C0A9
00D9C0A9
00D9C0A9
00D9C0AC
00D5C0AC
00D9C0A9
00D9C0A9
00D9C0A9
00DDC4AC
00DDC0AC
00D9C0A9
00D0B09A
00D0B09A
00D9BCA5
00D5BCA1
00D5AC92
00D0AC92
00D0B096
00CCB096
00D5BCA5
00D9C0A9
00D9C0A9
00D9C0A9
00D9C0A9
00D5C0AC
00D9C1A9
00D9C1A9
00D5B9A2
00D1B197
00D1B197
00D1B193
00D1B190
00D1B193
00D1B190
00D1B190
00CDA985
00D1A989
00D1AD94
00CDA990
00CDA990
00CDA98C
00CDA990
00C9AD90
00D1B59E
00D1B9A2
00D1B9A2
00CDB59E
00CDB19B
00CDAD97
00C9A993
00C9AD90
00C9AD94
00C9B19E
00C9B19E
00C9A690
00C9AE94
00C9B59F
00C9B29B
00C9B29B
00C5AA94
00C5AA91
00C5A68D
00C6AA91
00C6A78E
00BE9F87
00BE9B83
00C09881
00BC957F
00C0997F
00BD957C
00C0997F
00BA8F73
00BA9074
00BD9374
00B78965
00BA8665
00B78766
00BA8766
00BA8A6B
00BA967D
00C1A089
00C7A68E
00C7A38B
00C4A085
00C7A68B
00CAA68E
00C0997F
00C09979
00C3A68E
00C7A99A
00C7AC9C
00CAAC9C
00C39F84
00C69E81
00C69E81
00C6A281
00C69E84
00BC9477
00BB9474
00C29A7A
00C29A7D
00C29679
00C5997C
00C1997B
00C59C7E
00C8A38A
00CFAD94
00CFAC93
00CFAC93
00CBB39D
00CEBAAA
00CABAAA
00CABAAA
00CEB6A6
00CEB69F
00CDB298
00CDB59B
00D1BDA6
00D5BDA6
00D5BDA5
00D1B59B
00CDAD97
00D1B19A
00D1AD93
00D5AD8F
00D1AD93
00D1AD8F
00CCAD93
00D9BDA2
00D9C5AD
00D9C1A9
00D9C1A9
00D9C1A9
00D9C1A9
00D9C5AD
00D9C1A9
00DDC5AD
00DDC5AD
00D9C1A9
00D5B99E
00D0B59A
00D0B196
00D0B496
00D0AC93
00D5AC93
00D5B49A
00D0B496
00D0B496
00D5BCA1
00D9C0A9
00D9C0A9
00D9C0A9
00D9C1A9
00D9C1A9
00D5BDA5
00D1B19A
00D1B197
00D1B197
00D1B193
00D1B193
00D1B190
00CDB194
00CDB194
00CDAD89
00CDAA89
00CDAD90
00CDAD8D
00CDAD90
00C9A98D
00C9AD8D
00CDAD94
00D1B99E
00D1B9A2
00CDB9A2
00CDB59E
00C9AD97
00C9A990
00CDA990
00C9A98D
00C9AA90
00C9AE97
00C5AE94
00C5A68D
00C5AA94
00C9B29B
00C9B29B
00C9B29B
00C6AA91
00C6AA91
00C6A78E
00C2A38E
00C29F87
00BE9C83
00BE9C84
00BD957C
00BD967C
00BD997F
00BD967C
00C09980
00BA9077
00BA9071
00BA8D6E
00B78766
00BA8A66
00BE8D69
00BA8D69
00B78763
00B78A6F
00C19A83
00C19780
00C19D83
00CBA68F
00CBAA8F
00C19A80
00C19677
00C4A088
00C7B09D
00C4AC9D
00C7AC9D
00C7A28B
00C39C82
00C79F82
00C7A27F
00C79F7E
00C09875
00BF9172
00BC916F
00BC916E
00BF977A
00BF9471
00C29676
00C59A79
00C59978
00C8A68E
00CCA68B
00CFAD94
00CFAD94
00CBAC93
00CFB7A0
00CEBAAA
00CABAAA
00CAB2A0
00D2B69F
00CEB298
00D1B298
00CDB59B
00D1B9A2
00D5BDA6
00D5B99E
00CDAD94
00CDA990
00D1AD8C
00D1A98C
00CDA98C
00CDA98C
00CDA58C
00D1B197
00D9C1A9
00D9C1A9
00D9C1A9
00D9C1A9
00D9C1A9
00D9C1A9
00D9C5AD
00D9C1A9
00D9C1A9
00DDC5AD
00D5B9A2
00D1AD97
00D9B9A2
00D5B59A
00CCAD93
00D0AD8F
00D0AD93
00CCAD93
00D0B59A
00D5B49E
00D5B8A1
00D5BDA5
00D9BDA9
00D5BDA9
00D5BDA5
00D1B59A
00D1B197
00D1AD93
00CDA990
00D1AD90
00D1AD90
00D1AD90
00CDAD90
00CDB190
00CDAD89
00CDAA86
00D1AE8D
00CDAE8D
00D1AE8D
00CDAA8D
00CDAD90
00D1B59F
00CDB59F
00CDB59F
00CDB59F
00CDB59B
00CDAE97
00C9AA90
00C9A68D
00C9A68D
00C9AA91
00C9B298
00C9AA94
00C9AE94
00C9AE94
00C6AE98
00CAAE9C
00C6AE98
00C2A78E
00C6AB91
00CAAB91
00C2A38E
00C2A38B
00BE9C84
00BE9C80
00BD967C
00BD967F
00BD967D
00BD967D
00BD9680
00BD977D
00BE9475
00BA8D6C
00BB8B69
00BB8B67
00BB8B6A
00BE8B67
00BB8561
00BB8867
00B78B6D
00BB9175
00CBA48C
00C8A48C
00C19A81
00BE977E
00BE977B
00B48D72
00B08D74
00C1A391
00CBA994
00C49D80
00C0997F
00C7A388
00C79F7F
00C09676
00B98F6A
00BC8F6D
00BC9272
00BC9575
00C39B7E
00C39774
00C29777
00C69D80
00C59D7F
00C5A085
00C5A385
00C8A68B
00CCAD91
00CBAD94
00CFB09A
00CFBAAA
00CBB7A7
00CAAB92
00CAA78E
00CAAF98
00D2B69F
00D2B298
00CDB29B
00D1B9A2
00D1B29B
00CDAA90
00CDAA90
00CDAA89
00CDAA89
00CDAA89
00CDA989
00CDA989
00CDA98C
00D5B99E
00D9C1A9
00D9C1A9
00D9C1A9
00D5C1AD
00D5C1AD
00D5C1A9
00D9C1A9
00D9C1A9
00D5B9A2
00C9A993
00D1AD93
00D5B197
00D5B197
00D1AD8F
00D1B193
00D9BDA2
00D5B59A
00D1B197
00CCB196
00CCB196
00D1B59A
00D5BDA5
00D5BDA5
00D1B59E
00D1B197
00CDAD93
00C8A990
00C9A588
00CDA98C
00CDA98C
00CDAA8D
00C9A689
00C9A686
00C9A682
00CDA686
00CDAA89
00CDAA89
00CDAA89
00CDA689
00C9A689
00C9AA94
00C9AE98
00C9AA90
00C5AE94
00C9AE94
00C9AE94
00C9A68D
00C9A68D
00C9A68A
00C9A28A
00C9AE94
00C5AA91
00C6A78E
00C6A791
00C6A78E
00C6AE98
00C6AE95
00C2A78E
00C6A78E
00C6A78E
00C2A38B
00C2A087
00C29C84
00BE9881
00BD9680
00C19980
00BA937A
00BD9780
00C19A83
00BE977D
00BA9172
00BB8B6A
00B78864
00BB8B67
00B88864
00BB8B67
00B88562
00B88867
00B88865
00B58867
00BE987E
00BB947B
00BE9E8A
00C59E81
00C19A81
00B48E72
00B48B6F
00B79780
00C4A08C
00C49D83
00BA9377
00BD9677
00BD9374
00BD9371
00C09677
00C09676
00C7A288
00C7A28B
00C39B84
00C39878
00C69E81
00CDAB90
00CDA88F
00C9A489
00C9A488
00C8A388
00C8A387
00C8A287
00CFA98D
00D3B39D
00CFAC96
00CBA48C
00CEAB96
00CEAB95
00D2B6A3
00D2AE98
00CEAA8E
00C9AE95
00CDAA8D
00CDA68D
00CDAA8D
00D1AE89
00CDAA89
00CDAA89
00D1AE8D
00CDAA89
00C9A686
00D1AE94
00D9C1A9
00D5C1A9
00D9C1AD
00D1BDAD
00D1BDA9
00D5C1A9
00D9C1A9
00D5C1A9
00CDB19B
00C9A589
00CDA58C
00D5AD93
00D1AD90
00D1AD8C
00D1B597
00D5B99A
00D1B197
00D1B197
00CCB197
00D1B59A
00D5B9A2
00D9BDA5
00D1B59E
00D1B193
00D1B197
00D1AD93
00C9A990
00CDA98C
00CDAD90
00CDAD8D
00D1AD90
00D1AA8D
00CDAA89
00C9A682
00CDAA89
00CDAE8D
00CDAA8D
00CDAA91
00CDA68D
00CDA68D
00C9AA91
00CDB298
00C9AA91
00C9AA91
00C5A68D
00C9A68D
00C9A68D
00C9A28A
00C9A68D
00C6A38A
00CAA78E
00C6A78E
00C6A78E
00C6A38E
00C2A38B
00C2A38B
00C6A78E
00C2A38B
00C6A78E
00C2A088
00C2A088
00BEA088
00C29C84
00BF9981
00BD9680
00BD9D86
00BA977D
00BE9A80
00C19A83
00C1947B
00B78864
00B88864
00BB8867
00BB8868
00BB8865
00BB8862
00B88865
00BB8C6B
00B88968
00B88965
00B5896B
00B18568
00B1886B
00C29881
00BB8E76
00B4886D
00B4886A
00B48B70
00BB947E
00C19D89
00BB9475
00BA8D6C
00BA906F
00BE9777
00C49D80
00C1997D
00C0997D
00C49F85
00CAA288
00C39879
00C39B7B
00C39E84
00C69E83
00C69D83
00CDA489
00CCA78B
00C8A085
00C89F84
00CCA68A
00CBAD97
00CBA990
00CBA589
00C7A48C
00CAA48F
00CEAF9C
00CAAF95
00CAA78B
00CAA787
00CEA787
00D2AA8E
00CDAA8D
00D1AA8D
00CDAA8A
00D1AE8D
00D1AE8D
00CDAA8A
00CDAA8A
00CDAA8A
00C9AE91
00CDB29B
00D9C1AD
00CDB5A2
00C5A691
00D5B9A2
00D9C1A9
00D1B99F
00C9AA90
00C9A289
00C9A689
00D1A990
00D5B197
00D1B193
00CDAD93
00D1B197
00CDAD93
00D1B197
00D1B59A
00D1B9A2
00D5BDA5
00D5B59E
00D1AD93
00D1B197
00D1AD93
00CDAD93
00C9A98C
00C9A98C
00CDA98C
00CDAD8D
00D1AA8D
00D1AA8D
00CDA689
00C9A282
00CDA68A
00CDAA91
00C9AA91
00CDAA91
00C9AA91
00C9AA91
00C9AA91
00CDAE94
00D1B69F
00CDB69F
00CDAE98
00C9A68D
00CAA38A
00CAA38A
00CAA78A
00C6A38A
00CAA38A
00CAA78E
00CAA78E
00C6A38B
00C2A387
00C2A088
00C2A48B
00C6A78F
00CAAB92
00C2A084
00BF9C84
00BF9C84
00BF9C85
00BF9981
00B38A71
00B79077
00BE9A86
00BA9175
00BB9178
00BB8B6D
00B88864
00BB8864
00BB8865
00B88865
00B88965
00BB8C68
00BB8F71
00BF8F71
00BB8C6E
00B88968
00B28360
00B58360
00B28665
00B8927C
00B88F71
00B58968
00B58C6E
00B58F73
00B89179
00BE9E8A
00BE977E
00BB8E70
00BE9778
00C19A7B
00C19D80
00BE977A
00BD967A
00BD997D
00C49C82
00C09676
00C39876
00C09B7B
00C39E81
00C69E80
00C9A186
00C9A086
00C9A085
00C8A38B
00C8AD97
00CCAD97
00CBA590
00CFA990
00CBA890
00CBA896
00CAAB96
00CAB39C
00CAA78B
00CEAB8E
00CEA78B
00D2A78A
00CEAA8A
00CEAA8E
00CEAA8E
00D2AE8A
00D1AE8E
00D1AA8A
00CDAA8A
00D1AE8D
00C9A686
00CDAA8D
00D5B9A6
00C9AE94
00C9AA8D
00D1B9A2
00CDB69F
00C9AE94
00C9A68D
00C5A286
00C9A282
00CDAA90
00D1AD94
00CDAD94
00D1AD94
00CDAD93
00CDAD93
00D5B59B
00D1B99E
00D5BDA5
00D1B59A
00CDAD93
00CDAD93
00CDAD93
00CDAD93
00CDB193
00C9A98C
00C9A98C
00C9AA8D
00CDAA8D
00CDAA8D
00CDAA8D
00CDA68A
00C99F83
00CDA286
00D1AE98
00CDAA91
00CDAA91
00C9AA91
00C9AA91
00C5A68E
00C6A68A
00CEAE91
00CEB69F
00CEB69F
00CAAA95
00CAA78E
00CAA78E
00C6A78E
00CAA38B
00CAA38B
00CAA38B
00C6A488
00C6A488
00C6A484
00C2A488
00C3A488
00C3A48B
00C3A085
00C39D85
00C39D85
00BF9D85
00BF9981
00BB957E
00B78A6F
00B78A6F
00BA947B
00BB9175
00B78B67
00B88864
00BB8B6A
00B88562
00BB8562
00B88662
00B58963
00B8896B
00B88C71
00B8896B
00B8896B
00B8896B
00BC8C69
00B88966
00BC8F71
00BC9279
00B58C6E
00BF9579
00BF987F
00BF9B87
00B89279
00BE9E8A
00BB9881
00BB8E73
00BE9476
00BE9773
00C59D7E
00C1977B
00BE977A
00C19D80
00C49D80
00BD9973
00C09C79
00C39F7C
00C69F7E
00C39E7E
00C29E7D
00C9A186
00CCA489
00C9A38B
00CCAA91
00CCAD9B
00CCA991
00CFA993
00CBAC96
00CBAC9A
00CBAF9D
00CBAF9D
00CEA88F
00D2AB92
00D2A78B
00CEA78B
00CEA78B
00CEAB91
00D2AE95
00D2AE8E
00D2AE8E
00D2AE8E
00CEAA8A
00CEAA87
00CAA787
00CAAA8E
00CAAE9C
00CAA78E
00C6A383
00CAAE95
00CAA78E
00CAAA8E
00CDAA91
00CDAE94
00CDA68A
00CDAA8D
00CDB198
00CDAD90
00CDAD90
00CDB194
00D1B197
00CDB197
00D1B9A2
00D1B59E
00CDA990
00CDAD93
00CDAD93
00CDAD93
00CDAD93
00CDB193
00C9AD90
00C9AA8D
00C9AA8D
00C9AA90
00C9AA8D
00CDAA8D
00CDA68A
00C9A283
00CDA386
00CDAA91
00CAAA8E
00CEAA91
00CAA78E
00CAAA91
00CAA78E
00C6A38A
00C6A38A
00CAAB95
00CAAB91
00C6A78E
00C6A38B
00C6A38B
00C6A087
00CAA38B
00CAA48B
00C6A088
00C6A488
00C6A488
00C6A085
00C3A085
00BF9D85
00BF9982
00C39D82
00BF9D85
00BF9D85
00BB9982
00BB967E
00BB967E
00B48769
00B48769
00B48B72
00B78E75
00B88B6A
00B88867
00B88868
00B88562
00BB8665
00BB8F71
00B88F71
00B88F74
00BC9274
00BC8F6E
00B98966
00BC8C6C
00BC8C69
00B98C6C
00B58969
00BC937A
00B9927A
00B98C6E
00B58366
00B58C71
00B8957F
00BF9E8A
00B89279
00B88F6E
00BE9873
00BE986D
00C19B7B
00BB9172
00BE9778
00C8A38C
00C7A386
00C7A380
00CAA682
00CAA682
00CAA582
00CAA581
00CDA884
00CDA889
00D0A78C
00CCA48C
00CCA78E
00CCB19B
00C8A991
00C8A28A
00CB9E86
00C7A189
00C7B09D
00CBAF9D
00CBA488
00CEA88B
00CAA78B
00CAA78B
00CEA78B
00CAA78E
00CEA78B
00CEAB8B
00CEAE91
00CEB295
00CEAE91
00CEAB8A
00CEAB8E
00CAAE95
00CAAE98
00CAA78E
00CAA78E
00CAAE98
00C6A38A
00C6AA91
00CEB298
00D1B69F
00CDAA91
00C9AA8D
00D1B9A2
00CDAE94
00CDAE90
00CDAD90
00CDAD94
00D1B197
00D5B9A2
00CDA993
00CDAD93
00CDAD93
00CDAD93
00CDAD93
00CDAD93
00CDAD94
00C9A98D
00C9AA8D
00C9AA8D
00C9AA91
00C9AA91
00CDAA8D
00CDAA8A
00C9A383
00C9A387
00CEA78E
00CEA78E
00CEA78E
00CAA78E
00CAAB91
00CAA78A
00C6A38A
00CAAB91
00CAAB91
00C6A38B
00C6A38B
00CAA38B
00CAA78E
00C6A48B
00CAA48B
00CAA48B
00C6A088
00C7A088
00C7A485
00C7A485
00C3A182
00BF9D7E
00BF9D82
00C7A189
00C39D85
00BF9A82
00BF9A82
00BC9A82
00BC967F
00B48B6C
00B78B6D
00B88B73
00BB8E76
00BB8E70
00BE8E6D
00BB8868
00BB8662
00BB8C68
00BC8F71
00B88F71
00BC8F6E
00BF936F
00BF906C
00B98A66
00B98D66
00B98A66
00B98D6C
00B68A6C
00BC937A
00B9907A
00B2836C
00B5836F
00B5866C
00B9927C
00BF9F8A
00BC9882
00B58C71
00C29E7F
00BB9573
00B88F70
00B88E70
00BE9478
00BE9A7E
00BE9A7B
00C1A077
00C7A37D
00CAA682
00CAA682
00CAA582
00CDAC87
00CDAB8A
00D0AB8C
00CDA78C
00C9AA95
00CCAE98
00C8AA91
00C8A68E
00CBA290
00CBA28D
00CBAC96
00CBB0A0
00CBA88C
00CBA88C
00CAA892
00CAAB92
00CAAB92
00CAA78E
00CAA488
00CAA787
00CAB299
00CAB29C
00CEB298
00CEAB8B
00CEA787
00CAA78E
00CAAE9C
00CAAB95
00CAAB95
00CAAE98
00C6AB91
00CEAE95
00CEAE95
00CEB298
00CEAE95
00CDAA8D
00CDB29B
00CDAE94
00C9AA90
00CDAE90
00CDAD94
00D1B59E
00D5B9A2
00CDB197
00C9A990
00CDA990
00CDAD97
00CDB197
00CDB197
00CDB197
00C9AA90
00C9AA8D
00C9A68D
00CDA68D
00C9AA8D
00C9AA91
00CDA68D
00CAA383
00CAA383
00CEA78E
00CEA78E
00CAA78E
00CAA78E
00CAA78E
00C6A38B
00CAAB92
00CEB298
00CAAB92
00C6A38E
00CAA48B
00CAA78E
00C6A78F
00C6A088
00C39D85
00C7A088
00C7A188
00C7A185
00C3A182
00C3A182
00C3A182
00BF9D7F
00C39D82
00BF9D86
00C3A189
00C09A82
00C09A82
00BC9A7F
00BC967F
00BB8E70
00BB8E75
00B89178
00B88E76
00B88B73
00BB8C6D
00BB8965
00B88663
00B88C66
00BC8C69
00BC8F6C
00BC936C
00BC8D69
00BC8A66
00B98A64
00BC8D69
00C2936F
00BC8D6C
00B98D6C
00BF9680
00B68D72
00B6876C
00B68172
00B28469
00B58D74
00BC9985
00BC967C
00B58C6E
00BC9579
00BC9271
00C2987C
00C29879
00C59E84
00BE987B
00C19A81
00C19D7E
00C4A080
00CBA383
00C4A07C
00C7A27F
00CAA585
00CAA88A
00CAA58A
00C6A486
00C9A78C
00C9AA92
00C9A388
00C8A38B
00C89B87
00C8A28A
00CBA590
00CBAC93
00CBA88C
00CBA88C
00CEA896
00CAAB99
00CAAB96
00CAA88B
00CEA788
00CAA78B
00CAB29C
00CAB29C
00CAB295
00CEAF8E
00D2AF92
00CAAB95
00CAAF9C
00CAA792
00C6A087
00C6A792
00C6A78E
00CEAB95
00CEAE95
00CEAE95
00CEAE91
00C9A68A
00C9AA91
00CDAA91
00CDAA8D
00CDAA90
00CDB197
00D1BDA6
00D1BDA6
00D1B9A2
00CDAD97
00CDAD93
00CDAD97
00C9B197
00C9B197
00CDB197
00C9AA90
00C9AA8D
00C9A68D
00C9A68D
00C9A68D
00C9AA91
00CAAA8E
00CAA787
00CAA387
00CEA78E
00CAA78E
00CAA78E
00C6A78E
00C6A78E
00C6A78E
00CAA792
00CAB29C
00CAA78E
00CAA78E
00C6A78F
00C6A88F
00C6A48B
00C7A085
00C39D85
00C3A185
00C3A185
00C3A182
00C3A182
00C3A182
00C09E7F
00C09A7F
00C39E86
00BC977C
00C0A186
00C09E83
00C09E86
00BC9A83
00BC977F
00B88B6D
00B4886D
00B88B73
00BB8E76
00B88B73
00BB8F70
00B88968
00B88663
00BC8C69
00BF8F6C
00BF906C
00BF906C
00BC8D69
00B98761
00BC8A67
00BF906C
00BC906C
00B98A67
00B98A6A
00B98D6F
00B68A6F
00B68A72
00AF7E67
00B38469
00B69077
00BC9982
00B99072
00B99074
00BC967D
00BF997F
00BC9277
00B88F6B
00BB9273
00B88B6D
00BE9176
00C19E8C
00C19D89
00C4A083
00C7A080
00C7A382
00C7A282
00CAA98D
00CAA587
00C6A187
00C6A489
00C9A78F
00C9A388
00C8A388
00C8A38E
00CCA691
00CBAD94
00CBA98D
00CBA990
00CBA890
00CFA88F
00CBA893
00CBA892
00CAA88C
00CEAB92
00CEAF99
00CAAF99
00CAB39C
00CAB399
00CEAF92
00CEAB92
00CEAB95
00CAAB95
00CAA78E
00CAA48E
00CAA792
00C6AB92
00CEAF95
00CAAB92
00CEAB91
00CEAE95
00CAAA91
00CDA691
00CDA68D
00C9AA8D
00C9AA91
00D1B59B
00D1B9A2
00CDB19E
00D1B59E
00CDB19B
00CDA990
00CDAD94
00C9B197
00C9B197
00CDAD94
00C9AA8D
00C9AA90
00C9AA91
00C5A68D
00C9A68D
00C6AA91
00CAAA91
00CAA787
00CAA380
00CAA78E
00CAA78E
00CAA78E
00C6A78E
00C6A78E
00CAA38B
00C6A48B
00CAAB95
00C6A78F
00C6A48B
00C6A88F
00C3A48B
00C3A088
00C39D82
00BF9D82
00C3A182
00C3A182
00C3A182
00C3A182
00C09E7F
00C09E7F
00BC9A7C
00C09E83
00C09A80
00C4A289
00C49E86
00C09B83
00BC9780
00BC9780
00B88E73
00B48B70
00B88B73
00BB8F76
00B88F73
00B88C71
00BB8C6E
00BC8C69
00BC8C69
00BF906F
00BC906C
00BC906F
00B98D69
00B98A6A
00B98A67
00B98D6A
00BC906F
00B98767
00B98A6A
00B68A6D
00B98A6F
00B6876F
00B9907A
00BC9078
00B68A6F
00BC937A
00B98D72
00B99075
00BC9377
00BC9377
00B9906F
00B58C69
00B88F6E
00BB8F71
00BB8F70
00B88E73
00BB947B
00BE9A7E
00C19A7A
00C1967A
00C49C82
00C7A285
00C79F84
00C6A287
00C6A187
00C6A183
00C5A07F
00C5A082
00CCAA95
00CCAA94
00C8A687
00C8A68A
00CBA98D
00CBA58D
00CBA58C
00CFA88F
00CBA48C
00CBA48C
00CBAC92
00C7AB96
00CAA892
00C6AF96
00CAAF99
00CAAB95
00CEAB95
00CAA78B
00CAA78F
00CAA48B
00C6A08B
00CAA78E
00C6A48B
00CEAF95
00CAAB92
00CEAB92
00CEAB91
00CAAA91
00CEAA95
00CDA68D
00CDAA8A
00C9AA8D
00CDAE98
00CDB197
00D1B59E
00D1B5A2
00CDB197
00C9AD94
00CDAD94
00CDB194
00C9AD94
00CDB197
00C9AA90
00C5A68D
00C9AA91
00C5A68D
00C5A68D
00CAA791
00CAA78E
00CAA787
00CAA380
00CAA78B
00C6A78E
00C6A78E
00C6A78E
00C6A78B
00C6A78B
00C2A484
00C6A48F
00C6A88F
00C6A48F
00C7A48C
00C7A48C
00C3A188
00BF9D7F
00BF9D7F
00BF9D82
00C39E82
00C39E83
00C09E7F
00BC9A7C
00BC9A7C
00BC9B7C
00C09E80
00C09E83
00C49E86
00C09E86
00C09B83
00BC9780
00BC9780
00B88B70
00B58870
00B58870
00BB8F73
00B88C71
00B88F71
00BC8F71
00BC8C6E
00BC8C6C
00BC8D6C
00B98D72
00BC8D72
00BC8D6F
00B98A6A
00B98A67
00B98A6A
00B68767
00B68767
00BC8D70
00B98767
00B67E5C
00B68467
00B98A70
00B98D72
00B98D6F
00B9845F
00BC9075
00B9906F
00BC8D6C
00BC8D6C
00BC906F
00B99072
00B98C6F
00B88969
00BB896B
00BF8F70
00C2957E
00BB9175
00BE9475
00C19A7D
00C49A7D
00C4A07F
00C39F85
00C7A287
00C6A287
00C29E7D
00C69D7A
00C9A486
00C59D82
00C8A68E
00C8A381
00C4A281
00CBA68A
00CBA58D
00CFA98D
00CBA88C
00CBA589
00CBA589
00CBA489
00C7A188
00C7A488
00C7A88C
00CAA88F
00CAA88F
00CAA88B
00CAA88F
00CAA88F
00C6A488
00CEAB95
00CAA792
00C6A48B
00CAAF92
00CAA792
00CEAF95
00CEAE95
00CAAE98
00CAAA95
00CDA68E
00CDAA8D
00CDAE94
00D1AE94
00CDB19B
00CDB197
00CDAD97
00CDA994
00CDAD94
00CDAD94
00C9AA90
00C9AA90
00C9AE94
00C9AA90
00C5A68D
00C5A68D
00C5A68D
00C6A78E
00C6A78E
00CAA78E
00CAA387
00C69F84
00CAA78B
00C6A78B
00C6A78E
00C2A48B
00C6A78F
00CAA788
00C6A484
00C6A88F
00C7A88F
00C7A48C
00C7A188
00C3A488
00C7A489
00BF9D7F
00BF9E7F
00C09E82
00C49E83
00C09E7F
00C09E80
00BC9B80
00BC9B7D
00B9977D
00BD9B80
00BD9B80
00C09B80
00C09B84
00C09B84
00BD9880
00BD9880
00B58870
00B58B70
00B88C70
00B88F71
00B88C71
00B88F6E
00B88F6E
00B9896C
00B98A69
00B98A66
00B68767
00B9876A
00B98A6D
00B98A6A
00B98A6A
00B68767
00B98A67
00BC8A6A
00BD8B6A
00B9855F
00B67F5A
00B98B6A
00B6825F
00B98867
00BC8D6D
00B9845F
00BC8A6A
00BC8D6D
00B98A64
00BC8D67
00B98764
00B98764
00BC906F
00BC906F
00BF8C71
00BF8F7F
00BF9584
00C2957C
00C59778
00C19778
00C19472
00C1966E
00C49976
00C79C79
00C79F7E
00C69E7B
00C69E7A
00C69D7D
00C29D7C
00C9A382
00C8A381
00C59F7B
00C8A281
00C8A287
00CBA586
00C7A283
00CBA189
00CBA589
00CBA589
00C7A58C
00C7A48C
00CBA88C
00CEAC92
00CBA88C
00CAA488
00CAA88C
00CAA488
00CAA88C
00CAA88F
00C6A88F
00CAAB8F
00C6A488
00CAA78F
00CEAB92
00CEAF98
00CAAE98
00CAAB95
00CEAA8E
00CDAA8D
00D1B298
00D1B59B
00CDAE94
00C9AE90
00C9AD90
00CDAA90
00C9AA90
00C9AA90
00CDAA90
00C9AE94
00CDAE94
00C5A68D
00C5A68D
00C5A68D
00C5A68D
00C6A78E
00CAA78E
00CEA78E
00CAA384
00CAA080
00CAA78B
00C6A78B
00C2A48B
00C6A78F
00C6A88B
00CAA888
00C7A485
00C3A488
00C3A48C
00C7A48C
00C3A189
00BFA182
00BFA17F
00C09E7F
00C09E7F
00BC9A7F
00C09E80
00C09B80
00C09B7D
00BC9B7D
00BD977A
00BD987D
00BD9B7D
00B9947A
00BD987D
00BD9B7D
00B9987D
00B9987D
00B6917A
00B88B70
00BB8F73
00B88F71
00B88C6E
00B88F71
00B88F71
00B98969
00BC8C6C
00B98A69
00B98767
00B9876A
00B9876D
00C08D6F
00BC8A6A
00BD8B6D
00BD8865
00B9885F
00B9855F
00BD8562
00BA825D
00BD825A
00B68560
00BA8560
00BA855D
00B98862
00B98562
00B9825A
00B9855D
00B9855D
00BD885F
00BC875C
00C08459
00BC875F
00B98764
00BC8D6C
00BF8C6F
00BF8F71
00C28F71
00C2926D
00C59470
00C89772
00C89A6F
00C7996E
00C79973
00C79F7F
00C6A28A
00C6A587
00C69E7D
00C6A179
00C5A489
00C9A388
00C8A381
00C59C77
00C89F7A
00C8A27D
00C8A27D
00C79E7C
00C79E83
00CBA186
00CBA18C
00CBA18C
00CBA585
00CBA882
00C7A482
00C7A182
00CBA185
00CBA485
00CBA488
00CAA485
00C3A081
00C7A488
00C6A888
00C6A488
00CAA78E
00CAA78E
00CAAB92
00C6A78E
00CEAA8A
00CEAA8E
00D1B298
00CDAA91
00C9AA8D
00C9AA90
00CDAA90
00C9AA90
00C9AA8D
00C9A68D
00C9A68D
00C9A68D
00C5A68D
00C5A68D
00C5A68D
00C9A68D
00C6A78A
00C6A78E
00CAA78E
00CAA38B
00C6A384
00C6A081
00CAA788
00C6A78B
00C6A48B
00C6A88F
00C6A48B
00C7A488
00C3A085
00C3A182
00C3A188
00BFA185
00C3A589
00C3A182
00C09E7C
00BC9A7C
00C09E7F
00BC9A7C
00BC977D
00BC9779
00BD977D
00BD987D
00BD987A
00BD9B7D
00BD9B7D
00B99477
00B9957A
00BD987E
00B9987A
00B9987B
00B6957B
00B5886B
00B8896B
00BB8C6B
00BB8C6E
00BC8F71
00BC8C6C
00B58666
00BC8764
00BC8A67
00BC876A
00B9876F
00B98770
00BC8A6D
00BD8868
00BD8B65
00BD8860
00C0885D
00BD855D
00BA855A
00BA8560
00BD8B68
00BA8E6B
00C08E68
00C08B63
00BA8B68
00B7886B
00BA8868
00BD8865
00BD8B62
00BD885D
00C0885D
00C0885D
00C3875F
00C08762
00BF8A67
00BF8D6C
00BF906F
00C2926B
00C5986E
00C89870
00CB9B70
00CB9A6F
00CB9D74
00C7A085
00C7A38B
00C7A288
00C6A58A
00CAA893
00C6A486
00C6A792
00C5A488
00C9A388
00C8A68B
00C8A37E
00CCA27D
00CBA27D
00CBA27D
00C49E7C
00C79E7C
00C79E83
00CBA17F
00CBA57F
00CBA57F
00CBA87F
00CBA182
00CBA485
00CBA485
00C7A182
00C7A17E
00C39D77
00C3A07E
00C7A888
00CAA88B
00CAA48B
00C6A487
00CAA78E
00CAA78E
00CAA78A
00CEAA8A
00CDAA8D
00D1AA91
00D1AA91
00C9AA8D
00C9A68D
00C5A68D
00C5A68D
00C9A68D
00C9AA90
00C9AA90
00C9AA91
00C5A68D
00C5A68D
00C5A68D
00C6A78A
00C6A78E
00CAA78A
00CAA78B
00C6A384
00C6A47D
00CAA788
00C6A48B
00C6A48B
00C6A48B
00C7A88B
00CAA888
00C3A182
00C3A47E
00C3A182
00C3A485
00C3A185
00C3A182
00C0A17F
00C09E7C
00BC9A7C
00BC9B7D
00BC977D
00BD947A
00BD987A
00BD987A
00B9947A
00B9987A
00BD9C7E
00BA987B
00BA957B
00BA957E
00BA987B
00BA987B
00BA957B
00B58968
00B88965
00BB8C68
00B88C6B
00B88C6B
00B98969
00B58663
00B98461
00BC8764
00B98764
00B98462
00B68462
00B9855F
00B9885F
00C08B62
00C3885D
00C08860
00C08863
00BD8E68
00BD8E6E
00BD8E6B
00BD9170
00C09479
00C09170
00BD9479
00B78E73
00BA8865
00BA8E70
00BD947E
00C08E65
00C38B60
00C3885D
00C3885D
00C08B5F
00C39067
00BF8D6A
00C29372
00C2966F
00C5986B
00C89B73
00C89B70
00C89E7B
00C8A489
00C7A38F
00C7A07F
00C7A285
00C39F84
00C6A58D
00C6A183
00C6A48C
00C5A07C
00C9A382
00C5A78E
00C8A68B
00C8A381
00CCA27D
00CBA27D
00C8A27D
00C49E80
00CBA583
00CBA57F
00CFA583
00CFA882
00CBA882
00CBA88C
00CBA88F
00CBAC93
00C7A489
00CBA889
00C7A17E
00C7A178
00C7A07B
00C7A485
00CAA48B
00C6A48B
00CAAB8B
00CAAB8E
00CAA78E
00CAAA8E
00CDAA8D
00D1B298
00CDAA91
00CDA68D
00CDAA90
00C9AA90
00C9AA8D
00CDAA90
00C9A68D
00C9AA91
00C9AA91
00C9AA91
00C9A68D
00CAA78E
00CAA78A
00C6A78A
00CAA78B
00CAA787
00C6A484
00C6A07A
00C6A48B
00C7A48B
00C7A48C
00C7A48C
00C7A48C
00C7A488
00C7A182
00C7A17F
00C3A182
00C3A182
00C09E7F
00C0A17F
00C09E7F
00C09E80
00BC9B79
00BD977A
00BD947A
00BD947A
00BD947A
00BD987A
00BD957B
00BD987B
00BA987B
00BA9578
00BA9578
00BA957B
00BA957B
00B69578
00B69578
00B88968
00BB8968
00BC8C68
00B88C6B
00B98C6E
00B98C6C
00B98A66
00BC8764
00BC8761
00BC8762
00B9875F
00B9855F
00B9855D
00BD885D
00BD885D
00BD855D
00BD8560
00BD8E6B
00BD9173
00BA8B68
00C08E68
00BA8E6E
00BD9173
00C08E68
00BD9171
00BA8E6E
00BD8E68
00BA8E71
00B79181
00B7917E
00BA8E70
00BD8863
00BD8E6B
00BD8E65
00C3946D
00C39367
00C9966F
00C29C7D
00C29674
00C29B79
00C29B7C
00C19E84
00C4A48C
00C49D86
00CBA389
00C79F82
00C79F82
00CAA281
00C69B74
00C29E7D
00C29A76
00C5A07C
00C5A085
00C5A38E
00C5A68E
00C8A684
00CCA687
00CBA683
00CBA583
00CBA586
00CBA983
00CFA583
00CBA986
00C7A890
00C7B09A
00CBA88C
00C7A890
00CBA88F
00CBA88C
00CBA485
00CBA47E
00CBA47E
00C7A07B
00C69C81
00C6A081
00C6A387
00CAA78E
00CAAB8E
00CAA78A
00CEAE95
00CDAE94
00C9AA91
00C9A68D
00C9A68D
00C9A68D
00C9AA8D
00C9A68D
00C9A68D
00C9A68D
00C9A68D
00C9A68D
00CAA68A
00CAA78E
00C6A78E
00C6A78B
00C6A78B
00CAA787
00C6A07D
00C29C7A
00C6A48B
00C3A48C
00C7A48C
00C7A88F
00C3A48C
00C7A48C
00C3A182
00C39D82
00C39D7F
00C09E7F
00C09E7F
00C09E80
00C09E80
00C09E80
00BD9B7D
00BD987A
00B9947A
00B99577
00BA957B
00BD957B
00BD997B
00BE997B
00BA9578
00B69578
00BA9278
00B79278
00B79279
00BA9679
00B79679
00B88968
00BB8C6B
00BC8C6B
00B88F6E
00BC8F71
00B9906F
00BC906C
00B98A64
00BC875F
00BC875F
00BC8A62
00BD8B5F
00BA8860
00BD8860
00BD8860
00BA8865
00BA8868
00B78E71
00B79173
00C09171
00C08B66
00C08E66
00C08E69
00BD8860
00C08E6B
00B78563
00B7825E
00BA8563
00B78E76
00BA9784
00B7947B
00BA8865
00BA8863
00BD977E
00C0916A
00C39062
00C99364
00C29674
00BF997F
00BF9574
00C59B79
00C2A187
00C5A795
00C4A38F
00C7A080
00C79C76
00C79C76
00C39B75
00BF9875
00BB9777
00BB9776
00C29A76
00C5A385
00C5AA95
00C5A691
00C4A384
00C4A287
00C8A68A
00C8A280
00CBA580
00CBA986
00CFA98D
00C7A58D
00C3B09A
00C3A88C
00CBA589
00CBA58C
00C7A189
00CBA890
00CBA88F
00CBA885
00CBA482
00C7A482
00CAA481
00CAA481
00C6A484
00CAA78E
00CAAB91
00CAAB8A
00CEAE91
00CDA68E
00C9AA8D
00C9A68D
00CDA68D
00C9A689
00CDA68A
00C5A68A
00C5A286
00C9A68A
00C9A68A
00C5A387
00CAA38A
00CAA78E
00C6A78E
00C6A38B
00C2A38B
00C6A78B
00C6A081
00C39D7A
00CAA488
00C7A48C
00C3A48C
00C3A48C
00C3A48C
00C7A58C
00C39D86
00C09E82
00C09E7F
00C09A7C
00C09E80
00C09E80
00BC9B7D
00BD9B7D
00B9987A
00B9987A
00B9957A
00BA9577
00BA9278
00BA9578
00BA957B
00BA967B
00BA9678
00BA9275
00B78F76
00B78F76
00B79379
00B79679
00B49373
00B58968
00B88C6B
00B88C6B
00B98C69
00B98C6C
00B98D69
00B99072
00B98D6F
00B68764
00BC8A6A
00BD8B65
00BD8B5D
00BD885D
00BD8E6B
00B78B68
00B78863
00BA8E6E
00BD947C
00BD9176
00BD8B69
00BA895E
00BD8B60
00BD8B60
00BD8863
00BD8E6B
00BA8E73
00BA8E71
00BD9171
00B79179
00B48E79
00B48868
00C08E6B
00BA8B65
00BA9173
00BD8B62
00C08A5C
00BF8A5C
00BF9069
00BC967A
00C29879
00C59876
00C29879
00C5A48C
00C4A08C
00C7A083
00C79C7A
00C79F79
00C79C75
00C3A287
00C2A590
00C2A186
00C29A7C
00C5A085
00C1A792
00C1A388
00C8A37E
00C4A287
00C8A68A
00C89E7A
00CB9E79
00CBA283
00CBA989
00CBA986
00C7AC93
00C7AC93
00C39E7C
00C79E7C
00C7A182
00C7A182
00C7A185
00C7A88F
00C7A489
00CBA885
00CEA881
00C6AB8F
00C6AB95
00CAA78E
00CEAB8E
00CAA78B
00CAA78A
00CEAA91
00C9AA91
00C5A386
00C9A686
00C9A686
00C9A686
00C9A68A
00C9A68A
00C9A68A
00CDA68A
00C6A387
00C6A38A
00C6A78E
00C6A38B
00C2A38B
00BEA488
00C2A488
00C6A081
00C39D7B
00CBA488
00C7A48C
00C3A48C
00C3A58F
00C7A58C
00C7A189
00C39E86
00C39E86
00C09E83
00C09E83
00C4A283
00C4A283
00BD9B7D
00BD987A
00B9987A
00B9957B
00BA987B
00BA9278
00BA9278
00BA9678
00B79679
00B79279
00BB9376
00B79373
00B79073
00B79076
00B49376
00B49379
00B79376
00B88C6E
00B8896B
00B88969
00B98969
00B58666
00B28764
00B68D72
00B99075
00B98764
00B98D70
00B98B68
00BA855A
00BA855A
00BA8B6B
00BA9173
00BD8E68
00BA8B6B
00BA9176
00BA8E71
00BD8E69
00BD8C61
00BD8C63
00BD8C63
00C08B66
00BD9479
00BD977E
00BD947C
00B78866
00B78B6E
00B48B6E
00BA8563
00B7825A
00BD916D
00B68868
00B98B65
00B98459
00BC875C
00BF906F
00BF9674
00C59B77
00BF8F68
00C29270
00C59778
00C89D81
00C49A77
00C79D77
00C79F76
00CA9F79
00CAAC96
00C6AF9C
00C9A88F
00C69D83
00C29979
00C1A082
00C5A081
00C19C77
00C8A284
00C8A687
00C49F7D
00C89E79
00C8A283
00C7A283
00C7A17C
00C7A589
00C7A993
00C7A582
00C7A582
00CBA890
00C39D7F
00C7A185
00CBAC96
00C7A88C
00CBA888
00CEA885
00C6AF9C
00C6AB92
00CAAB8E
00CAAB8E
00C6A78B
00CAAB8E
00CEB298
00CEAE95
00C6A68A
00C9A686
00C5A386
00C5A386
00C9A386
00C9A68A
00CAA68A
00CAA38A
00C69F87
00C6A38A
00C6A78E
00C2A38B
00C2A38B
00C2A48B
00C2A088
00C6A081
00C7A07B
00C7A48C
00C7A48C
00C3A58C
00C7A58C
00C7A58C
00C3A189
00C3A18C
00C4A590
00C09E89
00C09E86
00C49E83
00C09F80
00BD9B84
00BD9B81
00B9987A
00BA957B
00BA957B
00B69278
00B79278
00B79279
00B79679
00B79679
00B79073
00B48C70
00B48D70
00B48D74
00B49074
00B49477
00B8977A
00B58968
00B58363
00B58666
00B98966
00B98969
00B68A6F
00B68A6F
00B6876A
00B68764
00B98767
00B68562
00BA855D
00B6855A
00B78868
00BA8B6B
00BA8863
00BA8866
00BA8B69
00BD8C69
00BA8963
00BD8961
00BD8C63
00C08F66
00C08E69
00C09A81
00C0A089
00C39D86
00BA9176
00B78868
00B37F60
00B38565
00B68868
00B68868
00BD8E6D
00B98D67
00BF8D6D
00BF906C
00C2906C
00C29671
00BF8F66
00BF8F65
00BE8F68
00C1916D
00C59775
00C89D75
00C79D77
00C79F76
00CA9C76
00CAAF99
00C6B2A5
00C6AB9C
00C6A48C
00C29979
00C1997C
00C5A085
00C19C7B
00C19C77
00C8A287
00C8A284
00C8A280
00CBA283
00C7A280
00C49A79
00C79E7C
00CBA583
00CBA57C
00CBA88C
00CBB3A0
00C3A186
00C39D7C
00C7A58C
00CBA88F
00CBA488
00C7A082
00CAAB92
00CAAB92
00C6A78F
00C6A78E
00CAA78E
00CEAE95
00CAAE95
00CAAE95
00CAA78E
00CAA787
00CAA787
00CAA78A
00C6A387
00C6A78A
00C6A78E
00C6A78A
00C6A38A
00C6A38B
00C2A78B
00C2A38B
00C2A48B
00C2A48B
00C3A088
00C3A081
00C3A182
00C7A48C
00C3A58C
00C3A58C
00C3A58C
00C3A189
00C3A189
00C4A58D
00C7A993
00C0A28D
00C0A28A
00C4A28A
00C19F87
00BD9B84
00BD9C84
00BA987B
00BA957B
00BE9C85
00BE9D85
00BA997F
00B49376
00BB9A7C
00BF9D83
00BB9A80
00B49077
00B49077
00B8947D
00B8947D
00B5947A
00B19174
00B8896B
00B58360
00B98663
00B98966
00BC8D6F
00B98D74
00B38769
00B68767
00B68464
00B98765
00B68565
00BA8560
00BA8860
00BA8B68
00BA8863
00BA8660
00BA8663
00BA8663
00BA8663
00BA8661
00BD8961
00BD8C61
00C08C63
00BD8C63
00C39D84
00C3A691
00C0A08C
00BA947E
00B4886E
00B38868
00B38E70
00BA9173
00B98E70
00B68A6A
00B68A6A
00BF906F
00BF906C
00BF8C66
00BF8C63
00C28F63
00C28F63
00C29268
00C1916D
00C89772
00C89D75
00C7A077
00CAA079
00C79F76
00CAAF96
00C6B5A8
00C6AE9F
00C9AB95
00C9A48C
00C9A78F
00C9AA95
00C5A68E
00C19F84
00C19B7A
00C89F80
00C8A283
00C89E83
00C79E7C
00C09A76
00C49E79
00CBA17F
00CBA57C
00CBAC90
00C7B7A7
00C3A890
00C39D7F
00C7A185
00C7A585
00CBA489
00C7A185
00CAA88C
00CAAB96
00CAAB92
00CAAB8E
00C6A78B
00CAAF92
00CAAE95
00CAB295
00C6AE91
00C6A78E
00CAAA8A
00C6AA8E
00C6A78A
00C6A78A
00C6A78E
00CAAB91
00C6A78E
00C6A38B
00C2A38B
00C2A48B
00C2A48B
00C3A48B
00C3A088
00BFA082
00C3A182
00C7A48C
00C3A58C
00C3A58C
00C0A189
00C3A189
00C0A189
00C09E86
00C0A28A
00C0A28D
00C0A28A
00C0A28A
00BD9F87
00BD9C84
00BD9881
00BD9981
00BE9C85
00BE9982
00B7967F
00BB967C
00BB9A7F
00BB977D
00B89780
00B4947D
00B4917A
00B8947D
00B5917E
00B5917B
00B5917B
00B5917B
00B58666
00B58360
00B58663
00B98966
00B99072
00B99077
00B3876A
00B38767
00B68A6A
00B98D6D
00B98868
00BA8868
00BD8B65
00BA8560
00B7865E
00BA895E
00BD8961
00BD8961
00BA8661
00BA8661
00BD865E
00BD895E
00C0895E
00C08C61
00C09A81
00C0A08C
00BD9A89
00BD9784
00BA947E
00BA947E
00BA977E
00B99780
00B9977E
00B9937B
00B99078
00B99072
00B98A69
00BC8660
00BF8C60
00C59266
00C59265
00C59568
00C2946A
00C89772
00CB9A75
00CBA077
00C7A077
00C79F73
00CAAF96
00CAB9A8
00C2B2A2
00C6B2A2
00C5AE9F
00C9AEA2
00C9AE9E
00C5AD9B
00C5AA91
00C4A687
00C49F80
00C49F7A
00C8A27D
00C7A27C
00C49E79
00C7A27C
00CBA57F
00CBA57F
00CBAC8D
00C7B7AA
00C7AC9A
00C7A88C
00C3A186
00C39D7F
00CBA485
00CBAC8C
00CAA888
00CAA88F
00CAAB92
00CAAB92
00CAAB92
00CAAF95
00C6AF95
00C6AB8E
00C6AB8E
00C6A78E
00C2A78E
00C6AB8E
00C6AB91
00C6A78E
00C6A78E
00C2A38B
00C2A38B
00C2A38B
00C2A48B
00C2A48B
00C3A48B
00C3A48B
00C3A085
00BF997B
00BF997B
00C7A185
00C7A58C
00C3A18C
00C0A189
00C0A189
00C09E86
00BC9B83
00C09E86
00C0A28A
00C0A28A
00C1A28A
00BD9F87
00BD9F87
00C19F88
00BE9982
00BA967F
00BA967F
00BE9D85
00BB9A83
00B7977D
00B8947D
00B89A83
00BC9E87
00B5917E
00B18E78
00B5917B
00B99881
00B5917B
00AE8E75
00B58666
00B58663
00B58663
00B98A66
00B99074
00B9937A
00B98D75
00B98D72
00B99072
00B99478
00BA8E73
00BA8B6B
00B78563
00BA8563
00BD8963
00BD8C63
00BD8C64
00BD8961
00C08C64
00C18961
00C1865F
00C1895F
00C3895E
00C0895E
00C09A81
00C3A99C
00C0A391
00C0A08E
00C0A08C
00BD9D89
00C0A089
00C0A08B
00C09C8B
00BF9F8B
00BF9C88
00BF9C88
00C29677
00C28C63
00C28C63
00C59265
00C59568
00C59568
00C5986A
00C89770
00CB9D78
00CBA077
00CB9C77
00C79970
00C7AF96
00CAB9AB
00C6B5A5
00C6B5A5
00C5B5A5
00C9B1A5
00C9B4A5
00C8B4A4
00C5B1A1
00C8AD9B
00CCA991
00C8A27D
00C8A27D
00C8A27C
00C7A27C
00C7A580
00CBA580
00CBA57F
00CBAC8D
00C7B7AA
00C7B3A4
00C3B09D
00C7AC96
00C7A182
00C7A182
00CBA888
00C7A185
00CAA488
00CAAF96
00C6A78F
00C2A48B
00C2A78E
00C2A792
00C2A38B
00C6A78E
00C2A78E
00C6AB91
00C6AB91
00C6A78E
00C6A78E
00C6A78E
00CAAB92
00CAAB92
00C6A48B
00C2A48B
00C3A48B
00C3A48B
00C7A088
00C3A182
00C39D7E
00C39D7B
00C3A586
00C3A58C
00C0A189
00C0A189
00BC9E86
00C09E86
00BC977D
00BD9B80
00BD9B84
00B99B84
00B99C84
00BA987E
00BA957E
00BA957B
00B7957B
00BA967C
00BB967C
00B7967C
00B7977D
00B89780
00B8977D
00B89780
00B89881
00B8947E
00B5917B
00B59578
00B9987E
00B59278
00B28F78
00B58666
00B58663
00B98966
00B68A69
00B99077
00B9937D
00B9907A
00B9937B
00B9937D
00BD977E
00BD947B
00BA9179
00BD9173
00BD8B69
00BD8966
00C08C66
00C08C64
00BD8C61
00C18C64
00C1865F
00C1865F
00C1895C
00C0895E
00C0895B
00BD977E
00C6AFA2
00C3A999
00C0A394
00C0A694
00BDA391
00C0A691
00C0A291
00BFA593
00C3A593
00BFA893
00C2A593
00C29C7F
00C28F63
00C59265
00C59265
00C59568
00C5986A
00C5986A
00C89A6D
00C89A72
00CB9A74
00CB9C74
00C79C73
00CAAC96
00CAB9AE
00CAB9AB
00C9B8A8
00C9B8A8
00C9B8A8
00C9B8A8
00C8B8AB
00C5B8A8
00C4B4A7
00C8B09A
00CCA27D
00C8A27A
00C8A27D
00C8A27D
00CBA580
00CBA580
00CBA580
00CBAC8D
00C7B7AA
00C7B7A7
00C7B7A4
00C7B09D
00C7A893
00C7A185
00C7A485
00C3A182
00CAA48C
00CAA892
00C6A88F
00CAAB95
00CAAB95
00C6A78E
00C6A78E
00C2A38B
00CAAB92
00CAAB92
00C6A78E
00C6A78E
00C6A78E
00C6A78B
00C2A48B
00C2A48B
00C2A488
00BFA488
00C3A088
00BFA085
00BF9D85
00C39D82
00C3A182
00C39D82
00C7A186
00C4A189
00C0A289
00BC9E86
00BC9E86
00BC9B83
00C09E87
00C09F87
00BD9F87
00BD9F87
00BD9F87
00BA9881
00BA957E
00B6957B
00B7927C
00B7937C
00B7967C
00B79379
00B4907A
00B49077
00B59177
00B18E74
00AE8E72
00AE8E75
00B28E75
00AF8E72
00AF8B70
00AB856D
00AC856D
00B98969
00B98966
00B98A66
00B98A69
00B99077
00BC9680
00B9937D
00B9937D
00BC9680
00BD9780
00BD9781
00BA947E
00BD977E
00BD8E6B
00C08C66
00C08C66
00C18F64
00C18F64
00C18C62
00C1895F
00C1875F
00C1895C
00C1895C
00C0895B
00BD9779
00C0A99C
00C3AF9F
00BDA697
00C0A697
00C0A999
00C0A599
00BFA599
00C3A896
00C2A896
00C2A896
00C5A896
00C59E82
00C28F62
00C89568
00C59268
00C59568
00C29568
00C5976A
00C8976A
00C89A6C
00C79A6E
00C7996E
00C79C73
00CAAF96
00CABCB1
00CAB9AE
00C6B5AB
00C9B8AB
00C9B8AB
00C9B8AE
00C9B8AB
00C8B8AB
00C8B8A7
00C8B4A1
00C8A280
00CBA27D
00C8A27D
00C8A27D
00CBA580
00CBA580
00CBA57C
00CBAC8D
00C7B7AA
00C7B7A7
00C7B7A7
00C7B7A7
00C7B09D
00C7A586
00CBA889
00CBA889
00CBA88F
00C7A88F
00C7A892
00C6A892
00C6A88F
00C6A78F
00C6A78E
00C6A78E
00C2A48B
00C2A48B
00C2A48B
00C2A48B
00C2A48B
00C2A48B
00C2A48B
00C3A088
00C3A48B
00C3A48C
00C3A48C
00C3A188
00C3A189
00C3A189
00C3A189
00C3A182
00C3A186
00C0A289
00C0A28A
00C0A28A
00C0A28A
00C0A28A
00C0A28A
00BD9F8A
00BD9F87
00BDA38A
00BD9F8B
00BA9C88
00BA9982
00BA9982
00B79982
00BB9A82
00BB9683
00BB9A83
00B89780
00B8947D
00B8947B
00B19178
00B59178
00B59278
00B6927C
00B69279
00AF8F76
00AF8C73
00AF8C73
00B58666
00B68766
00B98A69
00BC8A69
00B99075
00B99680
00B99680
00B99680
00BD9780
00BD9781
00BA9781
00BD9A84
00BD9A84
00BD8F6E
00C08C66
00C08C64
00C18F61
00C18F64
00BE8C62
00C18A5F
00C1875F
00C18A5D
00C1895C
00C08659
00BA9476
00BDA697
00C3AFA2
00C0AC9F
00C0A699
00C0A89C
00C3A89C
00C3A89C
00C2A89C
00C2A89C
00C2A89B
00C2AB9B
00C29E84
00C59262
00C59167
00C59265
00C59265
00C89567
00C59467
00C5976A
00C89A6C
00C79A6C
00CB996E
00C79C73
00CAAC94
00CDBCB4
00CAB9AE
00C9B8AE
00C9B8AE
00C9B8AB
00C9B8AE
00C9B8AE
00C8B8AB
00C8BBAB
00C8B8A4
00C8A281
00C8A27D
00C8A27D
00C8A27D
00C8A27D
00CBA580
00CBA57D
00CBA98A
00C7B7AA
00C7B7A7
00C7B7AA
00C7BBAA
00C7B3A0
00C7A889
00CBA889
00C7A589
00C7A189
00C7A488
00C3A188
00BFA088
00C3A488
00C6A48B
00C3A48B
00C6AB92
00C2A48B
00C2A48B
00C6A78F
00C6A78F
00C3A48B
00C3A48B
00C3A48B
00C3A48C
00C3A88C
00C7A88F
00C3A48C
00C3A48C
00C3A58C
00C3A18C
00C3A18C
00C3A183
00C4A286
00C4A28D
00C0A28A
00C0A28A
00C0A28A
00C09F8A
00BDA28A
00BD9F8A
00BD9F8A
00BAA387
00BA9F8B
00BAA08B
00BA9985
00BA9985
00BB9D85
00BB9A83
00BB9A83
00BB9A86
00B89A83
00B89781
00B89881
00B5957E
00B5927B
00B9957F
00B6927C
00B3927C
00B39279
00B38F79
00AF8F76
00B68766
00B98A69
00B98A69
00B98A67
00B99078
00B99680
00B99680
00B99680
00B99780
00BA9781
00BD9781
00BD9A84
00BD9A84
00BD8F6E
00C08C66
00BD8961
00BE8C62
00C18F64
00C18D65
00C18A5F
00C18760
00C1875D
00BE865C
00BD8356
00BA9174
00C0AF9F
00C0AC9C
00C3B2A4
00C0A99C
00BCA899
00BFAB9C
00C2AB9C
00C6AB9E
00C2A89B
00C5A89E
00C5AB9B
00C5A187
00C59164
00C59467
00C89467
00C59165
00C59464
00C89467
00C4976A
00C89A6C
00C79A6C
00CB9C6E
00C7996D
00C7A98E
00CDBCB1
00CAB9AE
00CDBCB1
00C9B8AE
00C9B8AE
00C9B8AE
00C9B8AE
00C8BBAB
00C8BBAB
00C8B8A4
00C8A681
00C8A27D
00C8A27D
00C8A27D
00C8A27D
00CBA680
00CBA580
00C8A586
00C8B7AA
00C7B7AA
00C7BBAA
00C7BBAA
00C7B7A4
00C7A889
00CBA889
00C7A589
00C3A589
00C7A489
00C3A48C
00C3A48C
00C3A48C
00C3A48C
00C3A88B
00C7A88F
00C6A88F
00C3A48B
00C6A88F
00C7A88F
00C7A88F
00C3A48C
00C3A48C
00C7A88F
00C3A48C
00C3A88F
00C3A58C
00C3A58C
00C3A58C
00C3A18C
00C4A189
00C49E83
00C49E83
00C0A286
00C09E83
00C09F87
00C09F84
00C09F87
00BD9F87
00BD9C84
00BD9C81
00B6987E
00B69981
00B79982
00B7967C
00BA9982
00B79A82
00BB9A83
00BB9A83
00B89A86
00B89B84
00BC9881
00B99881
00B99881
00B9987F
00B9957F
00B9967F
00B6937C
00B6967F
00B3937A
00B3937A
00B68764
00B68767
00B98A69
00B98A6A
00B99078
00BC9683
00B99683
00B99780
00BD9A83
00BD9A83
00BD9A84
00BD9A84
00BD9A87
00BD8F6C
00C18C64
00BE8961
00BE8962
00C18F65
00C18D62
00C18A60
00BE875D
00BE845A
00BE865A
00BA8356
00BD9171
00C3B2A4
00C0AC9C
00C6B2A7
00C0AFA1
00BCAB9C
00BCAB9C
00C2AB9E
00C2AB9E
00C5AB9E
00C5AB9E
00C2AA9B
00C5A18D
00C19467
00C59467
00C5976A
00C59464
00C59164
00C89467
00C49769
00C89A6C
00C79A6B
00C7996B
00C7996A
00C7A98B
00CDBCB1
00CAB9AE
00C9B8AE
00C9B8AE
00C9B8AE
00C9B8AE
00C9B8AE
00C8B8AB
00C8BBAB
00C8B8A7
00C8A681
00C89F7A
00C89F7A
00C8A27D
00C8A27D
00C8A27D
00CBA680
00C8A587
00C8B7AA
00C8B7AE
00C7BBAA
00C7BBAA
00CBBBA7
00CBA989
00CBA989
00C7A88C
00C3A58C
00C3A589
00C3A589
00C3A48C
00C3A48C
00C3A48C
00C7A48C
00C7A48C
00C7A88F
00C7A88F
00C7A48C
00C7A88F
00C7A48F
00C3A48F
00C3A48C
00C3A48C
00C3A58C
00C3A88C
00C3A589
00C3A189
00C0A186
00C09E83
00C09E83
00C09B7C
00C09B7D
00BD9B7D
00BD9B7D
00BD9B7D
00BD987D
00BD9B81
00BD9C7E
00B69577
00B69574
00B39271
00B38F72
00B79275
00B39272
00B38C70
00B48C70
00B49076
00B4947A
00B49177
00B58E77
00B28E75
00B28E75
00B28E72
00B28C73
00AF8C70
00AF8973
00AF8C74
00B08C74
00AC8D6E
00AC866B
00B68767
00B68767
00B98A67
00B68767
00B99075
00B99683
00BC9686
00B99783
00BA9781
00BA9783
00BD9A84
00BD9A84
00BD9A84
00BD8F6C
00BE8C61
00BE8962
00C1875F
00C18A62
00C48A62
00BE875D
00BE875B
00BE845B
00BE875A
00BA8054
00BA8C69
00C3AC9F
00C3AFA2
00C0AFA2
00C3B1A4
00BFAB9C
00BFAE9E
00BFAE9E
00C2AE9E
00C5AB9E
00C5AB9E
00C5AA9E
00C5A48C
00C19467
00C19466
00C5976A
00C59767
00C59464
00C59164
00C49766
00C8976C
00C79A68
00C79C6B
00C7996A
00C7A98A
00CDBCB1
00CDBCB1
00C9B8AE
00C9B8AE
00C9B8AE
00C9B8AE
00C9B8AE
00C9B8AB
00C5B8A8
00C5B8A7
00C4A284
00C89F7D
00C49F7A
00C89F7A
00C8A27D
00C8A27D
00C8A27D
00C8A683
00C8B7AA
00C8B7AE
00C8B7AE
00C8BBAA
00C7BBAA
00C7A989
00CBA989
00C3A58D
00C3A58C
00C3A58C
00C7A589
00C3A88C
00C7A589
00C7A489
00C7A48C
00C7A489
00C3A489
00C3A489
00C7A489
00C7A189
00C3A189
00C3A185
00C3A185
00BFA182
00BF9E7F
00C09E82
00C09E7F
00C09E7F
00C09E7F
00C09A80
00BC977D
00BC9B7D
00C09E7D
00BD9B7D
00BD9B7D
00BD9B7D
00B9987A
00BD9C81
00BD9C7E
00BA957B
00B69578
00B69278
00B79678
00B79679
00B38F73
00B49073
00B48C70
00B48D74
00B49077
00B58D74
00B18A72
00AE876F
00AE8B6F
00AF8B6D
00AF886D
00AC8567
00AC866B
00AC866B
00AC896E
00AC8668
00A68060
00B68767
00B68767
00B68764
00B68767
00B69075
00B99683
00BD9786
00BD9786
00BA9783
00BD9786
00BD9A84
00BD9A84
00BD9B84
00C1926F
00BE8C64
00C18A62
00C48A62
00C18760
00C1875D
00BE875D
00BE885B
00BE845B
00BE845A
00B78054
00BA8966
00C3A99C
00C6B5A7
00BDA99C
00C3B1A7
00BFAE9E
00BFAE9E
00BFAE9E
00BFAE9E
00C2AB9E
00C2AA9E
00C1AA9E
00C5A48C
00C19466
00C19466
00C49466
00C5946A
00C59467
00C49164
00C49463
00C49769
00C79A68
00C7996B
00C39C6D
00C3A587
00CABCB1
00CABCB1
00CDBCB1
00C9B8AE
00C9B8AE
00C9B8AE
00CCBBB1
00C9B8AE
00C5B8AB
00C8B8A7
00C4A684
00C89F7A
00C49F7A
00C8A27A
00C8A27A
00C8A27A
00C8A27A
00C8A680
00C8B7A7
00C8B7AE
00C8BBAE
00C8BBAE
00CBBBAE
00C8A98D
00CBA586
00C4A286
00C0A186
00C49E83
00C39E83
00C39E82
00C39E7F
00BF9D7F
00C3A182
00C3A582
00C3A182
00BF9D7F
00C3A182
00BF9D7F
00C09E7F
00C09E7F
00C7A186
00C09E7F
00C09E7F
00C09E7F
00C09E7F
00C09E80
00C09E80
00C09E80
00C09B7D
00C09B7D
00C09F7D
00C19F81
00BD9F81
00BD9C7E
00BD9C7E
00BD9C81
00BD9C81
00B69578
00BA9578
00B79678
00BA997C
00B39376
00B49373
00B49373
00B49070
00B49074
00B89477
00B18E75
00B28B72
00B28B6F
00B28B6F
00AF8C70
00AC896A
00AC8968
00AC8668
00AC866B
00B08A6E
00A98668
00A98363
00B68767
00B68767
00B98767
00B68767
00B99078
00B99783
00BD9786
00BD9783
00BA9784
00BA9784
00BA9784
00BA9781
00C09E87
00BE8F6F
00BE8C62
00C18A62
00C18760
00BE875D
00BE875D
00BE855E
00BE885E
00BE855B
00BB8457
00BD8056
00BD8C6C
00C0A69A
00C9B8AD
00BDA99C
00C3AEA4
00C2B1A4
00BFAE9E
00BFAE9E
00C2B1A1
00BEAA9E
00C1AD9E
00C1AA9E
00C1A48F
00C49769
00C19366
00C49466
00C49769
00C49467
00C49163
00C89063
00C89366
00C49668
00C7996D
00C39C6D
00C7A587
00CAB9AE
00CAB9AE
00C9BCB1
00C9B8AE
00C6B5AB
00C9B8AE
00C9B8AE
00C9B8AE
00C5B8AB
00C8B8A8
00C4A684
00C49F7A
00C89F7A
00C8A277
00C89F7A
00C8A27A
00C4A277
00C8A67D
00C8B7A7
00C8B7AE
00C8B7AE
00C8BBAE
00CBBBAE
00C4A58A
00C8A586
00C4A283
00C09B7C
00C09E80
00C09A7C
00C09A7C
00C09E7C
00C09E7F
00C09E7F
00C4A183
00C4A183
00C09E7F
00C09E7F
00C09E7F
00C09E7C
00C09E7C
00C4A283
00C4A283
00C09E80
00C09E80
00C09E83
00C09E80
00C09B80
00C09F80
00C09F80
00BD9B7D
00C19B7D
00BD9C81
00BA9C81
00BA9C7E
00BA9881
00BA957E
00BA957B
00BA997B
00BA967B
00B79679
00B39379
00B49679
00B49376
00B49373
00B19074
00B49177
00B59477
00B28E75
00B58E75
00AF8B6F
00B28B73
00B28C73
00AF8970
00B0896B
00AC896B
00AD866B
00B08A71
00AD876C
00A68466
00B38464
00B68464
00B68764
00B68462
00B98E75
00B99786
00BA9786
00BA9786
00BD9784
00BA9781
00BA9784
00BA9881
00BD9B84
00BE8F6F
00BE8C64
00BE8A62
00BE875D
00BE875D
00BE855E
00BB855B
00BB855B
00BB8558
00BE8457
00BA8054
00B78966
00BAA391
00C3B8AD
00C0AFA1
00BFAB9F
00C2B1A7
00BFAEA1
00BFAE9E
00BFAE9E
00BEAD9E
00BEAD9E
00BEAD9D
00C1A78F
00C4936B
00C49668
00C19366
00C49469
00C49466
00C49466
00C49063
00C49363
00C79668
00C7996D
00C79970
00C7A281
00CAB9B1
00CAB9AE
00C9B8AE
00C9B8AE
00C6B5AB
00C9B8AE
00C9B8AE
00C9B8AE
00C5B4AB
00C8B8AB
00C4A687
00C89F77
00C8A277
00C4A277
00C49F77
00C4A277
00C4A277
00C4A27A
00C8B4A4
00C8B7AE
00C8B7AE
00C8BBAE
00CCBBAE
00C4A68A
00C8A683
00C8A283
00C09B7D
00C09E80
00C09B7D
00C09B79
00C09B79
00C09B7C
00C09E80
00C4A283
00C49E80
00C09E80
00C09E80
00C09E7D
00C09B7D
00C09E80
00C09E80
00C09E80
00BC9B7D
00BC9B7D
00C09E80
00C09F83
00BD9B80
00BD9B7D
00BD9B81
00C19B7D
00BD987A
00BD9C7E
00BA9C81
00BA9C84
00BA9C85
00BA9981
00B69982
00BA9982
00BA9982
00BA967C
00B79379
00B79679
00B7977A
00B49377
00B49477
00B19174
00B19175
00B29175
00B29275
00B28F76
00AF8C73
00AF8C73
00B08C71
00AC8D71
00AD8D71
00AD8A6E
00AD876F
00AD876F
00AA8469
00B68462
00B68462
00B68462
00B38562
00B68E75
00BA9786
00B79786
00B79786
00BA9784
00BA9784
00BD9884
00BA9882
00BE9B84
00BB8F6F
00BE8A62
00BE8760
00BE875D
00BE875B
00BE885B
00BB8559
00BB8559
00BE8559
00BE845A
00BA8054
00B78663
00B7A08F
00C3B2A4
00C3B4AA
00BCA89C
00C6B1A7
00C2AEA1
00BFAE9E
00BEAE9E
00BEAD9E
00BEAD9E
00BEAD9D
00C1A68F
00C0936B
00C79668
00C49366
00C49466
00C49466
00C49466
00C49063
00C49363
00C49668
00C7996D
00C79870
00C7A27E
00CAB9AE
00CAB9B1
00C9B9AE
00C9B8AE
00C9B8AE
00C9B8AE
00C9B8AE
00C9B8AE
00C5B8AB
00C8B8AB
00C5A68B
00C89F77
00CC9F7A
00C89F77
00C5A377
00C4A377
00C89F77
00C49F77
00C8B4A4
00C8B7AE
00C8B7AE
00C8B7AE
00C8BBAE
00C4A98D
00C8A684
00C4A284
00BD987A
00C09F80
00BD9B7D
00BD987A
00BD977A
00C09B7D
00C09F80
00C4A283
00C09F80
00C09F80
00C09F80
00C09F80
00BD9B7D
00BD9B7D
00C09F80
00C09F80
00C09F80
00BD9B7D
00BD9B7D
00C19F80
00BD9B81
00C19B81
00C19C81
00BD9C7E
00BD9877
00BD9C7E
00BA9C81
00BA9C81
00BA9C85
00BEA088
00BA9C85
00B79982
00B79982
00BB997F
00BB967C
00B79379
00B49377
00B49477
00B49077
00B59177
00B19175
00B29178
00B29278
00B29276
00AF8F73
00AF8F73
00B09074
00AC8D71
00AD8D71
00AD8D71
00AA8A6F
00AD876F
00AA846C
00B68262
00B6825F
00B6825F
00B6825F
00B68B73
00BA9786
00B49784
00BA9A86
00BD9787
00BD9787
00BD9884
00BA9882
00BE9B84
00BB8F6D
00BE8A5F
00BE8760
00BE845B
00BB8558
00BB8559
00BE8559
00BC8256
00BE8256
00BB8158
00BA8051
00BA8966
00BDA697
00C0AC9C
00C6B7AF
00BCA89E
00C2AEA4
00C2AEA4
00BFAE9E
00BEAD9E
00BEAD9E
00BEAD9D
00BEAD9D
00C1A68E
00C0906B
00C4936B
00C49668
00C49466
00C49469
00C49366
00C79366
00C49365
00C4966B
00C79970
00C79870
00C3A27E
00CAB9AE
00CABCB1
00C6B9AE
00C9B8AE
00C9B8AE
00C9B8AE
00C9B8AE
00C9B8AE
00C5B4AB
00C5B8A8
00C1A68B
00C59F77
00CC9F7A
00C89C77
00C59F78
00C5A377
00C8A377
00C49F74
00C8B49E
00C8B8AE
00C8B8AE
00C8B8AE
00CCBBB1
00C8AA91
00C8A281
00C4A284
00BD987A
00B9987A
00BD9B7A
00BD9B7A
00C1987D
00C19F80
00C19F81
00C19F81
00C19F81
00BD9B7D
00BD9B7D
00BD9B7D
00BD9B7D
00C19F81
00C19F84
00C19F81
00C19F81
00BD9B7D
00C19B81
00C19C81
00BD987E
00BD987E
00BD9881
00BD987E
00BD9878
00BA9C7E
00BA9C82
00BA9C82
00BE9C85
00BAA088
00BA9C85
00B79982
00B79982
00B79982
00B7937C
00B49379
00B4937A
00B49077
00B4917A
00B5917B
00B59178
00B28E78
00B28F78
00B28F79
00AF8C76
00AF8F76
00B08C74
00AD8D71
00AD8D74
00AD8D72
00AA8A6F
00AA8A6F
00AA846C
00B37F60
00B68260
00B68260
00B78260
00B38B70
00B79786
00B79786
00BA9A87
00BA9584
00BA9884
00BD9884
00BB9882
00BB9885
00B88D6F
00BE8760
00BE875D
00BE855E
00BB855B
00BB8559
00BF8559
00BC8257
00BB8256
00BB8155
00BA8051
00B78963
00BDA997
00BAA99C
00C6BAB2
00BFAEA4
00BFABA1
00C2AEA4
00BFAE9E
00BEAD9E
00BEAD9E
00BEAD9D
00BAAD9D
00C1A691
00C08F6B
00C4926D
00C19368
00C49369
00C49366
00C49366
00C79366
00C49365
00C49668
00C7956D
00C79870
00C39F7B
00C6B9AB
00C6BFB1
00C6BCAE
00C9B8AE
00C6B5AB
00C9B8AE
00C9B8AE
00C5B5AB
00C5B4A8
00C5B4AB
00C1A68E
00C59C78
00C59C77
00C19874
00BD9975
00C59F75
00C59F78
00C59C74
00C8B1A1
00C5B8AE
00C5B4AB
00C8B8AE
00C8BBB1
00C5AA8E
00C8A381
00C59F84
00BD987B
00BD987B
00BD9C7E
00BD9C7E
00C19F81
00C19F81
00C19F81
00C4A384
00BD9C7E
00BD9C7E
00BD9C7E
00BD9C7E
00BD9C7E
00BD9C81
00C19F84
00BD9C81
00BD9F81
00BD9C81
00BD9C81
00C19C81
00BD987E
00BA9881
00BA9581
00BD997B
00BA9972
00BA997E
00BA9982
00BA9C85
00BE9D85
00BA967F
00B7997F
00BA9D85
00B3967F
00B4967F
00B0937C
00B8937D
00B4907A
00B4907A
00B5917A
00B59178
00B29175
00B28E75
00B28F79
00B28C76
00AF8C76
00B08C77
00B08D74
00B09074
00AD8D74
00AD8A72
00AA8A6F
00AA8A72
00AA876F
00B47F5D
00B47F5D
00B78260
00B77F5D
00B48871
00B79787
00B49784
00BA9A87
00BA9584
00BA9882
00BB9882
00B8957F
00BB9885
00B88D70
00BE875D
00BE8760
00BE855E
00BB825B
00BE855C
00BF8259
00BC8357
00BC8256
00BE8458
00BA8051
00B78663
00B7A094
00BAA999
00C6B7AF
00C2B1AA
00BCABA1
00C2AEA4
00BFAEA1
00C2ADA1
00C1ADA0
00BEAD9D
00BAAD9D
00C1A694
00C08F6A
00C4926D
00C09368
00C19366
00C19366
00C19366
00C49365
00C49365
00C4966B
00C7956D
00C39870
00C39F7B
00C3B5A8
00C6BCB1
00C6BCB1
00C9B8AE
00C6B5AB
00C9B8AE
00C9B8AE
00C5B5AB
00C2B5A8
00C5B8A8
00C5AA8E
00C19C75
00C19C74
00C19871
00C19972
00C59C72
00C59F75
00C19C71
00C5B19E
00C5B8AE
00C5B4AB
00C8B8AE
00C8BBB1
00C5AA94
00C59F7E
00C5A384
00BD9C7E
00BD9C7E
00BD9C7E
00BD9C7E
00C19F81
00C1987E
00BD9C7E
00C19F81
00BD9C7E
00BA997E
00BD9C7E
00BA997B
00BD9C84
00BD9C81
00C19C81
00BD9C85
00BD9F85
00BD9C81
00BD9981
00BD9981
00BE9C81
00BA9981
00BA957E
00BE997B
00BE9975
00BA9C7F
00BA9982
00BA9D85
00BA9982
00B38F76
00B7967C
00B79985
00B7967F
00B4967F
00B0937D
00B4937D
00B4907A
00B5917A
00B5917B
00B28E75
00AE8E72
00B29275
00AF8F79
00AF8F79
00AF8C76
00AC8974
00B08D74
00B39077
00B08D77
00AD8A75
00AA876F
00AA876F
00AA876F
00B17D5B
00B4805E
00B4805E
00B7805E
00B48C6E
00B49787
00B19584
00BA9887
00BA9584
00BB9584
00BB9882
00BB9882
00BB9885
00B88A70
00BB8760
00BE8860
00BE855E
00BB8259
00BC855C
00BC8357
00BC8357
00BC8357
00BB8258
00BA8054
00BA8664
00BDA397
00BDA699
00C6B4AC
00C3B7AF
00BCA89E
00BFABA4
00BFAEA1
00BEAD9E
00BEAD9E
00BEAD9D
00BAAA9D
00C1A391
00BD8F68
00C4926A
00C09365
00C19366
00C19366
00C49369
00C49368
00C4966B
00C4936B
00C7956D
00C39873
00C39F78
00C3B2A5
00C3BFB1
00C6BCAE
00C6B8AE
00C6B5AB
00C9B8AE
00C9B8AE
00C5B5AB
00C2B1A5
00C5B8A8
00C1AA95
00C19C75
00C19C75
00C19971
00C19972
00C59C72
00C59C72
00C19C71
00C5B19B
00C5B8AE
00C5B4AB
00C8B8AE
00C5BFB1
00C1AA95
00C5A07B
00C5A385
00C1A081
00BE9C82
00C19C82
00BE9C82
00C1A082
00BE997B
00BA9578
00BE9C7E
00BE9C7F
00BE997F
00BE9C82
00BA997E
00BA9C82
00BE997F
00BA997F
00BA997F
00BA9C82
00BA9C85
00BE9982
00BE9982
00BA9982
00BA9982
00BE9982
00BE997F
00BE9975
00BA9D82
00B79982
00BB9D85
00BB9982
00B38F76
00B7937C
00BB9A86
00B79A83
00B49783
00B1937D
00B4907A
00B4917A
00B18D77
00B18E78
00AE8E72
00AF8E72
00AF8F73
00AC8C76
00AC8C76
00B08C77
00AC8974
00B08D74
00AA8A6C
00AD8D75
00AD8D75
00AA8772
00AA876F
00A7816C
00B17D5B
00B17D5B
00B17D5B
00B4805E
00B7896C
00B79884
00B19584
00B79884
00B79584
00BB9585
00BB9885
00BB9582
00BB9885
00B88D6D
00BB8760
00BE8860
00BE855E
00BC825C
00BC855C
00BC8357
00BC8057
00B98357
00BB8258
00BB7E54
00B78664
00BDA697
00BDA697
00C3B1A4
00C6B7B2
00BFAEA4
00BFAB9E
00BFAEA1
00BEADA1
00BEAAA0
00BEAD9D
00BAAA9D
00BDA391
00BD8F68
00C4926A
00C09368
00C19066
00C19366
00C49368
00C4936B
00C4936E
00C79671
00C39970
00C39870
00C09875
00C3AFA2
00C6BCAE
00C6BFB1
00C6B8AE
00C6B5AB
00C6B8AB
00C6B5AE
00C5B5AB
00C2B1A8
00C5B5AB
00C1AA95
00C19C72
00C19C75
00C59C75
00C59975
00C59C75
00C59C72
00C19C6F
00C5AD98
00C5B8AE
00C5B4AB
00C5B8AE
00C1BFB1
00C1AE95
00C5A07B
00C9A385
00C1A085
00C1A082
00C19C82
00BE9D82
00C1A085
00BE967C
00BA9675
00BE9D7C
00BE9D7F
00BA997C
00BA997F
00BA967C
00BE997F
00BE9D82
00BA9679
00B79276
00B7997F
00BA9D85
00BA9982
00BE9982
00BA967F
00BA967F
00BB997F
00BB997C
00BB9676
00BB9A7C
00B79A82
00B79A86
00B79A83
00B49076
00B79379
00B79683
00B49780
00B49783
00AD907D
00B18D77
00B18D77
00B18E78
00B28E78
00AE8B75
00AB8B73
00AF8C76
00AC8F76
00AC8C76
00AC8974
00B08D74
00AD8A71
00AA876C
00AA876C
00B18E75
00AA876F
00A7846F
00A7816D
00B47D5E
00B4805E
00B4805E
00B47D5E
00B4896F
00B49884
00B19582
00B49884
00B89885
00B89585
00BB9585
00BB9685
00BB9688
00BB8D73
00B88560
00BE855E
00BE855E
00BC825C
00B98059
00B98057
00B98054
00B98054
00B87F56
00BB7E54
00B78661
00BAA091
00BDA999
00BCAB9F
00C6BAB5
00BFB1A7
00BCAB9E
00BFAE9E
00BEADA1
00BEAAA0
00BAAA9D
00BAAA9A
00BAA394
00BA8C68
00C4926A
00C4936B
00C19366
00C19366
00C4936B
00C4936B
00C4936E
00C79671
00C39970
00C09870
00BC9572
00BFAF9F
00C6BCAE
00C3BCB1
00C6B9AE
00C6B5AB
00C6B8AE
00C9B5AE
00C5B5AB
00C2B1A8
00C5B5AB
00C1AE9B
00C19972
00C19C72
00C59C78
00C59D78
00C19C75
00C59C72
00C59C6F
00C5AE91
00C5B4AE
00C5B4AB
00C1B8AB
00C1BBB1
00C1AE98
00C5A07F
00C5A388
00BEA088
00C29D85
00BE9D7F
00BE9D82
00C2A085
00BB9679
00B79376
00BE9D7C
00BE9D7F
00BB9A7C
00B7967C
00BB967F
00BE9A83
00C29D82
00BB967C
00B48F76
00B79A7C
00BB9D86
00BB967F
00BB967F
00BB967F
00BB967F
00BB9A7C
00BB9A7C
00BB9A76
00B79A7C
00B79680
00B79A83
00B79A83
00B09073
00B7977A
00B89A83
00B49780
00B49780
00B1947D
00B1917A
00B5917B
00B28E78
00B28E78
00B28E78
00AF8C76
00AF8C76
00AC8F79
00AC8C77
00B08D77
00AD8D71
00AA8769
00AD8769
00AA876A
00AA8B75
00A78872
00A78570
00A78570
00B4805E
00B4805E
00B4805E
00B47D5F
00B48669
00B79884
00B49584
00B59885
00B89885
00B89582
00BB9685
00BB9685
00BB9685
00BB8D73
00B88560
00BB855E
00BB825C
00BC8359
00BC835C
00B98057
00B98054
00B98357
00B57F56
00B87E54
00B7835E
00B49A8C
00BAA397
00C0A99F
00C6B7B2
00BFB1AA
00BFABA1
00BFABA1
00BEADA1
00BEADA0
00BAAA9B
00BEAD9D
00BDA694
00BA8C68
00C09267
00C09368
00C19366
00C19369
00C4936E
00C4936E
00C4936E
00C4966E
00C39570
00C39870
00C09872
00C3AF9F
00C3B9AE
00C3BCB1
00C6B9AE
00C6B5AB
00C6B5AE
00C6B5AB
00C5B5AB
00C2B1A8
00C5B5AB
00C2AE9B
00C19975
00C19972
00C59C75
00C59D79
00C29D75
00C19972
00C19972
00C1AA92
00C5B4AB
00C5B5AB
00C1B8AE
00C2BBB1
00C2AE9B
00C5A082
00C5A489
00BEA089
00BB9A82
00BE9A7F
00BB9A7C
00BE9D7F
00B79376
00B49073
00BF9A7D
00BF9A80
00B8977D
00BB977D
00BB9780
00BF9A83
00BF9D83
00BB9A80
00B8977D
00B8977D
00B89780
00BB9380
00BB9780
00BB9780
00BB9780
00B8977D
00BB9A7A
00B89773
00BB977D
00B8977D
00B49780
00B89780
00B18D70
00B49377
00B4947D
00B49780
00B19480
00B1947D
00AE917E
00B2917E
00AE8E7B
00B5957E
00B28F79
00AF8C76
00AC8C76
00AC8C77
00A98D77
00AD8A74
00AD8A6F
00AA8769
00AA8767
00AA8567
00AB8873
00AB8873
00A78570
00A4856D
00B4805F
00B4805F
00B17E5C
00B17E5F
00B1866C
00B89585
00B19585
00B59582
00B89885
00B89582
00B89382
00B89382
00B89683
00B88D73
00B88861
00BB855B
00BC825C
00B98059
00B98057
00B98057
00B98055
00B98054
00B87F53
00B87E52
00B7835E
00BAA091
00B7A094
00BDA99C
00C3B4AF
00C2B4AC
00BFAEA1
00BFABA1
00BEAAA1
00BEAA9E
00BBAA9D
00BEAD9D
00BAA694
00BA8C6B
00C08F67
00C09365
00C19068
00C19069
00C1906B
00C4936E
00C4936E
00C7966E
00C3966D
00C09870
00C09872
00C3AC9C
00C3B9AE
00C3BCAE
00C6B9AE
00C6B5AB
00C6B5AB
00C6B5AB
00C6B5AB
00C2B1A8
00C2B5AB
00C2AA9B
00C29972
00C19972
00C19975
00C29D79
00BE9D76
00BE9D72
00C29D72
00C1AA8F
00C5B5AB
00C5B5AB
00C2B8AB
00C2BBAE
00BEAE9B
00C5A07F
00C5A483
00BEA189
00B79A83
00BB9A7D
00B89A7A
00BB9A80
00B89377
00B89071
00BF977A
00BB9B7D
00B8947D
00B8947D
00B8947D
00BC9B80
00BB9B80
00BB9B80
00B89A7D
00B1947A
00B4947D
00B8947D
00BB9780
00B8977D
00B8977D
00B8947D
00B8977A
00B89774
00B8977A
00B4947D
00B4947A
00B4977D
00B4947D
00B4977D
00B49780
00B49780
00B59784
00B1947E
00B2917E
00B29581
00AF927E
00B2927C
00B29279
00B38F79
00B08C77
00AC8D77
00AD8D77
00AD8A75
00AA876F
00AA846A
00AA8567
00A78267
00A7856D
00AB8B76
00A4826D
00A4856A
00B17E5C
00B17E5F
00B17E5C
00B17E5F
00B1876A
00B59587
00B59887
00B59282
00B59585
00B59885
00B89382
00B89380
00B89683
00B88D73
00B8855E
00BB825C
00BC825C
00B98057
00B68054
00B98054
00B98055
00B98054
00B87F53
00B57E52
00B4835C
00BAA394
00B7A091
00B9A99C
00C0B1AA
00C2B7AF
00BFAEA4
00BBABA1
00BEAAA1
00BEAAA1
00BBA79B
00BAAA9A
00BDA391
00BA8C6B
00C08F6A
00C09368
00C19068
00C1906B
00C1906B
00C1906B
00C4936E
00C4966E
00C09970
00C09C70
00C0986F
00C0A899
00C3B5AB
00C3BCAE
00C3B9AE
00C6B5AB
00C6B5AB
00C6B5AB
00C2B2A8
00C2B1A8
00C5B5AB
00C2B1A2
00C29976
00C29972
00C29975
00C29D79
00C29D76
00BE9D76
00C29D76
00C2A78C
00C2B5AB
00C2B5AB
00C2B8AB
00BEBCAE
00C2B19F
00C29D7C
00C6A183
00BF9D89
00BB9780
00BB9A7D
00B8977A
00BB9B80
00B8947A
00B59171
00BC9878
00BC9B7E
00B8987E
00B8947E
00B8947E
00B8987E
00BC9B81
00BC9B81
00B5947E
00B19178
00B1917B
00B8947E
00B8947E
00B8947E
00B8977E
00B5947A
00B89777
00B89471
00B89777
00B59177
00B5947D
00B89781
00B89B84
00B59B84
00B1947E
00B1947E
00B59881
00B5957E
00B28E78
00B2927B
00AF927C
00AF8F79
00B38F79
00B08C77
00AC8974
00AD8A74
00AD8A75
00AD8A72
00AA886C
00A78567
00A78567
00A48268
00A8856D
00AB8873
00A5826E
00A17F68
00AE7B5A
00B17B5C
00B17E5C
00B57E5C
00B2846A
00B59585
00B59885
00B29382
00B59685
00B59685
00B59683
00B89383
00B89683
00B88D70
00B8855E
00BC825C
00BC825C
00B98057
00B98057
00B68055
00B67D55
00B67D54
00B57C53
00B57E52
00B4805C
00B79A8C
00B49A8F
00BAA397
00C0B1A7
00C2B7AC
00BFAEA4
00BCABA1
00BBAAA1
00BEAAA1
00B7A79B
00B7A79A
00BDA694
00BA906E
00BD936B
00C0936B
00C1936B
00C1906B
00C4936E
00C1936B
00C4936B
00C0936E
00C09970
00C39973
00C39872
00C0A896
00C3B5AB
00C3B9AE
00C3B9AB
00C6B5AB
00C6B5AB
00C6B5AB
00C2B2A8
00C2B2A8
00C2B5AB
00C5B1A5
00BE9976
00C29973
00C29976
00C29D76
00C29D79
00C29D79
00C29D76
00C2A789
00C2B5AB
00C2B5AB
00C2B5AB
00C6B8AB
00C6B5A5
00C29D7D
00C6A183
00BFA189
00BB9B80
00BC977D
00BC9B7E
00BF9E84
00B89478
00B59172
00BC9878
00B9987B
00B9957E
00B9957E
00B9987E
00B9957B
00BC987E
00B9987E
00B5957B
00B29278
00B29175
00B5957B
00B9987E
00B9987E
00B9987B
00B29175
00B59175
00B8946F
00B89478
00B59478
00B59178
00B59178
00B2917B
00B28E78
00B28E78
00AE8E78
00B28E78
00B28E78
00AF8B76
00AF8C76
00AF8F76
00AF8C76
00B08C74
00AD8A74
00A98A71
00AA8A6F
00AD8A72
00AA8B75
00AA856D
00A78267
00A88568
00A88268
00A8836E
00A88973
00A5836E
00A5836E
00AF785A
00AF7B5D
00B27B5D
00B27E5D
00B2816A
00B29582
00B29885
00B29382
00B59682
00B59683
00B59383
00B59380
00B59380
00B88E70
00B88261
00B9825C
00B98059
00B98057
00B98357
00B68055
00B67D52
00B67D54
00B87F56
00B57E55
00B4805C
00BAA094
00B7A091
00B69D8E
00C0AEA4
00BFB4AC
00BFB1A7
00BCABA1
00BBABA1
00BEAAA1
00BBA79E
00BAAA9B
00BDA697
00BA906B
00BD936B
00BD936E
00BD906B
00C1906C
00C1936B
00C1936E
00C4936E
00C1936E
00C09670
00C09973
00C09873
00C0A993
00C3B6A8
00C6B9AB
00C6B9AE
00C3B5AB
00C6B5AB
00C6B5AB
00C2B2A8
00C2B2A8
00C2B2A8
00C6B1A5
00C29A76
00C29673
00C29A73
00C29A76
00C29A76
00C29D79
00BE9A76
00BEA483
00C2B1A5
00BEB2A5
00C2B2A5
00C2B2A8
00C2AEA2
00BF9A7A
00C29E80
00BF9E87
00B8987E
00B8987B
00B59578
00BC987E
00B59275
00B68F6C
00B99576
00B99579
00B9957C
00B6957C
00B6957C
00B9957C
00B9997C
00B9997C
00B69579
00B29276
00B29276
00B69579
00B9957C
00B5957B
00B59578
00B29275
00B59275
00B5926F
00B59272
00B28E75
00B28E75
00AE8E75
00B28E75
00AE8B75
00B28E78
00B28E78
00B28F78
00AF8B76
00AF8C73
00AF8F76
00AF8C76
00B08C77
00AD8D74
00AD8A71
00AA8A72
00AA876F
00AE8B72
00AB8B76
00A7856A
00A48265
00A88268
00A58065
00A5836B
00A88974
00A2836E
00A2806B
00AF795A
00B27B5D
00AF7B5D
00B27B60
00AF8168
00B59080
00B59685
00B29380
00B59383
00B59683
00B59380
00B59080
00B59380
00B58B71
00B67F5E
00B9805C
00B98059
00B98057
00B98057
00B98057
00B67D55
00B67D54
00B57C56
00B87E55
00B4815C
00BAA094
00BDA99C
00B39A8E
00BDACA1
00BFB4AC
00BFB1A7
00BCABA1
00BFABA1
00BEAAA1
00BBA79E
00BBAA9B
00BEA797
00BA906E
00BD936B
00BD936E
00C1936C
00BD936C
00BD936C
00BD936E
00C1966E
00BD9371
00BD9270
00C09570
00C09870
00C0A990
00C0B2A2
00C3B2A8
00C3B2A8
00BFB2A5
00BFAFA5
00BFAFA5
00BFAEA5
00BBABA2
00BBABA2
00BFAB9F
00BB9673
00BE9370
00BE9670
00BF9A73
00BF9A77
00BF9A76
00BB9773
00BB9D80
00BFAEA2
00BFAEA2
00BFAEA2
00BFAEA2
00BFAF9F
00BF9B7D
00BF9E7E
00BF9E81
00B59578
00B59578
00B9957B
00BC9882
00B69276
00AF8C6A
00B99676
00BA9679
00B69679
00B6967C
00B6937C
00B6937C
00BA967C
00B6967C
00B69679
00B39376
00B69679
00B39276
00B38F73
00B28F73
00B28F73
00B69276
00B69276
00B69270
00B69270
00B28F76
00B29276
00B28F76
00AF8F73
00AF8F76
00B28F79
00B28F79
00B28F79
00AF8C76
00AF8C73
00B08C74
00B08D77
00AD8D74
00AD8A72
00AD8A72
00AA876F
00AA8B70
00AB8B73
00AB8B73
00A8856B
00A58365
00A88368
00A28066
00A5836C
00A98974
00A5836F
00A5836F
00AF795B
00AF7C5B
00AF7C5D
00B27C60
00AF8468
00B29080
00B59685
00B59080
00B59080
00B89385
00B59383
00B59380
00B5937E
00B68B6E
00B37D5C
00B67D59
00B67D57
00B68057
00B67D55
00B67D57
00B67D57
00B67D57
00B57D56
00B87C55
00B27E5A
00B49584
00BAA69A
00B1978C
00B6A397
00BCAEA4
00BFAEA4
00BCA89B
00B8A59B
00B8A498
00B8A198
00B7A195
00BAA092
00BA8D6E
00BA8D65
00BD906B
00BE936C
00BA9069
00BD906C
00BD906B
00BD936B
00BD906B
00BD8F6A
00BD926D
00BC956D
00BCA58A
00BCAC9F
00BFAFA5
00BCAFA2
00BCABA2
00BCABA2
00BCABA2
00BBABA2
00BBAB9F
00B8AB9F
00BBAB9C
00B89777
00BB936D
00BE9370
00BF9774
00BF9A74
00BB9774
00BB9774
00BB9A7A
00BBAB9C
00BFAEA2
00BFAEA2
00BFAFA2
00BFB2A2
00BF9B7E
00C39E7B
00C09F84
00B59578
00B69579
00B69579
00B6967C
00B38F73
00B08C6B
00B69371
00B7937A
00B3937A
00B7967D
00B7967D
00BA967D
00BA967D
00BA967D
00B79677
00B3937A
00B39377
00B69377
00B69074
00B69077
00B38F76
00B69379
00B39373
00B38F6D
00B69273
00B39279
00AF8F76
00B39276
00AF8F73
00B38F76
00B38F79
00B38F79
00B38F79
00B08C77
00B08D74
00AD8A74
00B08D77
00B08D77
00AD8A72
00AA886F
00A7856D
00AB8870
00AB8870
00AB8971
00A8866E
00A58366
00A58063
00A27D61
00A6846C
00AC8A74
00A3816C
00A3816C
00AC7658
00AF7C5B
00AF7C5B
00B27C60
00AF8268
00B28D7D
00B29380
00B2907E
00B28E7E
00B59080
00B38E7E
00B38E7B
00B08E7B
00B3856C
00B37D59
00B67D57
00B67D57
00B37B55
00B37B55
00B37B55
00B37B58
00B37B55
00B37A54
00B57C56
00B57E5A
00B1927F
00B79E92
00B19487
00B4978C
00B6A699
00B9A89F
00B6A299
00B5A296
00B8A196
00B89E92
00B49B8F
00B79D8F
00B78D6F
00BA8A66
00BD8D69
00BA9069
00BA906C
00BA9069
00BA9069
00BD906B
00BD9068
00C08F6A
00BD926A
00BC956D
00BCA58D
00BCA899
00BCACA2
00BFAFA5
00BCABA2
00BCABA2
00BFABA5
00BFAFA5
00BCABA2
00BBAB9C
00BFAE9F
00BB9A7A
00BF9371
00BF9774
00BF9774
00BB9774
00BF9B74
00BB9774
00B89777
00BBA896
00C3B2A5
00C3B2A8
00BFB2A5
00C3B5A8
00C0A284
00C39B7B
00C09F88
00B6957C
00B69679
00B69679
00BD9982
00B69377
00AD8A68
00B79374
00B7977A
00B7977B
00B7977B
00B7947B
00B7947E
00B7947D
00B7977D
00B79778
00B49477
00B09074
00B39074
00B39071
00B38D74
00B38D74
00B39077
00B39074
00B38D71
00B08C74
00B39377
00B09074
00B08C74
00B08C74
00B08C74
00B09077
00B09074
00B09077
00B09077
00B08D74
00AD8A72
00B08A75
00AD8A75
00AA8B72
00A7856D
00A8826D
00A8826E
00A8866E
00AB8974
00A8866E
00A58066
00A68064
00A37E61
00A38167
00A98775
00A3816C
00A07E6A
00A97459
00A97756
00AF7C5B
00AF7C5B
00AF7F63
00AF8B78
00B28E7E
00B08B7B
00B08B7B
00B08B7B
00B08B79
00B08B76
00B08E79
00B3866C
00B37A57
00B37D57
00B67D5A
00B37B57
00B37B55
00B37B55
00B37B58
00B67E58
00B67D57
00B57C56
00B27E5A
00B2927F
00B79E8F
00B79A8C
00B19484
00B7A399
00B9A99F
00B6A59C
00B6A296
00B59F90
00AE8F7C
00B89E90
00B49A8F
00B78D6F
00BA8A63
00BE9069
00BA9169
00BE916C
00BE906C
00BE906C
00BD906C
00BD8D65
00BD8F68
00BD926D
00BD9570
00C0A591
00BCAC9F
00C0AFA5
00C3B2A8
00BFAFA5
00BFAFA5
00BFAFA8
00C3B2A8
00BFB2A5
00BCAF9F
00C3B2A5
00BB9B7D
00BB9471
00BF9774
00C39774
00BF9874
00BC9774
00BF9B77
00BC9777
00BFA899
00BFB2A5
00BFAFA5
00BFAFA5
00C3B6A8
00C09F87
00C0987C
00C09F88
00B6927C
00B6937C
00B39377
00BA967D
00B39074
00AA8769
00B49172
00B7947B
00B7977B
00B7977B
00B7947B
00B8947E
00B4917B
00B7977B
00B49478
00B79478
00B19175
00B18E6F
00B08D6F
00B08A72
00B08A72
00B49075
00B08D74
00B38D74
00B08A71
00B39074
00B08D74
00B08D74
00B08D74
00AD8D71
00B09077
00B09074
00B08D74
00AD8D72
00AD8D72
00AD8A6F
00AE886F
00AA8870
00A78870
00A4856D
00A57F6B
00A5836B
00A8866E
00AC8971
00A5836C
00A28166
00A38164
00A37E61
00A38167
00A98772
00A3816D
00A07E6A
00AD775C
00AD7759
00B07A5C
00B07A5C
00AD8064
00B08879
00B38E7E
00B08B7B
00B08B7B
00B08B7B
00B08B7B
00B38E79
00B38E79
00B3866C
00B37D5A
00B37D5A
00B37E57
00B67E5A
00B67E5A
00B67E58
00B67B58
00B9815D
00B9805C
00B57F59
00B27F5B
00B29380
00B8A195
00B7A197
00B19789
00BAA69C
00BDACA2
00BCABA1
00B9A59C
00B9A596
00AB8C79
00B8A195
00B8A192
00B78E6F
00BA8A63
00BE9169
00BA946C
00BA946C
00BE946C
00BE946C
00C1906C
00C19069
00BD8C68
00B98F6A
00BD9270
00C0A58E
00BCACA2
00C0AFA5
00C0AFA5
00C0AFA5
00BFAFA5
00BFAFA5
00BFB2A8
00BFAFA5
00BCAB9F
00C3B2A5
00BC9E81
00B89471
00BF9471
00C39872
00BF9872
00BC9872
00BF9B75
00BC9875
00BFA899
00BFAFA5
00C0AFA5
00C0B2A8
00C3B6AC
00C0A288
00C09979
00BD9F85
00B3937C
00B6967D
00B39377
00BA977D
00B49478
00B18E6F
00B79175
00B49178
00B49179
00B59179
00B59279
00B18E79
00B5927C
00B59179
00B49479
00B4947B
00B18E73
00AE8B6D
00B18B6D
00B18B6F
00B18B72
00B18E72
00B19175
00B18E6F
00B18A72
00B48A75
00AD8772
00B08A72
00AD8A72
00AD8D75
00B08D75
00B18D75
00B18E75
00AD8B72
00AE8B70
00AE8870
00AB8870
00AB8870
00A5856E
00A8866E
00A8866E
00A8836E
00A5836F
00A98772
00A6846C
00A37E64
00A37E64
00A37B62
00A07E65
00A68570
009D7C68
009D7C68
00AD7A5F
00AD785C
00AD785C
00AD7A5C
00AD7D64
00B08B79
00B38E81
00B08B7E
00B08E7E
00B08E7E
00B38E7E
00B08E7C
00B38E7E
00B3896F
00B37E5A
00B67E5A
00B67E5A
00B67E5A
00B37E58
00B37B58
00B67E5B
00B98160
00B6805C
00B6825C
00B28260
00B59380
00B89E92
00BAA79D
00AE9587
00B7A397
00BDACA2
00BDACA1
00B9A59F
00B9A59C
00A98977
00B89E93
00B89E92
00B88E73
00BB8764
00BB9169
00BB946C
00BB946C
00BA9169
00BA916C
00C1906C
00BD8D69
00BD8C68
00BD8F6A
00B9926D
00C0A28B
00BCACA3
00C0AFA5
00C0B2A8
00C0AFA5
00C3B2A8
00C0AFA5
00C0AFA5
00BFAFA5
00BCAC9F
00BFAFA5
00B89B81
00BC916F
00BF946E
00BF9872
00BC9572
00BC9875
00BC9B75
00B99572
00BCA896
00C0AFA5
00BCACA2
00BCACA3
00C0AFA9
00BD9F88
00BD9673
00BD9C7F
00B3937D
00B09074
00B49475
00B7977B
00B7947B
00B8947B
00B89576
00B59273
00AE886B
00AE896E
00B58F76
00B28F76
00B59279
00B29279
00B59579
00B59279
00AE8C73
00AE886D
00AE8B6D
00AE886A
00AB856A
00B18E73
00AE8E70
00B18E6A
00B48E73
00B18B75
00AE8873
00B18B73
00B18E73
00AE8E73
00B19178
00B18E75
00B18E75
00AE8B76
00AE8B73
00AB8870
00AB8970
00AB8971
00A8866E
00A8866E
00A9836E
00A6836F
00A68772
00A98772
00A3816A
00A07B64
00A37E62
00A07C5F
00A07C62
00A48270
009D7C68
009A7965
00AD7E62
00AD785D
00AD785D
00AD785D
00AD7E62
00B08C79
00B38E7E
00B08E7E
00B08E7E
00B08F7E
00B38F7E
00B08C7C
00B08F7C
00B3896F
00B37E5A
00B37E5D
00B67E5A
00B67E58
00B37B55
00B37B55
00B37E5B
00B97E5B
00B6805A
00B3825C
00B28261
00B59683
00B59B8D
00BEAA9F
00B1988C
00B19D92
00BDACA2
00BAA9A4
00B9A69F
00B9A59C
00A98A7A
00B59F90
00B59B90
00B88E73
00B78864
00B78E67
00BB916C
00BB916C
00BA9169
00BA9069
00BA906C
00BD8D69
00BD8C65
00BD926A
00B98F67
00BC9C85
00B9A99F
00B9ACA2
00BCAFA2
00BCACA2
00BCACA2
00BCACA2
00BCACA2
00BCACA2
00B9A59C
00BCACA2
00BC9B81
00BC916F
00BC956F
00BC9572
00BC9573
00B99873
00BC9876
00B99573
00BCA594
00C0AFA6
00BDACA3
00BDACA3
00C4B3A9
00BDA38E
00BD9674
00BD9D83
00B79780
00B09078
00B19172
00B18E72
00AE8E76
00AE8B6D
00B28C6E
00B28F6E
00AF8966
00AF896B
00B28F74
00AF8C74
00B28F77
00B2927A
00B2927A
00B28F77
00AF8971
00AB866B
00AB896B
00AF896B
00AB866B
00AE8C73
00AE8C6E
00AE8C6B
00B28C6E
00AE8C70
00AE8870
00AE8C70
00AB8B70
00AE8B73
00AE8F73
00AE8F73
00AE8C73
00AB8C73
00AB8971
00AB866E
00AB8971
00A88971
00A9866E
00A9836F
00A9846F
00A6846F
00A6846F
00A6846F
00A3816A
00A07C5F
00A37C5F
00A4795D
00A17960
00A17F6D
009A7965
009A7965
00AE7B60
00AE785D
00AE785D
00AD785D
00AD7B60
00B08977
00B08F7F
00AD8F7F
00AD8C7F
00B08F7F
00B08C7C
00B08C7A
00B08F7C
00B3866D
00B37B58
00B37B5B
00B37B5B
00B37B56
00B37B56
00B37B58
00B47B5B
00B67E5B
00B07E58
00B08057
00B27F5C
00B5937D
00B59B8D
00BBA79D
00B19E92
00AE988A
00B7A69C
00BAA9A2
00B6A69C
00B6A299
00A98A77
00B5998D
00B2988A
00B58B6D
00B48561
00B78B67
00B7916A
00B78E6C
00BA916C
00BA906C
00BA906C
00BD8D65
00BD8C67
00B98F6A
00B58F63
00B9987E
00B9A89C
00B9AC9F
00BCACA2
00C0AFA5
00C0AFA5
00C0AFA5
00BCB2A5
00BCAFA5
00BCA89F
00C0AFA2
00BC9F8A
00BC956F
00BC956F
00B99573
00BD9976
00B99973
00BD9976
00B99573
00BDA694
00C0AFA6
00BDACA3
00C0B0A6
00C0B3A9
00BDA691
00BA9671
00BEA083
00B49480
00B18E72
00B18E72
00B18E73
00AE8F73
00AE8C71
00B28F71
00B58F71
00AC8666
00AF8969
00AF8D72
00AF8A72
00AF8D77
00AF907A
00AF9077
00AF8D74
00AF8A6F
00AC8769
00AC8669
00AC8669
00AC866C
00AF8971
00AF8C6E
00AF8969
00AF8C6B
00AF8971
00AF8971
00AC8C71
00AC8C71
00AF8971
00AF8C74
00AF8C74
00AC8C74
00A88671
00AC866E
00AC866E
00A9866F
00A6836C
00A6816C
00A9846C
00A6816C
00A6816D
00A6846D
00A38570
00A37F68
009D7C5D
00A4795D
00A1765A
009E7660
00A17C6B
00987666
009B7663
00AE795E
00AE795E
00AB7658
00AE795B
00AB7B60
00AB8777
00AE8C7F
00AE8C7C
00AE8C7C
00AE897A
00AE897A
00AB8977
00AE8C77
00B1876A
00B17958
00B17B5B
00B67E5B
00B47B56
00B47B56
00B47C58
00B47C5B
00B47B5B
00B07B58
00B07D5A
00B3805C
00AF8B73
00B59988
00B8A498
00B5A195
00AB9587
00B4A397
00BAA9A2
00B7A39C
00B9A699
00AC8A78
00B69F90
00B2988A
00B89273
00B48861
00B48B67
00B78E6A
00B78E69
00B79166
00BA9069
00BA8D68
00BA8965
00B68964
00B98F6A
00B58E66
00B99B81
00BCACA2
00BCAFA5
00BFAFA5
00BFAFA5
00C0B2A8
00BCAFA5
00BCAFA5
00BCB2A5
00BCAC9F
00BCAFA5
00BCA28A
00B9956F
00B99573
00B99573
00BA9673
00BA9673
00BA9973
00B69370
00BDA694
00C0B3A9
00BDACA3
00BDB0A3
00BDB3A9
00BEAA97
00BA9472
00BE9D81
00B49481
00AE8B73
00AE8B73
00B28F76
00B29279
00AF8F77
00B59374
00B29071
00A98161
00A98164
00AC8A6F
00AC8A72
00AC8A75
00B08D78
00B09078
00B08D75
00B0876F
00AC8464
00AC8464
00AC876A
00A9846D
00AC876F
00AF8A6F
00AC8767
00AF8A6A
00AC876F
00AC876F
00AF8A72
00AC8A6F
00AF8A72
00AF8A72
00AC8A72
00AC8A72
00AC8A72
00AC876F
00A9846C
00A9846C
00A9846C
00A9816D
00A9846D
00A6816A
00A37F68
00A4826D
00A4826D
00A17F68
009E7660
00A17960
009E745D
009B7460
009E7D6B
009B7A66
009B7763
00AB765C
00A8765C
00AB7659
00AB7959
00AB7C60
00AB8A75
00AE8C7D
00AE8C7F
00AE8C7D
00B18C7D
00B18C7D
00AE8A7A
00AE8A7A
00B48770
00B17C5B
00B17E5B
00B47C5B
00B47C56
00B17C56
00B17C59
00B17F5B
00B17C59
00B07E5B
00B07E5A
00B07D5A
00B08E76
00B29383
00B8A498
00BBAAA0
00AB988A
00B4A197
00BAACA5
00BAA99F
00BAA69C
00A98A7B
00B9A296
00B2998A
00B89273
00B48867
00B48E73
00BB9E87
00BB9D83
00BAA086
00BD9D89
00C1A38E
00C0A691
00C0A994
00C0A996
00C3A896
00C3A89C
00BFAFA2
00BCA89F
00BCAC9F
00BFAFA5
00C0B2A8
00BCB2A5
00B9AFA5
00BCAFA5
00B9A9A0
00BCAFA6
00B9A294
00B6926D
00BD9670
00BA9671
00BA9674
00BA9674
00BA9671
00B3906B
00BDA38F
00C1B3A9
00BEADA3
00BEB0A6
00BEB3A9
00BEAA98
00B89170
00BB9B7E
00B5957E
00AE8C73
00AF8C74
00B28C74
00AF8C74
00AF9074
00AF8D6C
00B08A6A
00A67E5F
00A97E5F
00AD876D
00B3947E
00B3917E
00AD8E78
00AA8E75
00AD8870
00B08870
00AD8565
00AD8565
00AD856A
00AA856D
00AD886D
00AA8868
00AD8868
00AD886A
00AA856D
00AA856D
00AD8870
00AD8870
00AD8770
00AD8770
00AD8A72
00AD8A72
00A98A70
00AA8770
00AA846D
00AA856D
00A7826D
00A7826D
00A7826D
00A47F6B
00A47F68
00A47F68
00A17F68
009E7C68
009E7760
009B7760
009B745E
0098745E
00987763
00957461
00987461
00AB775C
00AB775C
00A87759
00A87759
00A8795E
00AE8A78
00AE8D7F
00B18D7F
00B18D7D
00B18D7D
00B18D7D
00AE8A7A
00AE8A7A
00B1876D
00B17F5E
00B17F5B
00B47C56
00B17C59
00B17F59
00B17F5C
00B47F5C
00B17C56
00B17E5B
00B07E5D
00B07D5F
00B38E7B
00B09380
00B59F93
00BBADA2
00AC988D
00B19B8F
00BEA9A2
00BAA9A2
00BAA69F
00AA8B7B
00B9A59F
00B2998B
00B28C71
00B89273
00B8A192
00B8A192
00B49D8F
00B49D8F
00B79D8F
00B7A094
00B6A094
00B69C91
00B59F90
00B59F8D
00B59B87
00B29887
00B29887
00B29E8D
00B9A89C
00BCAFA5
00BCAFA5
00BCACA3
00B9ACA3
00B6A69D
00B9ACA0
00BAA391
00BA936B
00BD966E
00BA936E
00BA9472
00BA9772
00BB976F
00B4916C
00B7A18C
00BBAAA0
00B7AA9E
00B8AAA1
00BBADA3
00BBAA9B
00B59270
00B8987C
00B2927C
00AC8971
00AC866F
00AF8A72
00AF8D72
00B08D72
00B08D6D
00AD8767
00A67F5C
00A77F5F
00B39178
00B79781
00B39781
00B09481
00AD8E76
00AA856B
00AA8568
00AA7F63
00A77F60
00AD8268
00A78268
00AA856B
00AA8568
00AA8566
00AD8868
00AA856B
00A7826B
00A7826B
00AA856E
00AA856E
00AA856E
00AD8870
00AA856E
00AA886E
00A7826B
00A7826B
00A48268
00A47F68
00A47F68
00A47F68
00A17C66
009E7A63
00A17D66
009E7A63
009B7763
009E7763
009B7761
009B7761
0098745E
0095715B
0095715B
0095715B
00AC775D
00A9775A
00A9775A
00A97757
00A97A5C
00AC8876
00AE8A7B
00B18D7D
00B18D7D
00B18D7D
00B18D7D
00AE8A7A
00AE8A78
00AE856B
00B4825E
00B1825C
00B17F59
00B17F59
00AE7C59
00AE7C5C
00B47C5E
00B47C59
00B17C59
00B17E5E
00B07E5D
00B08C79
00B09481
00B0998B
00BEADA2
00B29F92
00AC988A
00B8A79F
00BAA9A2
00BAA9A2
00AD8B7B
00B9A69C
00B69F91
00AF8C71
00B58F76
00B8A195
00B19B8D
00B19789
00B19486
00B49783
00B39686
00B39688
00AF9285
00AF9582
00B29884
00B29884
00B59884
00B59C87
00B29C8A
00B6A297
00BDACA3
00B9ACA3
00B9A9A3
00BAA9A3
00B6A69A
00B7A99D
00BAA394
00B79069
00BA916C
00BB916F
00BB9470
00BB9570
00BB956D
00B5916D
00B59B84
00BBADA1
00B8A79E
00B8ABA1
00BBAEA1
00BCAB9E
00B29577
00BC997A
00B2937D
00A9876C
00AC876C
00AC876F
00B08A72
00AD8B70
00AD8B6A
00AD8565
00A77C5A
00AA7F60
00B49179
00B49A86
00B19A86
00B19784
00AB8B74
00A7836B
00AB8666
00AB8364
00AB8364
00A88064
00A88066
00AB8669
00A88369
00AB8667
00AE8967
00A88669
00A88369
00A8836C
00A8836C
00A8836C
00A8836F
00A8866E
00A8836C
00A8836C
00A48069
00A48069
00A48066
00A47D66
00A17D66
009E7D66
009E7A64
009E7761
009E7A64
009B7761
0098745E
009B7761
009B7764
00987461
0095745E
0095715C
0095715C
00927159
00AA785E
00AC785E
00A9755B
00A97858
00A7785B
00AC8676
00AC8879
00AF8B7E
00AF8B7B
00B28E7E
00B28E7E
00AF8B78
00AF8B78
00AF886C
00B2805F
00B2805F
00B4805D
00B4805A
00AC7D57
00AC7A5A
00B27D5D
00B47D5A
00B17D5A
00AE7C59
00AE7C5B
00AE8972
00AD927F
00AA8C7E
00B9A89D
00B3A295
00A69086
00B29F95
00B5A49D
00B1988A
00A8806C
00B7A097
00B6A399
00AC8A72
00AF896E
00B59E90
00B59B90
00B1988D
00B49786
00B49783
00B49786
00B39A8C
00AF9688
00AF927F
00B29885
00B29885
00B29985
00B29985
00B29C8B
00B39F91
00BAA9A0
00BAA9A3
00BAA9A3
00BAAAA3
00B4A398
00B7A79B
00BBA795
00B48B67
00B8916A
00BB926D
00BB9271
00BC956E
00BC956E
00B58F6B
00B5987F
00BCABA1
00B8ABA1
00BCB1A4
00B9B1A4
00BFAEA4
00BC9C80
00BC9C7D
00B09680
00A9846D
00AA846D
00AA856A
00AD856D
00AD886D
00AD8B68
00B08865
00A77C58
00A77C5D
00B1917C
00B79A87
00B49A87
00B49A87
00AB8C77
00AB866F
00AB8669
00A88067
00A88164
00AB8464
00AB8465
00A8876A
00A8846A
00A58165
00AC8767
00A9876A
00A68168
00A9816A
00A9846D
00A6816A
00A5816A
00A8846A
00A58167
00A27E67
009F7B64
00A27E67
00A27E67
00A27B64
009F7B64
009F7861
009F7861
009C7861
009F7861
00997561
00997561
009C7861
009C7864
00997561
0099725F
0095725F
0095725C
0095725C
00AA795C
00AA775C
00AA765A
00A77657
00A77659
00AA8672
00AA8677
00AD8979
00AD8979
00AD8979
00AD8979
00AA8677
00AA8977
00AC836A
00AF7E5B
00B2805D
00B58060
00B27B5B
00AF7B58
00AF7B58
00B27B5B
00B27B58
00B27D58
00AF7A58
00AC7A57
00AE8A73
00BA9B8C
00AE8F7C
00B6A093
00B9A8A0
00AA948B
00AD998E
00B5A298
00A3826D
009F755F
00AE988A
00BAA9A2
00AA8B78
00AC876F
00AF9688
00B59E93
00B1988D
00B19887
00B49786
00B19783
00B09A86
00B3968B
00B39988
00B69C8B
00AF9988
00AF9988
00AF9985
00B39C8B
00B3A094
00BAADA3
00BAB0A9
00BAADA9
00BBADA9
00B8A7A1
00B8ADA1
00BEB1A4
00B58F6E
00B8926B
00BC9571
00BC9372
00BC966F
00BC966F
00B69369
00B6967D
00BFAEA4
00BCAEA4
00BCB1A4
00BCB4A7
00C0B4AA
00BC9F86
00BD9A7E
00B39D89
00AA8870
00AD8870
00AD886E
00AA856E
00AD8871
00AD886B
00B18566
00A77A58
00A77A58
00AE8F76
00B49B87
00B19B87
00B49884
00AB8C74
00A8866F
00A8846D
00A57E67
00A67E65
00A98165
00A98265
00A9856B
00A6826B
00A68263
00AC8563
00AC886B
00A67F69
00A97F66
00A98269
00A67F69
00A37F68
00A67F66
00A37F63
00A37C65
00A37C65
00A37C65
00A37C65
00A37C62
00A07962
009D7962
00A07660
009C7660
009C7862
009C7865
009C7865
009C7865
00997562
00997562
00997562
00997862
00997561
00997561
00A87558
00A8785B
00AB7758
00AB7758
00A87558
00AD8A75
00AD8C7D
00AA877A
00AA8A7A
00AD8A7A
00AD897A
00AA8775
00AA8775
00AD8168
00AD7959
00B07C5C
00B27C5C
00B07959
00B07B57
00B27954
00B07954
00B07954
00AF7956
00AF7551
00AC7856
00AF8871
00B29682
00B19585
00AE958A
00BAABA6
00B4A399
00AA978C
00B9A59B
00AA8573
00A37960
00AF9385
00BAACA5
00B19481
00B08B73
00B09383
00B9A296
00B59B90
00B5988D
00B49B87
00B19784
00B19786
00B39A8C
00B3998E
00B3998E
00B3998B
00B3998B
00B09988
00B39C8E
00B0A094
00BAADA6
00BAB0AC
00BBB0AC
00BBADA9
00B5ABA1
00B8ABA1
00BCAE9E
00B58F6C
00B59069
00BC936F
00BC936F
00B9936D
00BC9670
00B9936D
00B39378
00BCAEA4
00BDAFA4
00B9B2A4
00BAB2AA
00C0B5AF
00BDA38C
00BD9A7B
00B7A08E
00A78870
00A7826B
00A7826B
00A7836B
00AB836E
00AB8669
00AB8361
00A47A59
00A87A59
00AB8F77
00B19884
00B19584
00B19884
00A8876F
00A27E67
00A67E68
00A68168
00A37C63
00A67C63
00A67C61
00A78069
00A78069
00AA8364
00B38867
00AD8667
00A77D64
00A77E67
00A77D67
00A47D67
00A47D67
00A47D64
00A47D61
00A47D66
00A47D66
00A47D66
00A37D66
00A07A63
009D7963
009D7660
009D7660
009A7660
009A7360
009D7965
009A7C65
009A7965
00997662
00997562
00997865
00997562
00997862
00967562
00A97357
00A97659
00A97659
00AB7657
00A97354
00AE8876
00AE9082
00AB8A7B
00AB8A7D
00AB8A7D
00AE8D7F
00AE8778
00AB8778
00AD8269
00AD7A58
00B07A5A
00B37C5D
00B37C5A
00B07C57
00B37C57
00B07A55
00B07955
00B07955
00AD7954
00B07957
00AF866F
00AC917E
00B89E8F
00AC9388
00B7A99E
00BDB1AB
00AE9D91
00B6A89B
00AA8677
00A47A61
00AF9380
00B8A49A
00B49B8A
00B18B76
00B09480
00B39F91
00B59F93
00B5988D
00B59B8A
00B49B87
00B19787
00B49A8F
00B39A8F
00B3998B
00B3998B
00B39A8C
00B09A89
00B09D8F
00B0A092
00B7AAA3
00BBB0AC
00BEB4AF
00BBB1A9
00B8A8A1
00B9A89E
00B9A89C
00B6906C
00B68764
00B9916D
00BA946D
00BA946E
00BA946E
00B7916E
00B39476
00C0B2A7
00BDAFA4
00BDB2A7
00BAB2AA
00BDB2AD
00BDA99A
00BA9776
00AE917C
00A4836E
00A48369
00A8836C
00A88069
00A58069
00A58366
00A88364
00A57D61
00A57D5E
00AE8C77
00B19884
00AE9585
00B29582
00A6846D
00A07962
00A07963
00A37C66
00A47A63
00A47A61
00A17A61
00A78067
00A78367
00A78162
00AE8160
00AB8465
00A57E63
00A87E68
00A57E68
00A27E68
00A27E68
00A57E65
00A57B65
00A27B62
00A47B65
00A47B64
00A17B64
009E7862
009B7761
009B7761
0098745E
009B7761
009A7761
009D7966
009A7966
009A7965
009A7965
009A7965
00967662
00967662
00967562
00967562
00A97458
00A97758
00AC7758
00AC7755
00A97455
00AF8672
00B19087
00AC8E80
00AC8E82
00AE8D80
00B18D80
00AE8B7B
00AB8B78
00AE856F
00AE7B59
00B17D5B
00B17D5B
00B17A58
00B17D58
00B07A56
00B07A58
00B37D58
00B07A56
00AD7755
00B07A55
00B38770
00AD9181
00B59C90
00AC9388
00AC998D
00BDB1A8
00B7A69E
00B4A399
00A88772
00A27860
00B09483
00B59F93
00B59B87
00AE8C74
00B1917E
00B09A8B
00B6A296
00B2998B
00AF9585
00AE9581
00AE9587
00B19789
00B0978C
00B09789
00B09A86
00B09A86
00B09A89
00B49A8F
00B19D92
00B4A7A1
00B8AEA9
00BBAEA9
00BCAEA9
00B6A89E
00B6A89C
00B9A89F
00B69173
00B38862
00B48E68
00B7916B
00B7916B
00BA946E
00B78F6C
00B18C6C
00BDAC9F
00B4A9A5
00B7ACA7
00B7AFA7
00B7AFAA
00C0B5AD
00B79E8A
00AE9581
00A88671
00A88369
00A58069
00A8836C
00A58369
00A88369
00A8866C
00A88369
00A58069
00AE8C77
00B19885
00AF9885
00B29885
00A98770
009D7963
00A07A63
00A17A64
00A17A64
00A47B65
00A57B65
00A57E65
00A58165
00A88161
00B18463
00AE8769
00A67D66
00A67D66
00A37F69
00A37F69
00A37F69
00A37C66
00A57C66
00A57C66
00A27963
009F7660
009F7660
009F7660
009C7560
009C755F
009B755F
009B7862
009B7761
00A1806C
009E7D69
009D7C69
009D7966
009A7966
009A7665
00977662
00967662
00967662
00AA7556
00AA7559
00AA7556
00AA7556
00AA7254
00AA816E
00B29488
00AC8E83
00AC8E83
00AC8E80
00AF8E80
00AF8B7E
00AC8979
00AC866F
00AC795A
00AE7959
00B17B59
00B47E59
00B17E59
00B17E59
00B17B59
00B17B59
00B17B56
00B17A56
00B07A56
00B68D78
00B39489
00B09486
00B59F92
00A78E81
00B5A197
00BDB1AB
00B4A399
00A98775
00A27660
00B09484
00B69F93
00B29683
00AE8C75
00B18C79
00B09486
00B39F94
00B3998E
00AC9285
00AF9282
00AE9284
00AE9187
00AD9486
00AD9489
00AD9483
00AD9783
00AD9786
00B19A8C
00AE9B8F
00B1A198
00B5A8A4
00B9ABA7
00BCB1AA
00B3A99F
00B3A69C
00B7A99F
00B79479
00B78E69
00B18C66
00B7926C
00BE9872
00BA9572
00B48F6F
00AE896A
00BEA99A
00B7AFAA
00BBB2AD
00BEB5AD
00C1BBB5
00C7BEBA
00B8A495
00B7A797
00B19884
00A5816A
00A8846C
00A8846C
00A8866C
00A8846C
00A8846C
00A5816A
00A27E67
00AE8C77
00B29582
00AC9682
00AF9683
00A98B73
00A18066
00A17D67
00A17B65
00A27B68
00A57E68
00A57C66
00A68269
00A68264
00A9805F
00AF835F
00AF8365
00A78065
00A47B65
00A17D67
00A17D67
00A17D67
00A37A64
00A37D67
00A07D67
009D7761
00A37A64
00A07761
009F7663
009C735E
0099735B
0099735D
009C7560
009C7862
00A1806C
009E7D69
009B7A66
009B7A66
00977766
009A7666
00977663
00977665
00977662
00A87355
00AB765A
00AA7657
00A87355
00A87352
00A8806A
00B09488
00AF9186
00AD8F83
00AD8F81
00AD8F7E
00AC8C7E
00AA8777
00AC8672
00AF795A
00AF7958
00AF7955
00B47E5A
00B17E5A
00AF7B5A
00B1795A
00AE7957
00AE7957
00B17B57
00AE7B57
00B18871
00B19284
00A88A7A
00B6A295
00AD978B
00A79186
00B8A9A1
00B8A69E
00AC8B79
00A07761
00AE9282
00B6A298
00AD8E7B
00A98470
00AE8977
00AE8F7E
00B09A8E
00B39C91
00AF9688
00AF9682
00AF9282
00AE958A
00AE958A
00B1978A
00AE9787
00AE9887
00AE9887
00AE9E8F
00AE9B90
00B5A59B
00B9ABA7
00B9AEAA
00C0B5B2
00BAB2AD
00B4A69F
00BAA9A2
00B7987C
00B78F6C
00B8926C
00B5906A
00B8956F
00B89572
00B59372
00AF8D6A
00BBA18D
00BBB2AD
00BBB2AD
00BEB5B2
00C1BBB5
00BEB8B2
00AF9582
00AF8D77
00A88772
00A5816A
00A8846D
00A8846D
00A8846D
00A5816A
00A5816A
00A5816A
00A5816A
00AC8A78
00B29682
00A99683
00AC9683
00A4856E
00A17D67
00A5816A
00A27E68
00A27C68
00A67C66
00A37A62
00A17D65
00A17D62
00A77B5B
00AA7E59
00AA8161
00A47E63
00A47C66
00A27C66
00A17E68
00A17B65
00A17865
00A17B65
00A17B65
009E7862
00A07A64
009D7762
009D7461
009D745F
009D745E
009D745E
0096715B
00997360
009C7B67
009C7B6A
009B7B67
009B7A67
00987764
00987763
00977763
00977666
00977665
00A67156
00AB775A
00A87453
00A87453
00A67151
00A37963
00AB8A7F
00AD8F86
00AB8D7F
00AA8D7F
00AA8C7D
00AD8C7C
00AD8C7C
00AA826C
00AD7756
00AF7756
00AF7A56
00B27C58
00B27F5A
00B27C58
00B27C58
00B27C5A
00B17E5C
00B4815F
00AE7B5A
00A97E65
00AB8B7B
00A88876
00B19889
00BEADA1
00AD9A90
00B09C92
00BEB2AB
00AF8E81
00A17560
00AC9382
00BAABA3
00B09484
00AC8876
00AC8A78
00AB8C7A
00B19A8C
00B3A094
00B0998E
00AC9085
00AC9082
00AC9288
00AE958A
00AE988A
00AE9887
00AE9887
00AB988A
00AB9B8D
00A5958A
00B2A299
00B6ABA7
00B6ACA7
00BAAFAA
00BDB5AF
00B7ACA7
00BAACA5
00B5957F
00B5906A
00BB9370
00B5936D
00B2906B
00B59370
00B29070
00AC8A6B
00B8997D
00C1B5B0
00BEB8B5
00BEB6B2
00BBB0AA
00B5AAA2
00B8A495
00AC846B
00A37C62
00A9846D
00A6846D
00A6816A
00A9846D
00A6816A
00A6816A
00A6816A
00A37F68
00A98A75
00AF9380
00AA917E
00AD9481
00A4836F
00A27E6A
00A27E68
00A37F69
00A37D66
00A17A64
00A17B65
009C7963
009C7961
00A5795A
00AD7F57
00AD8464
009D775D
00A0775F
009F7A64
009F7A64
009F7764
009F7764
009C7661
009F7963
009C7660
009E7863
009E7560
009E7560
009E755F
009D755F
009D745F
009A715C
0097715E
00997968
009C7B68
00997B67
009B7B67
009B7867
00987766
00987766
00977766
00977366
00A67257
00A9755B
00A97557
00A97556
00A67254
00A37964
00AB8B7B
00B3978E
00B0978B
00AE9287
00AD9284
00B09284
00B08F82
00AD7D65
00AA7655
00AD7857
00B07A57
00B27D59
00B27F5B
00B27D59
00B27C59
00B27C58
00B27F5B
00AF7C58
00A97955
00AC846B
00B49685
00B7988A
00AB8D7D
00B6A29A
00BCADA4
00AE9D93
00B8AAA1
00B09183
00A17660
00AF9083
00BDABA3
00B39A8E
00B08E79
00B59685
00AB8D7A
00AE9584
00B19D91
00B39D91
00AD9386
00AC9083
00AC9385
00AF958A
00AF9588
00AF9888
00B29888
00AB9888
00AC9C8D
00B6A299
00B3A59F
00B6ACA4
00BAACAA
00BAACA7
00B4A9A5
00B8AFAA
00BEB2AA
00B59982
00B28A68
00B8906E
00B89070
00B89371
00B59371
00B59173
00AF8B6B
00B58E6E
00B8A595
00B6AAA2
00B3A298
00AA968B
00A99083
00AC907B
00A37C63
00A37C63
00A6826B
00A07C66
009D7963
00A37F68
00A37F68
00A37F68
00A37F68
00A07C66
00A98873
00AD917E
00AA917E
00AA917E
00A5846F
00A27F6B
00A07C69
00A38069
00A17D67
009E7B65
009F7C66
009C7964
009D7762
00A27756
00AB7A54
00AE8567
00A07863
009E7360
009D7863
009D7862
009A725D
009D755D
009A7762
009D7762
009A745F
009F7661
009F765E
009C7663
009B7660
009B7560
009B755F
0098755F
0094725C
009A7966
009C7968
009C7968
009C7B68
009C7867
00987867
00987764
00957464
00977466
00A77357
00A7755A
00A77353
00A97557
00A97355
00A47D67
00A17C6C
00AE9385
00B39D93
00AE988C
00AE9589
00B0958B
00B39589
00A87B5F
00AB7958
00B07E5C
00B07D5C
00B37D5A
00B27D59
00B2805C
00B2805B
00B07A57
00AF7A54
00AD7A56
00AF7C59
00AF8770
00AF9183
00B4988A
00B19383
00AC9085
00B4A296
00BCADA4
00B9ADA4
00B09284
00A27963
00AF8E7C
00BAA9A1
00B49B8C
00AA8974
00B39480
00AF9080
00AB9284
00AE9A8F
00B19D94
00B0978C
00AD9183
00AC9383
00AC9388
00AF998B
00AF9685
00AF9682
00AC9682
00AF998B
00B6A29C
00B0A099
00B4A69F
00B7A69F
00B7A79F
00B2A49A
00B2A49D
00B5AAA0
00B59C8B
00B28869
00B38B6B
00B38B6C
00B38E6C
00B38B6C
00B38B6C
00B08667
00B08867
00B09179
00A78E79
00A7866C
009E775C
00A17459
009E7759
009E775C
009D775E
00A37F69
009D7A63
009D7A63
009A7763
00A07C69
00A07C66
00A07C66
009D7A66
00A78571
00AD917E
00A78E7C
00AB8F7C
00A28470
00A37F6B
00A07D69
00A17E6A
00A17E6A
00A27F69
009F7D67
009D7A65
009D7865
00A37859
00A97952
00AC8366
009E7764
00A47966
009E7963
009B7661
0098735C
00987359
009D7560
009D7560
009D7560
009F7762
009C7761
009C7966
00997663
00997663
00987660
0095735D
00926F5A
009A7767
009A7766
009A7966
00997966
00997968
00997865
00967565
00957564
00957564
00AA765A
00A7765A
00A77658
00AA7658
00AA7658
00AA826C
00A47F6E
00A27F71
00B1988C
00AE968C
00AE9589
00B39A90
00AE9387
00A3795F
00AB7C5D
00B08161
00B08161
00B08061
00B08061
00B08061
00AD7E5C
00A87855
00AA7852
00AA7857
00AA7857
00AA826C
00AA8C7F
00A78777
00A48472
00A48170
00A48372
00AC907E
00B9A298
00AE907F
00A57A64
00AA8772
00B5A197
00B1988C
00AB8772
00AD8E7C
00A68876
00A6877A
00AB9284
00AE988C
00B1978C
00AA8E81
00AA8E7E
00AD9080
00A99080
00A9907D
00AC907D
00AC9380
00AC9383
00B09A91
00B09D94
00B1A097
00B4A19A
00B5A49A
00B2A198
00B2A298
00B3A298
00B39986
00B38667
00B38667
00B08367
00AD8364
00AA7D5D
00A47B5A
00A77E5F
00A47858
00A17555
009E6F50
009E6F50
009B6F50
009B6F50
009B7255
00986F54
009B745C
00A17A64
00A17D66
00A17D69
009E7A66
00A17D69
00A4826C
00A4806C
00A17D69
00A78674
00AD917E
00AB927F
00AB927F
00A68573
00A3826E
00A1806C
00A4816D
00A27F6B
00A27F6C
00A3806C
009E7B68
009E7C68
00A4795C
00AC7C53
00AC7F5D
009A725D
009C7762
009C7560
009F7762
0099725A
00966F55
009E765E
009E7661
009B735E
009D7560
009D7560
009D7764
009A7764
00997763
0096715C
0093705B
0093705B
00987865
00987767
009A7766
009A7766
009A7668
00967665
00997865
00967565
00957264
00AA795B
00A8775B
00AA7759
00AA7659
00AD7E61
00B28C7A
00B28F7C
00AA8A7A
00AC8F83
00AF938A
00AC9385
00B1988E
00AC9387
00AC7F62
00AE7F60
00AE7F60
00AE7F60
00AE7E5F
00B07E62
00B0815F
00AE7E5D
00AE7E5C
00B07E5F
00B0805F
00AD7E5E
00A57B65
00A8806C
00AD8773
00A57F6C
00A47C69
00A17A62
00A4795C
00A47B63
00AB836C
00A67D67
00A88573
00B8A197
00B2998D
00A8826E
00B18F7F
00AD8E7E
00A68876
00A6877A
00AE9587
00B1988C
00AB8F81
00AA8B7C
00AA8B7B
00AA8E7B
00AA8E7B
00AA8E7B
00AA8E7B
00AA8E7E
00AD978F
00B19A92
00AE958A
00AC9082
00A98A7B
00AA8B76
00A7856E
00A78069
00A47B62
00A77857
00A47558
00A57355
00A57858
009F7353
009F7353
00AB7B5D
00A27655
00A27655
00A27353
00A27655
009F7353
009C7053
009B7255
0098725A
009E785F
009E7864
00A17D67
00A4836E
00A4836E
00A4836E
00A78671
00A4806E
00A7836F
00A48674
00AB927F
00A88F7D
00AB907D
00A3826E
009E7D6A
00A4846F
00A5816E
00A27F6C
00A3806A
00A3816D
00A4816D
009F7C69
00A47D60
00AD784F
00AA7B57
0098765E
009A735E
009A735E
009A735E
009A7560
009C7560
0099745A
0099715D
0096715A
009B735E
009B7360
009A7562
00977562
0094725F
00946F5A
00946E59
00906E59
00987865
00957565
00987564
00987567
009A7766
00977766
00977663
00967665
00967365
00A06D52
00A57257
009E6B4E
00A06D4E
00A3755B
00A8816D
00AA8372
00AA806D
00AD8574
00AA8778
00A78576
00AA877A
00A7826E
00A47357
00A7785A
00A77859
00A47557
00A67254
00A67556
00A67254
00A36F52
00A37254
00A67456
00A67458
00A67153
00A06C4E
00A06C4C
00A26E50
00A27050
00A27352
00A57256
00A77556
00A47455
00A97C63
00A97E6A
00A8806C
00AA8A75
00AD8977
00A67D67
00AB8D7D
00AD9284
00AA8B7B
00A68878
00A98D80
00AF958A
00AE958A
00AB9284
00AB9281
00AE927F
00AE9181
00AA9181
00A78E7C
00A78B7E
00B19B8F
00B19B8D
009C7055
009D7050
009A6E51
009E6F4F
009E6F4D
00A16D4D
009F6D4D
009F704E
00A27050
00A27353
00A27353
009F7353
00A27356
00A87B5E
009F7353
009F7356
00A2765B
00A2795E
00A27960
009F7B65
009F7B65
009C7865
009C7865
009E7E67
00A17D6A
00A4836F
00A4836F
00A4806F
00A78671
00A4836F
00A4836F
00A48672
00AB927F
00A88F7D
00A9907B
00A1806C
009C7B68
009C7C68
00A07D69
009D7B65
009B7963
009F7C66
009F7D69
009F7D6A
00A0785C
00A5734C
00A87955
009B7961
00987661
0098715C
00956E5A
0098735E
009D7560
00976D59
009A725D
00916A56
00936C58
00966E5A
0093705C
0092705B
0095705D
008F6D58
00916C55
008B6955
00937361
00937363
00937360
008D6A5D
00896A5A
0092725F
00947461
00917461
0091715E
009C694C
00A37053
009C674A
00996448
00996245
00915C41
00935F43
00966347
00986349
0098654B
009B654B
0098654B
00986548
00986548
009A694C
009C694C
009A664A
009C694C
009F6B4E
00996649
009C6849
00996649
009C684D
009E6A4D
009B6848
00966241
00966243
009B6445
009B6745
009D6647
00A06E50
009F7052
009F704F
00A4745A
00A67C68
00A67B63
00A07051
009C6C4D
009E755B
00AC8D7B
00B19589
00AD9486
00AA8E81
00A68B7E
00AC9388
00AF9B8D
00B29E92
00B19E8F
00B19887
00AE9584
00AB9284
00AB9284
00AE9587
00AB9587
00AC9082
009A6E53
009D7154
009E7254
009E7252
009F7050
009F6D50
009F7053
00A27353
00A27356
009F765B
00A2795B
009F795E
00A2795E
00A57C63
00A27C63
009F7C66
00A57F68
00A27F6B
00A8816D
00A5816D
00A2816D
00A8846F
00A2816A
00A48672
00A4836F
00A1836F
00A4816F
009F7E6A
00A5836F
009F7E6A
009C7B67
00A58472
00AB8F7D
00A68D7B
00A68B76
009E806D
009C7C68
00977462
009A7B67
009B7966
00997461
009A7762
009A7863
009B7865
009D7658
00A67448
00A67951
0099745D
00946F5D
0093725D
00936F5A
00936C58
00986E5C
0098705E
009A7560
00946B54
008E6853
008B644E
00906C55
00936E59
0092705B
008F6D58
00926F58
008C6A55
00947461
00967466
00907160
00907060
00906D60
00926F5F
00927562
008F715F
008E6E5C
0099644A
00A37153
00976446
00976044
00945F41
00915A3D
00915A3D
00945F41
00966145
00965F45
00986145
00966142
00956346
00956346
009A6748
009A674A
009D694C
009C694C
009C694C
00996649
00996649
00976344
00996649
009C684B
00996548
00996546
00966043
00986245
00986445
009B6747
00A06B4E
009F6E50
009F6D4D
009C6A4C
00A1775D
00A4765A
009A684A
009A6749
00996E54
00A68574
00B7A094
00B6A296
00B39F93
00B0978B
00B0998E
00B5A498
00B5A49A
00B8A79A
00B8A79A
00B8A497
00B8A49A
00BBA497
00B8A497
00AC968A
00AC9388
009A7156
009E7254
009E7557
00A2785D
00A2785B
009F765D
00A57C63
00A57E65
00A5816B
00A5816B
00A58168
00A5816B
00A57E68
00A27C65
00A8846D
00A5816B
00A5816B
00A27E6B
00A5816D
009F7B68
009C7965
009F7E6A
009F7B67
009F7B6A
009C7B67
00997865
009F7E6A
009C7B68
00997865
009C7868
00997965
00A2816D
00A38775
00A38878
00A18371
009C7B68
009C7A66
009A7865
009B7865
009E7C68
009C7A67
009D7B67
009B7966
00987764
009E7458
00A47249
00A67750
009F7D65
00977563
00997565
00997562
0096725F
00966C5D
00956C5C
00926C57
00926B54
00926B56
00866048
008B644C
008E6955
00906954
00926B56
00926D59
008C6A56
00947462
00947464
00947461
00937363
00937365
00937362
00927562
00927562
0092725F
00946046
00A16E54
00976246
00946042
00946042
00945D3D
00915D3D
00945D3F
00945F43
00996147
00996147
00986347
00986347
00956044
00986546
009A6748
009A674A
009A674A
009A664A
00996649
00996649
00996347
00966346
00996649
00996548
00966346
00966043
00986245
009B6447
009B6749
009D694B
009A6B4B
009D6B4B
009C684A
00A1775D
00A1745A
009B664A
009A674C
00A2745C
00A6806C
00AE9385
00B4A094
00B3A093
00B39F93
00B39C93
00B0968B
00AF968B
00AC9385
00AC9383
00AC9082
00AC9382
00A98D7D
00A68D80
00B5A19A
00B2998D
00A17D66
00A47D67
00A4806A
00A8846F
00A5816D
00A5816A
00A5816A
00A8816D
00A5816D
00A27E68
00A27E68
009F7C65
00A27E68
009F7965
00A27E68
00A27E68
00A5816D
00A2816D
00A5816D
009F7B68
009C7663
009C7865
009C7865
009C7B67
009C7B67
00997865
009C7B68
009C7B68
009C7B68
009F7C68
009C7965
00A27F6D
00A38876
00A68B79
00A48977
009C7C6B
00977764
00987663
00997663
00997764
009A7867
00987963
0093745F
00967562
00997257
00A17047
00A7754C
0097735E
00927161
00947360
0091705E
00967562
00916A5B
008E6556
008D6453
008A6450
008A6150
00875E4A
0089624F
00886450
0088614E
0088614D
00906B56
008F6B56
00957260
00947562
0091725F
00917161
008E7163
00907663
00907363
00937362
008F7060
00946248
009E6C54
00976548
00976244
00976242
00946044
00945F41
00915D41
00945D43
00965F45
00966147
00936145
00936144
00936044
00956246
0098654A
00976448
00976447
0097644C
00976649
0099664B
0099664B
00996349
0096654B
0099654A
00966246
00986548
00986247
009B6749
009A694B
009A694D
009A6B4F
009C6D52
009C6D51
00A1775D
009E765C
009B6B52
009D6F55
00A47963
00AC8879
00A68273
00A28470
00A28170
009F7E6F
009E7D6C
009E7D6E
009E7D6C
009D7D6E
00A07F6E
00A37F6D
00A08270
00A08175
00A08475
00A69085
00AC9385
00A4826E
00A4806C
00A7836F
00A78672
00A5846D
00A5816D
00A27E6A
009F7B68
009F7B68
009F7E68
00A27E68
009F7B65
009F7B65
009C7963
0099735E
0099735E
00A27E6A
009C7C65
00997663
00997663
0093705D
00997660
00997862
009C7B65
009C7B67
00997662
009C7965
009C7965
00997965
009C7C68
009C7966
00A07F6E
00A38876
00A48879
00A48677
009A7A66
00957562
0093715E
0096725F
0092705E
00957361
0096745F
0091705B
0094705E
00977155
009F6E45
00A7764D
0095715A
008D6C5D
00906E5A
008F6E5C
008F6E5C
00916D5E
00916858
008B6551
008D6753
008A6450
008A6350
008C6551
008B6551
0088614E
00855E4B
008A614F
008D6652
00957362
00977867
00947564
00947464
00917164
00917463
008D7360
00937360
00907362
00976751
009C6C55
009C6951
00996C51
0099694C
0099694F
0096644A
00946148
00945F47
00966149
00936147
00936047
00936349
00956548
0097654A
009A674E
0094664E
00996B53
00996B57
00996B52
009B6F56
009B6F58
009B6F58
009B6F5A
009B6F58
009B715C
009D715A
009A6E5A
009A705C
009A7059
009A6D54
009C7054
009C7258
009C745A
00A17961
00A17963
00A0755D
009A6C53
00A17963
00A98676
00AC8D7D
00A88D7D
00A88F7F
00AA8F81
00AA8E81
00AD9183
00AD9183
00B09386
00AF9388
00AF9688
00AF998A
00AF988D
00B59E92
00AF998D
00AF998D
00A3826E
00A4806E
00A78371
00A1806C
00A4806C
00A4816C
00A27E6A
00A5816D
00A2816D
00A2816A
00A2816A
00A27E6A
00A5816D
00A27B68
009F7965
009F7B65
009F7B65
009C7963
009C7965
009C7965
0093705B
0093705B
0096705D
009C7B68
009C7B68
00997663
00997660
00967360
009A7661
009A7963
009A7763
009D7F6E
00A38876
00A48977
00A28475
0092725F
008D6E5B
008E6957
008C6A58
008F6B59
008E6A58
00946F5B
0092705C
00926E5A
00986F53
009F6C44
00A5744B
0098745D
00957462
00906F5A
00906E5C
008F6B5A
008F6859
00946D5B
00936A58
008B6553
00886753
00855E4D
00815E4A
00835D4A
00865F4C
008B6652
008B6652
008A6652
0090705E
00957262
00957264
00947564
008E7261
008E7464
00917461
008E7161
00907363
00996B5A
00996B57
00996B57
009B705C
00996E57
00996B55
00966850
009B6B55
00986B54
0096654D
0090634D
0093654F
00956753
00976C58
009C705C
009C705C
0097705C
0099725E
009E7560
009B725D
009B745F
009E7461
009B7461
009D7663
009D7363
009D7665
009D7863
009A7360
009A705B
009A725D
009C7762
009F7761
00A17964
00A47E68
00A17B65
00A37B65
00A27D69
00996F55
009E7360
009E7565
00AF9082
00B49D94
00B19D91
00B39D91
00B39D93
00B39A8E
00B3968B
00B0968B
00AC9083
00AC9385
00A99085
00AC9082
00AF9082
00A98D7D
00A68878
00A07C69
00A4806B
00A1806C
00A1806C
00A4806C
00A4806C
00A1806C
00A17E6C
009E7B67
009F7E67
009F7B65
00A27E6A
00A5816D
009C7862
009C7662
009C7963
00997663
0096735D
00967360
00997660
00997660
0096735D
0096705B
00997662
00967360
00936E5B
00946E5B
00916E59
008E6B57
00916E59
008E6C57
00987562
009E7E6A
009F7E6D
009F7F6E
008F6D5B
00906E5C
008B6A58
008C6B57
00906955
008E6856
008F6B57
008F6C5A
008D6A58
00936A4F
009D6D40
00A27247
00936F59
008E6D5B
008E6D5B
008B6A58
008F6C5A
008F6B59
00896354
008B6554
00906C5A
008B6755
00876352
0084604D
00866551
00866450
008B6955
00886652
00886350
00906E5B
008F7060
00927062
00957564
008C7262
008C6F5F
008E7161
00917163
008B7161
00966B59
00966B57
009B6D5B
009B705E
00986D5B
00986D5B
009B6F5B
009B6F5D
009D715F
009A715F
00956F5A
00976E5C
009A6E5C
009A7060
00997060
00997060
0099725D
009E7462
009B7462
009B715F
009B745F
009D7663
009D7363
00A07665
009D7563
009D7360
009C7560
009C7560
009F7462
009C745F
009E7764
009E7666
009B7963
00A07E68
00A07B65
00A37A65
00A27F69
0099715C
00A17663
00A07A67
00A37F6E
009F7C6D
009C7968
009C7B67
009E7E6C
009E7D69
009E7A66
009B7766
0097745E
0097715E
009A7660
009A735D
009A735A
009A705B
0097705B
009D7963
00A07C69
009E7A66
00A17D69
00A17D69
00A17D69
00A4806C
009E7B69
009B7864
009B7862
009B7862
009E7B65
009F7B65
0096735D
0096705B
0093705B
00967360
0093705B
0093735D
0093705D
0096735D
0096735D
0096735B
0093705B
0093705D
00916E5B
00916E59
008E6954
008E6954
008F6955
008C6955
00926D5A
0093705B
00947461
0094725F
00906E59
00906F5C
008C6A58
008A6652
00886251
00896352
008C6955
008B6A58
008E6D5B
00916A52
009D6842
00A37045
00916D55
00896857
008E6D5B
00906F5D
008D695A
008A6455
00876654
00896854
00886756
008B6755
008A6957
008A6856
008E6D5B
00866755
00886957
00886655
007F5C4B
00886654
008D6B5B
008F6D5E
008F7062
008C7060
008F725F
00917262
008E7264
008B6F5F
00966D5D
00936B59
00986D59
009B6F5D
00986F5F
00986F5F
00986F5F
00956C5D
00986F5F
009A7161
009A7161
00956E5C
00946B5C
00946B5B
0096705E
00996F5D
0099725D
0098715F
0098715C
0098715C
009A715E
009D7563
009D7563
009D7362
009A7262
009A7260
009C725F
009C745F
009C745F
0099715F
00987361
009E7663
009B7563
009D7865
00A07862
009F7762
009F7966
009C7660
009B735D
00A07A69
009D7966
009C7965
009C7865
009C7865
009B7864
009B7764
009B7761
009A7761
009A7660
009D735E
00A07660
00A07660
009C735D
009D7360
009A705D
009D7663
009D7966
00A07C66
00A17D66
009E7A66
009E7A66
009E7A66
009B7764
0098755F
0098755F
0095725C
00926F5A
0095725D
00936F5A
0096705A
0093705A
0096705B
00906D58
0093705B
00906D5B
00906D58
0093705B
00906D58
008D6B58
008D6553
008B6351
00886351
008E6957
00916C5A
0095725C
0098755F
00987562
00967360
0094715C
008F6D58
008A6957
008E6C5A
00926D5D
00906C5C
008E6756
00916B5B
0092715E
00906F5F
008E6F5D
008C6852
009B6843
00A06D45
008C664C
00896957
00916F5D
00937161
00927163
00926E61
008F6B5E
008C6A5B
00896556
00856453
00876655
00876656
00866556
00866758
00856457
00886657
00856452
00826352
00856654
008D6E5B
008F705E
008D705D
008C6D5D
008C6D5F
008F6F62
00896F5F
00956D5D
00936856
00986A58
00986D5D
00986F5F
00986F5F
00986F5F
00986E5F
00976E5F
00976E5E
00946B5C
00926959
00946B59
00966D5D
00966F60
00966D5B
00936C58
00956F5A
00936C57
00956B59
00956E59
0097705B
009A725D
00996F60
00996F5F
0099725F
0099715C
00966E5A
00986E5C
009B705E
009B7363
009A7360
009D7260
009D755F
009D745F
009C715C
009C735E
009E7862
009E7562
00A07A69
009D7966
009C7968
009F7B67
009B7864
009B7561
009B7461
009A775E
009A7760
009A7360
009A735D
009D765D
009C735D
0099735D
00997360
009A705D
009A7360
009A7663
009D7966
009D7963
009A7461
009A7463
009B7764
009B745E
0098745E
0095725C
00926F5C
0095725F
00956F5C
008F6A55
00906D57
00906D5A
008D6758
008D6A58
00967360
00936D5D
00906D5B
00997663
00937060
00947160
009A7463
00977161
00947461
00957561
00957562
00927260
008D6A58
008D6859
00916C5A
008C6A58
008D6B59
008B6A58
00896856
008D6B59
008E6C5D
00896859
008F6B5C
00906C5D
008B6859
00846455
0087614C
009B6641
00A16E45
008C6951
00876657
00896859
00896A5D
008D6A5D
008F6E61
008C6B5E
008E6D60
008E6D5D
008D6C5A
008A6B59
00876859
00866558
0089675A
0088675A
0088675A
00886957
00886957
00856455
00826352
00856352
008A6B59
008D6D5E
008D6D60
008C6D60
008C6D5D
00906A5A
00906756
00926754
00926A56
00956A5A
00956C5A
00976E5F
00956C5C
00946B5C
00946B5C
00926959
00916B59
00946D5B
00966D5D
0093675B
00936A5A
00936C58
00956C57
00956E59
00926B57
00926B56
00946D58
00976F5B
00966C5A
00966C5C
00996E5F
00966E5A
00936B57
00926B59
00956D5D
00976D5D
00976D5A
009A725F
00996F5C
0099715C
00996E59
0098705B
00986F58
0097725C
009D7966
009C7965
009C7865
009B7865
00987262
00956F5C
00926B59
00916E5B
0094715E
0097705B
0097735D
0099735F
0099725F
00997562
00997262
0099735F
00997662
009A7662
009D7965
00977360
009A7663
009D7663
009D7763
009A7461
0095715E
00957461
00957461
00987764
00987561
00926C5F
00926C5A
008D6A57
008A6755
008D6A5A
00936D5D
00906D5D
0093705D
00937060
00916E60
00916E5E
008E6C5C
008F6C5C
00926F5F
008D6D5D
008D6E5E
008D6E5E
00916C5E
00916C5F
00926D60
00906B5C
008E6C5D
008F6D5D
008D6B5C
008E6C5F
008E6A5D
008C6B5E
008D6C5F
008B6A5D
0089685B
008A695C
008F6C58
0094623B
009E6C41
00916E53
008A6B5C
008C6B5E
008B6A5D
008B6A5D
008D6C5F
008C6B5E
008C6B5E
008E6A5D
008B6A5C
008A6B5C
008C6B5E
008C6A5D
008B6A5D
008B695C
0088675A
00886757
00856757
00856657
00826657
00806150
007D5E4D
00886959
008D6E5E
008A6B5B
00876856
00906758
00906556
00906553
00926956
0095695A
00926958
0092695A
0092695A
00926959
00946B5C
00946B5B
00946B59
00936A58
00936A5B
00906758
00936958
0092695A
008F6957
00926859
008F6554
00916A58
00966C5D
00996F5F
0096695A
0096695A
00956B5C
00926859
0095705B
00977260
00976F5F
00976C5D
00997161
009C7663
009C7666
009C7665
0098705D
009E725F
009A6F5C
009A745E
009C7966
009C7865
009C7865
00987564
009B7464
009B7461
009A7461
009A7663
009D7665
009D7665
009F7B67
00A27B6A
009F7B6A
009F7B6A
009F786A
009C7867
009C7867
0096735F
0096705D
0097705D
009A7663
009A7665
00977363
00947160
00977461
00947463
00957163
00957164
00957264
00956F61
00926C62
00926F62
00906D5D
00906D5F
00936D62
00936D62
00937063
00947166
00916E63
00917164
00926F62
00927065
00937062
00906E60
00916E63
008E6C5F
008F6D5F
00927062
00937163
00947264
00927265
008D6C61
00906F64
008E6D60
008A695C
008A695F
008E6F64
00937467
0087695C
0088695C
008A6958
008F603B
009C673F
00946E56
008A695C
0089695C
008B6B5D
008B6A5F
008A695C
008D6B5E
008C6B5E
008E6D5F
008E6F61
008D6C5E
008C6B5E
008C6A60
008B6A5F
008B695C
0088675A
0088675A
0088675A
0086675A
00836757
00856457
00836152
007D5C4E
00826455
008D6E5C
008A6B5C
008D5F53
008D5F53
00926758
0095695A
008F6455
008F6455
008F6657
0092695C
00946B5B
00946B5B
0091685B
00916858
00936A5B
00936A5A
00956C5C
0092695A
00926959
00926859
0092685B
00916A5D
00946A5D
0096695F
00966C5E
0093695C
00936B60
00926B62
00926A60
008F6A5B
00916A5A
00946C5C
00946C59
00967161
00997363
009B7665
00987362
00987262
009A7464
009A7463
009C7666
009F7968
009F7B67
009E7867
009E7769
009D7A69
009D7768
009A7665
009D7668
00997668
009C7867
009C786A
009F786A
00A27B6C
009F7869
009C786C
009C786A
009C7567
009C7567
009C7865
009C7867
009D796A
009D766A
009A7365
00977363
00977366
00977466
00947163
00977163
00957164
00957264
00926F64
00926F64
00926F62
00936F64
00937062
00937063
00947163
00947166
00916F66
008F6F62
00927065
00937065
00937166
00916F66
008F6D64
008F6D62
00927063
00906E61
00916F61
00927065
00937165
00916F64
00917064
008C6B60
008A6961
0088685F
00866860
008A6B5E
0087695C
0088675D
008A6A5D
008D603E
0094623B
00946C56
008A695C
008C6B5E
008C6D60
008E6D5F
0088675A
008A695C
008C6B5E
008E6D5F
008E6C5F
008D6E61
008D6B5E
008C6A60
008B6A5F
0089675A
00866458
00836255
0086675A
0089675A
00836758
00806458
00806255
00836455
00836453
00836755
00886E5C
00875A4C
0085584A
0087584C
008D5C53
008C6155
008F6659
008C6457
008F665B
008C6159
008C6059
00896056
00896054
008B6058
008D645C
0090675E
008F665E
008C635E
008F635B
008C625D
008B655F
008E675F
008D645E
0090665E
008D665E
008D6560
008C6560
008C655F
008E6A5C
008B6657
008E6957
00906B5B
00936D5E
00957060
00987264
009B7567
009A7466
009A7469
00997668
009C766A
009C786A
009E7B69
009E7769
009E7769
009A7668
009A7668
009A7668
00997668
00967265
00997567
009C786A
009F7869
009F7A6C
009B776C
009C776C
009C776C
009C7869
009C7867
00997567
009C786A
009C786D
0099766A
009A7365
00977365
00977365
00977366
00947166
00947163
00926E61
00926F61
008F6C64
008F6C62
00926F62
00936F64
00937067
00937065
00946E66
008E6F66
008F7267
008F7065
00907065
00937468
0094746B
008F6F67
008D6B62
008D6B63
00906E63
00916F61
008F6D62
00927165
00937266
00947265
00927365
008D6C63
008E6C64
00896A62
00876960
00856960
0088675F
0085675B
0088675B
008F603D
0099653D
00946E56
008A695E
008C6B5C
008B6B5D
008E6C5F
00906E61
008D6B5E
008F6D60
008E6F62
00907164
008D6E61
008D6B5E
00896A5D
008C6A5D
0089675A
0089675A
00836556
00836558
0086675A
00866558
00836558
00806255
00836455
007B5F4E
00785F4C
007B5F4E
00855750
00855750
008A5A53
008C5C55
008A5F57
008A5E5B
008C635E
0089615B
008C605D
008C605F
0089605B
00885D5A
008B5D5C
008D625E
00906160
008F6360
008C6060
008C605F
008B6261
008B6461
008B6461
008D6660
00906662
008C6562
008C625F
008C645F
00916964
008E695E
008E6959
00906B5E
00906D5D
00926D5F
00956F62
00977264
00977164
009A7466
00997365
00997368
00997567
00987567
009B7466
00987466
009A7768
009A7668
009A7668
00997668
00997567
00967264
00997567
009C7769
009B7769
009B776C
009B776C
009B776C
009B7769
009B7769
00997867
00997869
0099756A
0099756A
0099756D
0096736A
00967365
00977365
00977365
00977366
00947166
00916E61
008F6C61
008F6C5F
008F6C62
00926F64
00936F67
00937065
00947165
00916E66
008F6F67
008F726A
0090736A
00917166
008E6F66
00927067
00906E65
008D6C63
008B6C61
008F6D5F
008F7062
008D6E63
00916F66
00917267
00927163
00906E63
00886C64
00896860
00876860
00846960
0085675E
0088675F
0083655B
00856558
008D5D3B
0097643D
00916C53
0087675C
0089685B
00896A5D
008D6C5F
008D6E61
008C6E60
008C6D60
008E6D5F
008B6F61
008D6C61
008D6B60
0089685D
0089675B
0086655A
00836558
00836558
00836556
00866558
00836556
00816556
007E6053
00816053
007E6251
007B5F4E
00785D4C
00875757
00875755
008A5A57
008A5C59
00875959
00895C5B
00895E5D
008C5E5D
008C5E5D
008E605F
008B605D
00885D5C
00885A5C
008A5F5E
008D5E5E
008C6060
008C5D5D
0089605F
008B625F
008D6461
008D6663
008D6562
008F6865
008C625F
008C625F
008E6961
008E695E
008D685B
008D685B
008F6A5D
008F6A5D
00926C5F
00946F61
00977163
00977466
00967365
00967365
00997567
00957264
00987266
00987769
009A7768
009A7668
009A7668
00997667
00967265
00967264
00997567
00987567
009B7466
009B7466
009B7769
009B776B
009B7769
009B7769
009B7769
009B7769
00987569
00997567
00997567
0096726A
0096756A
00967365
00977065
00947063
00947166
00947166
008E6E63
008F6C5E
008F6C61
008F6C5F
00926F62
00937067
00906D65
008E6B63
00916F66
008F6F67
00907067
008B7166
008B6F66
008C6D64
008D6E65
008E6C63
00896A62
00876B60
008A6B60
00906E63
008E6F66
008C7067
00907168
00906F61
008B6F64
00866B62
00846860
0084665E
0085675E
0085645C
0085675F
0085655D
0085655D
00875D42
00946238
008C6248
00846659
0086685B
0088685B
008B6C5F
008D6C63
008C6E63
008C6D62
008E6D62
008B6F61
008D6C61
008A695E
00876659
00866558
00836558
00816256
00816053
007E5D51
00816254
007E6254
007E6051
007E6054
007C5B4F
007B5D4F
007B604F
00795D4F
00825755
00845755
00875755
00875757
00845757
00875959
00895B59
00895B59
008B5E5D
008B5D5D
00885D5D
00885D5C
00885A5C
00875C5C
008A5E5E
00895E5B
00895D5B
00865D5A
00855F5C
008A6160
008D6360
008A6260
008C6562
008E6761
008E6661
008E695C
008D685B
008D6B5B
008C675D
008F6A5D
008F695C
00916E61
00946E63
00937165
00967365
00967065
00936F64
00957267
00957264
00957163
00977466
009A7668
009A7668
00997667
00967265
00967264
00967264
00987467
00987466
00987466
009B7466
00987469
00987469
00987469
00987466
00987466
00987466
00987466
00997567
00967267
00967267
0093726A
00937067
00947065
00947063
00916E63
00916E63
008C6961
008C6961
008F6C5F
008F6C5F
00906D64
00906D65
008D6B63
008B6961
008C6A62
008A6D65
008D6E65
008B6F66
00896D64
008A6B63
008E6E66
008C6D64
00876B62
00886C63
008B6F63
008E7269
008F7067
008D7168
008E7268
00917066
008C7064
00896E62
008A6E65
00876C61
00876961
00886961
008A6A63
00856761
0083675F
00856258
00896453
00896457
00896B60
00896A5D
0088675D
008A695F
008A6B63
008A6E62
00896D62
00896A5F
008B6A5F
0088675C
00856459
00826357
00816354
00816054
00816054
007E5D51
007C5B4F
007C5B4F
007C5B4F
007E5E51
007C5E51
007C5E51
007C5E51
0079604F
00765B4D
007F5252
00825455
00845754
00875757
00875959
00865959
00865954
00865856
0086585B
00885B5A
00885D5C
00885A5C
00855A5C
0085595E
00875B5B
00865D5B
00865D5D
00865C5A
00885E5E
008A605E
008A6060
0089625F
008C645F
00916963
008E665E
008D685B
008D685B
008C675A
0089645A
008C645C
008B695C
008E6B5E
00906E63
00906A65
00936D62
00926C62
008F6C5F
00926F64
00916E61
00916E60
00947365
009A7668
00997668
00997565
00997567
00967267
00957267
00987466
00987466
00987466
0098746B
009B746B
00987466
00987466
00987469
00987466
00987466
00987567
00997264
00967267
0096726A
0093706A
00937068
00947063
00947065
00947163
00916E63
008F6C64
008C6961
008C695F
008D6D5F
00906D62
008D6A62
008B6B63
008E6C64
008C6D64
008D6E65
008B6C63
008C6F67
008D7067
00907166
008E6D64
008C6B62
008A6C63
008B6D64
00896D64
008C7067
00907168
008B6F66
008C7067
008C7065
008A6E65
00856961
00856961
0085675F
0085655C
0085655F
0085675F
00856761
00856961
0085675E
0084645C
00876660
00896860
0086655B
0086625A
0085645C
0085665E
0084685E
00876B5B
0089685B
0086655A
0083645A
007F6155
007F5E52
007F5E51
007E5D51
007F5E51
0079584D
0079594D
0079594D
0079594D
00795B4F
007C5E52
00795E52
00796052
00795E4F
00775B4D
00845252
00845252
00845454
00845757
00875959
00865959
00865956
00865858
00865858
00885A5A
00885A5A
00885A5A
0085595C
0084595E
00875E5D
00865D5B
00865D5A
00885C5C
008A5B5C
008A605D
00875F5D
00895F5A
0088615C
008B635C
00906860
0090685D
008C655D
008C675D
008C665A
008B6659
008E685E
008D6B5D
00906A60
00936A65
00926C64
008F6C5F
008F6C5E
008E6E61
00916E60
00916E60
00947063
00967365
00997567
00967264
00967264
00957267
00957164
00957164
00957163
00957166
0098746B
00957169
00957163
00987166
00987466
00987466
00957164
00957264
00967264
0096726A
0096726A
00937067
00947065
00947063
00947166
00947169
008F6C64
008F6C64
008F6C64
008C6A62
008A6A5D
008D6A62
008D6A62
008B6863
008C6961
008A6A62
008B6961
008C6A61
008D6D65
008B6B65
008E6C64
008F6D65
008A6961
0086685F
00896B62
008A6B63
008B6C63
008B6D64
008C6E65
008A6E65
00886C63
00886A61
00856A61
0083675F
0083655D
0083635B
0080635A
007E605A
0080625A
0080625A
007F5F57
007F5F57
00816159
0086655D
0086655B
0088655C
0088675E
0087665C
0087685B
0086685B
00866858
00866558
0085675A
00826457
007F5E52
007F5E52
00816054
007F5E52
0079594D
0079594D
0079594D
007A594D
007A5B4D
007A5E4F
007A5E52
007A6152
00775B4D
00745B4D
00825252
00845252
00845555
00845757
00845759
00845757
00845656
00865958
00865858
00865858
00855858
00855A57
00855959
0082595B
0084585B
00835A5A
00835A5A
00885C5A
00875B59
00875D59
00895F58
008C645A
0088615A
008B665C
008D655E
008D6860
0089655D
0089645C
008C665C
008E665C
008E685E
008D685D
008D675D
008D675F
00926964
008F6C61
008F6C61
008E6B61
00916B5E
00916D60
00906D62
00967365
00967265
00967264
00967264
00956F64
00957166
00957164
00926E64
00926E63
00957166
00957163
00926E63
00957169
00957169
00987466
00957264
00967267
0096726A
0096726A
0096736A
00937068
00947068
00917163
00917163
00926E66
008F6C64
008C6961
008C6A62
008D6D65
008D6A62
008A6860
00886860
0085665E
0089675F
008A6860
008B6661
00896A62
008A6B63
008B6C64
008F6D67
008D6C65
008B6A62
008A6B62
008D6C65
008B6C64
008B6B62
008A6B63
008D6E65
008B6D66
00866B62
00866A62
0083665D
0081655D
0081635B
007E635B
007E635B
0080635A
007E6058
007D6058
007F5F57
007F5E54
007E5E56
0083635B
0085655A
0085645C
0085645C
00846459
00876659
00846356
00866558
00836258
0083625A
00826157
007F5E52
007C5B50
007C5B4F
007C594F
0077564B
0077594D
0077594B
0077574B
0077594D
00775C4D
00775E50
007A6152
00775E4D
00775E50
00825053
00855253
00855253
00825555
00845757
00825454
00845757
00865959
00845656
00865858
00865858
00855858
00805A5A
00855959
00845656
00815556
00805A58
00835A57
00855B54
00875D51
008C6558
008C675D
008B675F
008B665E
008D6660
008D6560
008A655D
0089645C
008C665F
008B695C
008B685B
008D6A5D
00906A60
008F675F
008F6661
008F6961
008C6961
008E6B61
00916B60
00916D60
00907062
00937062
00967264
00967264
00967264
00956F64
00926E64
00956E66
00957164
00926E63
00926E61
00926E61
00926E63
00957169
00957169
00957264
00967264
00967267
0096726A
00967267
00937068
00947068
00917068
008E6E63
008E6B61
008F6F64
008F6C64
0089675F
008A675F
008A6760
008D6A62
008A6860
0088655E
0086635C
0087655D
008B665E
00896762
00876860
00886C63
008F6D64
00906E65
008E6C66
008C6B62
008A6C63
008B6D64
008C6D64
008A6B63
008A6A61
008B6A62
00896B62
00876B62
00846960
0081665E
007F645B
007F635B
0081655D
007C6059
007B605B
007B6058
007D5F58
007F5F59
00816059
00816058
00806058
0083625A
0085645A
00856459
00826157
00816154
00816356
00836358
00836258
00805F55
00805F55
007D5C50
007A5C50
007A594D
007A5950
007A5C50
007A594E
0077574B
0077594E
00775C4E
00755C4E
00755C4E
00775F4B
00755C4E
00755C4E
00825353
00855353
00825555
00825555
00825555
00825555
00825457
0084575B
00845656
00845656
00835658
00865858
00835755
00855757
00845659
00845656
00815856
00865C55
00885E55
00876356
0089655B
008C675D
008B675F
008B635E
008B635E
008A6560
008A655D
0089615A
0089645C
0088665C
008B685E
008D6A60
008D6A60
008D6A5F
008F6661
008F6961
008F695E
008E685E
00916B5E
00916A60
00906D62
00937062
00936F62
00936F62
00966F64
00956F67
00956E66
00926E66
00957164
00926E61
00926E61
008F6B5E
00926E61
00926E64
00926F64
00926F61
00967264
0096726A
0096726A
00937067
00937065
00947068
00947168
008E6E63
008C695E
008F6C61
008C6962
008A675F
008A6762
008A6860
008A6860
00886860
0085665E
0083645C
00876860
0088665E
0087675F
00856960
0086675F
008C6D65
00906E66
008E6F66
008D6B63
00886C64
00896D64
008A6E65
008A6C63
008B6A62
008C6B60
00876960
0085655E
00846960
0082665E
007F645C
007F635B
0081665D
007E635B
007E605A
007B5D5A
007A5F57
007C5E57
00816058
007E5D56
00806058
0082645C
0085645C
00846459
00826157
00846357
00866359
00836358
00836258
00805F56
00805F53
007A5C4E
0077574B
0075574B
0077594E
00775A4E
00755A4B
00725749
0075574C
00755A4C
00755C4E
00785C4C
00755C4C
00725A4C
00725A49
00805353
00805353
00805353
00835655
00805355
00825557
007F5257
007F5557
00815454
00845656
00845656
00835656
00835555
00825557
00855957
00845954
0081584F
00865F53
00886457
00876357
008A655B
0089625A
0089645A
0088615C
0088635E
0084625B
0087625B
0089645A
00866157
00886359
008B655E
008A6860
008A675D
008D6A5D
008C6961
008C695F
008F695E
008E685E
00916B5E
00916D60
00906D62
00906D62
00906C62
00936F64
00926F64
00956F67
00956F66
00926E64
00926E64
00926E64
00926E61
008F6B61
008F6C5E
008F6C61
00927264
00936F61
00936F62
00936F64
00937067
00937062
00916D63
008E6B63
008E6B63
008C6B63
0089665F
0089695F
0089675F
008A6762
008D6A62
008A6860
008B6860
00886861
0082635C
0080615A
0084655E
0083645C
00846860
00856961
0086685F
008A6B63
008E6F66
008F7067
008D6E65
00896A64
008A6E65
008A6E65
00815E50
0077513D
00805846
00886558
0094756C
0082675F
0082675E
007F645C
007C6159
007E635B
007E635D
007E6058
007D605A
007D5F59
007C5E57
007B5B56
007B5B53
007B5D58
007D5F57
007F6159
007F5F57
007F5E54
00816154
00816054
00816054
007E5D51
007E5D51
007D5D53
00755A4C
00755549
00725549
00755549
00725749
00725A4C
00705749
00705547
00705749
00735A4C
00755D4C
00755A4C
00705747
006D5547
007E5151
007E5151
007E5151
00805351
007D5156
00805358
007D5055
007F5257
00825555
007F5252
00815454
00815354
00835556
00805553
00825750
0082594D
00815D4F
00866253
00886457
00886159
00876359
00866258
00866158
00855E59
00886059
0084635B
00816258
00836158
00865E57
00886059
0088635B
008A6560
0087645A
008A675D
0089665C
008C695C
008C695E
008E685E
008E685E
008E6A5D
00906D62
00906D65
00906C62
00936F64
008F6C64
00926F67
00926C64
008F6C64
00926E61
008F6B61
008F6C64
008F6C64
008F6C5E
008F6C61
00936F61
00936F62
00906C5F
00906D62
00937065
00906D62
00916D63
008E6B63
008E6B63
008C6961
0089665F
00896A5F
008A675F
008A6760
0087655D
0088655E
0088665E
0085665E
0086635C
0084625A
0082635B
0083645C
00846860
0083675F
00876862
00886961
008B6D64
008C6E65
008B6C63
00866B62
00876C63
00886F66
007C5541
00784A2C
0078564D
00806563
00885E4D
0085655A
0082675E
007F645C
007F635B
007E635B
007E635A
007B6058
007A5F57
007A5C55
00795B54
00785851
00755851
00785D55
007A5F57
007F5F57
007F5E57
007C5C52
007C5E52
007C5E52
007C5B4F
007B5B4F
007B5B4F
00785D51
00755A4E
00735749
0073574C
0073574C
0073584C
00735A4C
00735A4C
00735A4C
0070584A
00735A4C
00735A4A
00735A4C
0070584A
006D5547
007B4C52
007B4F4F
007E5152
007E5151
007E5156
007E5156
007D5055
00805357
007F5255
007F5252
00815454
00815456
00835653
007D534E
00855C50
00845E52
00846054
00866256
00886457
00886159
00876359
00866558
00866458
0085615A
0085605C
0084635B
0084625B
00866158
0089645A
0088605C
0088605B
008A625D
0087645A
008A675D
0089665C
008C695F
0089665C
008E6861
008E685E
008E6A5D
008D6A62
00937067
00936F67
00906C64
008F6C64
008F6C64
008F6C61
008F6C64
008F6C64
008F6C61
008F6C64
008F6C64
008C6961
008F6C5F
00906C5F
00906C5F
00906D5F
00906D62
00906D65
00916D65
008E6B63
008E6B63
008F6C64
0089665F
0089675C
008A6A5F
008A6760
00876860
0085655E
0088635B
0085665C
0083635C
0080615C
0084655D
0085635C
0084655D
007F635B
0080645D
00846860
00856761
00866862
00876960
00866A61
00846862
00886C63
00866861
007C5A4E
007D5D46
00785249
007B5252
00794E4B
0080625A
0082645C
007C6159
007C6157
007C6058
007B6058
00785B53
00775A53
00745750
0076564F
0073554E
0070554E
00775C55
007C5C55
007F5E57
007F5E54
007F5C54
007C5B54
0079594F
007C5B4F
007B5B51
00765B4F
00735B4C
00735A4C
0070584A
0070584A
0070584A
0073584C
00735A4C
0070584A
00735A4C
0070584A
00735A4C
0070584A
00735A4C
006E584A
006E554A
007C4F52
007E4F52
00814F54
007E5254
007B4F54
007E5156
00805358
00805355
00805355
007F5255
00825754
0081564D
007E534D
00835A51
00856153
00876157
00876356
00836056
00866257
0088615C
0087635B
0087655B
0086645A
0086645A
0085635C
0085635B
0087625B
0086645A
0089645C
0088635C
0088635B
008A625D
0087655D
008A675F
0089675F
0089665C
0089665E
008B685E
008B6860
008E6B63
008D6A62
00906D65
00906D65
00906C64
008C6961
008F6C64
008F6C64
008F6C64
008F6C64
008F6C64
008F6C64
008F6C61
008C6961
00906C62
00906C5F
00906D5F
00906D62
00906A60
00916D65
008E6B65
008E6B63
008F6B63
008C6961
0089695F
008D6A5F
008A6760
008A6860
0088655E
0085665E
0088635C
0086665C
0083645C
007E615D
007E625B
00836159
0081625B
007D6159
007E625A
0082635E
0080655C
0081665D
0082645E
0083655F
00846960
00886C63
00977B71
00816862
00786058
007B4F40
007E4E41
008A6554
0085675C
0082645C
007F6159
0081635B
007E6058
007B5D56
00785A53
00775750
0074574F
0073534D
0072524C
006D5249
0074574E
00795952
007C5C57
007C5B54
00795B52
00795952
00795952
0076564D
0073564F
0071584F
0071584C
0070584A
0070584A
006E5547
0070584A
0070554A
0070584A
0070584A
00735B4C
00735B4C
0070584A
006E5548
0070584A
006B5548
006B5648
007C4D4E
007C4D50
007C5054
007C4F54
00794D52
00794C52
007E4F54
00805353
00805355
007F5253
007C5249
007F5449
00845B4F
00886056
00855F57
00856159
00846059
00845D56
00835F58
00855E57
00845E59
00846258
00836258
00866157
0085635C
0085635B
0084625B
0086625A
0086615C
0088615C
0088635B
0088625B
0087655D
008A675F
0089675F
008C695F
008C695E
008B6861
008B6B63
008E6B63
00916D65
00906D65
008D6A62
008D6A62
008D6962
00906C64
008F6C64
008F6C64
008F6C64
008F6C64
00906C64
00906C62
008D6962
00906C64
00906D65
00906D62
00906D62
00916D63
008E6E63
008B6B63
008E6B63
00896661
0089665F
0087675D
008A675D
008A6860
0088655E
0088665E
0085635C
0086635C
0086645C
0080645D
007E625D
007F635B
007D5E5A
007E625B
0080645C
0081655D
0082665E
0080645C
0081665D
0082645E
00836861
00826660
00886961
00A98E82
009F857A
00896D67
00917065
00917065
0096776B
00896962
0081645B
0081635B
0080635A
0080625A
007D5D55
007A5A52
00745750
0073564F
00755851
0075554E
0072544D
00745650
0077564F
0077564F
0074564F
0074544D
0076564F
0076564F
0076564F
0071534D
0071564F
006E5348
006E5348
006E554A
0073584C
0073554A
0073584A
0073584A
006E5648
0070584A
00735B4C
0071584A
006E5648
006E5648
006E5648
006B5345
007A4B4C
007C4D4E
007C4D52
007C5054
00794D52
00794A52
007B4C51
007E5151
00805351
007D534C
0082574E
00875E52
00866056
00835D58
00835D58
00855E59
00845E59
00815B56
00835C58
00825C57
00825B56
00816058
00836258
00835E55
00826159
00826059
0084625B
0087625A
0086615A
0089615C
0088605B
0088605B
0087625B
008A675F
0089645D
0089665F
008C695E
008C695E
008B6861
008B6860
008E6B63
008D6A62
008A6760
008A675F
008A6762
008D6962
008D6962
008D6962
008D695F
008D695F
008D695F
008D6A5C
008D6A5D
008A675F
008D6A62
008D6A62
008E6A63
008E6B63
008E6B63
008E6B63
008C6961
0089665F
0086675F
008A675F
008A6860
00886860
0088655E
0085635C
0086665E
0086645F
0083645D
007E625A
007E625B
007F605B
007D615A
007F635B
0080615C
007E625D
007F635B
0080645C
007E635D
007F615E
00836561
00846562
0082645E
0082625C
00836761
007C615B
007C615B
007F6159
007F6159
00816159
0081635B
007E625A
007D625A
007F6159
007C5C54
00795B54
00795D56
00755A53
00725550
00745750
0071544D
0074544D
0071514A
0074534D
00745851
0074564F
0074564F
0071534D
0071514A
006E534A
006E564D
006E534A
006B5145
006B5045
006E5348
00715048
00715348
00715348
00715348
006E5348
006E5648
00715648
0071584A
0071584C
006E5648
006E5648
007A4B4C
007C4B4E
007C4E50
007A4D52
00774B50
007C484D
007E4D4D
007E514F
0080564F
00855D51
00855F53
00846157
00845E59
00835D58
00835D58
00855F59
00825B56
00815D56
00805A55
00825C57
00825E56
00815D56
00815F58
00805E55
00856157
00856059
00875F5B
0087625D
0086615A
0086615C
0088635C
0088655E
0087655D
008A6760
008A675F
0089665F
0089665F
0089665E
0088665E
008B685E
008B6860
008B6760
008A6760
008A675F
008A675F
008D6A5F
008D6962
008D695F
008D695F
008D6A5C
00906D5F
008D6A5F
008D6A5D
008A6760
008D6A62
008E6A63
008E6B63
008B6860
008E6B63
008C6961
00896961
0086675F
0087645D
0087655D
0085655D
0082635B
0082635C
0086635C
0086645C
0086675F
0081625A
007E625B
007F6058
007C605B
007B5F57
007C6058
007D6159
007E5F5A
007C6059
007D615A
007B605A
007F615B
0080625E
00836561
00816360
00826460
007B5D58
00785D56
007E605A
007E635B
007E6058
007B605A
007D625C
007D5F5C
007A5C59
00775954
00765B54
00765B53
00755A53
00755A52
00725750
0071544D
0071534D
0071534D
006E5148
0071534C
0071564F
0071534D
0071534D
006E514A
006E5148
006E5148
0071534D
006B514A
006E534C
006B5148
006B5148
006E5348
00715348
00735348
00715348
00715348
00715648
00715648
0071564A
0071584D
0071584A
006E5648
007A4B50
007F4B50
007C4B53
007A4B50
007A4B4E
0079484B
00794A46
007E5448
00855D53
00825D53
00825C53
00825C54
00815B56
00835D58
00835D58
00825C57
00825B54
00845D58
00835C58
00805955
00825B56
00845D58
00835F58
00835F57
00856159
0088605B
00845D58
0089625D
00836157
00835E59
0085635C
0088655E
0087625B
0087655D
0087645D
0089675F
0089665F
0089665E
0088665E
0088655E
00886860
0088655D
008A6760
008A6760
008A675F
008A675F
008A675F
008D6A5F
008D6A5F
008A675A
008A6A5D
008D6A60
008A675D
008A675D
008E6A63
008E6B63
008E6B63
008B6861
008B6961
0089665E
0089665F
0087645D
0084645D
0081625B
0082605B
0082635B
00836059
0083645C
0083645C
0084645D
0081625A
007E5F58
007C5D56
007D6159
007B5F58
007C6058
007D6159
007E625A
007C6059
007D6159
00785D58
007C605B
007F615E
0080625E
0081635F
007E615D
007A5C59
007A5F5A
007A5F58
007D625A
007D5F58
007A5F57
007C5F5B
007C5E5B
00795B58
00765854
00765A53
00785C55
00775C55
00775C54
0074564F
00735851
0070554F
006E534C
006B4E47
006E534C
006E534C
0071564F
0071534C
006E514C
006B4E48
0073534A
0071534C
006E534C
006E534C
006E534A
006E534A
0071564D
0071564D
00715348
00715348
00715348
00735648
0073564A
0071584A
006E5348
006E5648
006E5648
007A4B50
007D4B53
007D4B50
007D4E50
00774B49
00774B45
00794F44
007E594D
00805B4F
00805D51
007D5A50
007F5952
007E5954
00815B56
00805A55
007F5955
007F5954
00815B56
00835C55
00805955
00825B56
00815A56
00815C55
00805F57
00825E57
00825D56
00846058
0084625A
00835F57
0083615A
0085605C
0085635B
0085625B
0087655D
0087645D
0086645C
0089665F
0086635C
0089665E
0088655E
0088655E
0088655D
008B6860
008A6760
008A645D
008A675D
008A675F
008A675F
008A675F
008D6A60
008A6760
008D6A60
008B675D
008B655D
008E6860
008B6860
008B6860
008B6861
0089665E
0089665F
0086615A
0084615A
0084655D
0085625B
0085635B
00826059
00836159
0080615A
007E5F57
007E625A
007B5F58
007C6058
007C5D56
007D5E57
007B5F58
00795D56
007A5E57
00785C55
00795D56
007A5C54
007A5C57
007B605A
00795E59
007D5F5C
007D5F5C
007B5D58
007C5E58
007C5E5B
007A5C57
007A5C57
007A5C57
00795E57
007C5E59
00795B58
00785B58
00755855
00755A55
00775A55
00745952
00745952
0074564F
0071564F
0070554F
006E534C
006E534C
006E504A
0070554F
006E534C
0071534C
0071534C
006B514A
0073534D
0071514A
0071534D
006E514D
006E534D
006E534D
006E534D
006E534D
006E5348
006E5348
006E5348
0071564A
00715648
006E5648
006E5648
00715348
00715648
007A4B50
007D4B4E
007D4B4E
007A4E4A
00774B43
00795247
007C544B
007B564B
007B584D
00805A53
007D5A50
007F5952
007E5954
00815B56
00805A55
007F5955
007F5B54
007E5853
00805C53
00825C55
00825B56
00815A56
00815A55
00805C55
00805E57
007F5D56
00816058
0084625A
00835F57
00835E5A
0085605C
0085635B
0085625B
0087655D
0087645D
0086645C
0086645C
0089665F
0089665E
0085635B
0085625B
0085625B
0088655D
0087655D
0087645D
008A675D
008A6760
008A6760
008A6760
008A675D
008A6760
008B6860
0088655D
0088655E
008B6560
008B685E
0088665B
0089665C
0089665C
0086645C
0084615A
0081625A
0081625B
0082625B
00826059
00805E57
0083615A
0083615A
0081625A
007E625A
007C5D56
007C5D56
00795B54
00775952
00785C55
00765854
00745952
00755A53
00735853
00795E56
007A5F57
00785D55
007B6058
007C605B
007D5F59
007A5D57
007B5D58
00795B58
007B5E58
00795B56
00765B56
00795E56
00765B53
00785A58
00785A5A
00755A55
00755A55
00745952
00745652
00745952
0071534D
006E534C
0070554F
0070534C
006E534C
006B504A
006B504A
006E534C
006E564C
006E534F
006E514A
0071514A
0071514A
0071534D
006E534D
006E534D
006B514A
006E514D
006B514A
006B514A
006E5148
006B4E48
006E5348
0071584A
006E5648
00715348
0073534A
00715348
007A4950
007A4B4C
00784B48
00774E45
007C554C
007C554B
007C5450
007B564F
007B564F
007B5851
007A5750
007A5450
007C5652
00815B56
00805A55
007F5955
007F5954
007E5851
00805C53
00825E55
00825B56
00845D58
00815A55
00805C57
00825E57
00826059
00816056
00845C58
00815F58
00835E5A
00836059
0085635B
0085625B
0087655D
008A675F
008A675F
0089665F
0086635C
0086635C
0085635C
00856059
00856258
00856258
00856258
0087655D
0087645A
0087675A
008A675D
008A645D
008A655D
008B655D
008B655D
0088655E
0088625B
0088625B
00886559
00886659
00896659
00866359
00836157
00846158
00815F58
007F5D56
00826059
007F5D56
00805E57
00805E57
00815F57
007E5F58
007E5F58
007C5D53
00795B54
007C5B54
007D5C55
007B5C55
007C5D56
007A5B57
00785C55
00785D55
00765B54
00775952
007A5F57
007B5F58
007B6058
00795E59
007A5C59
007A5F59
007A5C57
007A5D57
00755855
00755855
00785A55
00785D55
00755A55
00755755
00745754
00745752
00745952
0071564F
0071564F
006E534C
006E534C
006E534C
0070534C
006E504A
006B4E48
00694E48
006B514A
006E534D
00694E48
006E514A
006E514A
006E4E48
006E514A
006B514A
006B514A
006B514D
006E534D
00694E48
00694E48
006E514A
006B4E48
006E5148
0071564A
006E5346
006E5346
006E5348
006E5146
